ISO-10303-21;
HEADER;
FILE_DESCRIPTION (( 'STEP AP214' ),
    '1' );
FILE_NAME ('EVP-BB1AAB000.STEP',
    '2024-02-26T00:43:37',
    ( '' ),
    ( '' ),
    'SwSTEP 2.0',
    'SolidWorks 2021',
    '' );
FILE_SCHEMA (( 'AUTOMOTIVE_DESIGN' ));
ENDSEC;

DATA;
#1 = CARTESIAN_POINT ( 'NONE',  ( -0.6625000000000000888, 0.000000000000000000, 0.7849999999999999201 ) ) ;
#2 = DIRECTION ( 'NONE',  ( -1.000000000000000000, -0.000000000000000000, -0.000000000000000000 ) ) ;
#3 = EDGE_CURVE ( 'NONE', #3718, #3226, #1972, .T. ) ;
#4 = ORIENTED_EDGE ( 'NONE', *, *, #4252, .T. ) ;
#5 = DIRECTION ( 'NONE',  ( -1.000000000000000000, 0.000000000000000000, 6.195440985631456303E-16 ) ) ;
#6 = FACE_OUTER_BOUND ( 'NONE', #471, .T. ) ;
#7 = ORIENTED_EDGE ( 'NONE', *, *, #6303, .F. ) ;
#8 = DIRECTION ( 'NONE',  ( 1.000000000000000000, 0.000000000000000000, -2.562659680420284750E-15 ) ) ;
#9 = ORIENTED_EDGE ( 'NONE', *, *, #5519, .T. ) ;
#10 = FACE_OUTER_BOUND ( 'NONE', #3144, .T. ) ;
#11 = CARTESIAN_POINT ( 'NONE',  ( -0.2125000000000000222, 2.489731222669117727, 0.1575000000000000011 ) ) ;
#12 = EDGE_CURVE ( 'NONE', #2527, #3083, #5675, .T. ) ;
#13 = VERTEX_POINT ( 'NONE', #5582 ) ;
#14 = DIRECTION ( 'NONE',  ( -0.7071067811865473507, 0.000000000000000000, 0.7071067811865477948 ) ) ;
#15 = EDGE_CURVE ( 'NONE', #5004, #2585, #3228, .T. ) ;
#16 = CARTESIAN_POINT ( 'NONE',  ( -1.149999999999999689, -0.4699747468305839893, -0.2000000000000000389 ) ) ;
#17 = PRODUCT_DEFINITION ( 'UNKNOWN', '', #6535, #6415 ) ;
#18 = DIRECTION ( 'NONE',  ( 0.000000000000000000, 0.000000000000000000, 1.000000000000000000 ) ) ;
#19 = ORIENTED_EDGE ( 'NONE', *, *, #6303, .T. ) ;
#20 = CARTESIAN_POINT ( 'NONE',  ( 0.7889616633844763749, 0.3500000000000000333, -0.5689656325201035703 ) ) ;
#21 = LINE ( 'NONE', #4186, #3466 ) ;
#22 = ORIENTED_EDGE ( 'NONE', *, *, #5550, .F. ) ;
#23 = CARTESIAN_POINT ( 'NONE',  ( -1.157057759178160783, 0.3250000000000000111, 0.5496352209124993893 ) ) ;
#24 = LINE ( 'NONE', #3586, #6781 ) ;
#25 = EDGE_CURVE ( 'NONE', #66, #934, #6648, .T. ) ;
#26 = DIRECTION ( 'NONE',  ( 0.000000000000000000, 1.000000000000000000, 0.000000000000000000 ) ) ;
#27 = LINE ( 'NONE', #4895, #3307 ) ;
#28 = EDGE_LOOP ( 'NONE', ( #4835, #2640, #4010, #5667, #437, #4774, #4449, #6567 ) ) ;
#29 = VERTEX_POINT ( 'NONE', #1125 ) ;
#30 = CARTESIAN_POINT ( 'NONE',  ( 0.8427657606103799992, 0.3499999999999999778, -0.7749999999999996891 ) ) ;
#31 = VERTEX_POINT ( 'NONE', #1627 ) ;
#32 = CARTESIAN_POINT ( 'NONE',  ( -0.1738536163239003396, 0.5149999999999999023, 0.4354682067959153580 ) ) ;
#33 = EDGE_CURVE ( 'NONE', #1536, #3607, #4191, .T. ) ;
#34 = VECTOR ( 'NONE', #1672, 1000.000000000000000 ) ;
#35 = CARTESIAN_POINT ( 'NONE',  ( -0.3250000000000000111, 0.02499999999999984873, -0.5299999999999999156 ) ) ;
#36 = EDGE_CURVE ( 'NONE', #5637, #5984, #2364, .T. ) ;
#37 = DIRECTION ( 'NONE',  ( 1.000000000000000000, 0.000000000000000000, 0.000000000000000000 ) ) ;
#38 = ORIENTED_EDGE ( 'NONE', *, *, #3077, .T. ) ;
#39 = CARTESIAN_POINT ( 'NONE',  ( 0.04250000000000012101, 0.02499999999999984873, -0.5699999999999998401 ) ) ;
#40 = CARTESIAN_POINT ( 'NONE',  ( -0.5913366676085289875, 0.02499999999999984873, -0.6147448925490746063 ) ) ;
#41 = DIRECTION ( 'NONE',  ( -0.7071067811865483499, 0.000000000000000000, 0.7071067811865467956 ) ) ;
#42 = VECTOR ( 'NONE', #3063, 1000.000000000000000 ) ;
#43 = AXIS2_PLACEMENT_3D ( 'NONE', #557, #3176, #2081 ) ;
#44 = DIRECTION ( 'NONE',  ( 0.000000000000000000, -1.000000000000000000, 0.000000000000000000 ) ) ;
#45 = ORIENTED_EDGE ( 'NONE', *, *, #6327, .F. ) ;
#46 = CARTESIAN_POINT ( 'NONE',  ( -1.234999999999999654, 0.02500000000000000139, -0.7349999999999997646 ) ) ;
#47 = AXIS2_PLACEMENT_3D ( 'NONE', #5320, #4148, #4726 ) ;
#48 = CARTESIAN_POINT ( 'NONE',  ( -0.6625000000000000888, 0.000000000000000000, 0.7849999999999999201 ) ) ;
#49 = ORIENTED_EDGE ( 'NONE', *, *, #5617, .T. ) ;
#50 = ORIENTED_EDGE ( 'NONE', *, *, #4399, .F. ) ;
#51 = MANIFOLD_SOLID_BREP ( 'Mirror2[2]', #627 ) ;
#52 = CIRCLE ( 'NONE', #2687, 0.06499999999999994671 ) ;
#53 = CARTESIAN_POINT ( 'NONE',  ( 0.000000000000000000, 0.5954479298831145684, 0.000000000000000000 ) ) ;
#54 = EDGE_CURVE ( 'NONE', #3880, #3037, #5558, .T. ) ;
#55 = LINE ( 'NONE', #2246, #496 ) ;
#56 = DIRECTION ( 'NONE',  ( -1.000000000000000000, 0.000000000000000000, -2.562659680420284750E-15 ) ) ;
#57 = EDGE_LOOP ( 'NONE', ( #4623, #6082, #2561, #3411 ) ) ;
#58 = CARTESIAN_POINT ( 'NONE',  ( 0.1738536163239005894, 0.5149999999999999023, -0.4354682067959151914 ) ) ;
#59 = EDGE_CURVE ( 'NONE', #2155, #1410, #5805, .T. ) ;
#60 = VERTEX_POINT ( 'NONE', #3724 ) ;
#61 = CARTESIAN_POINT ( 'NONE',  ( 0.000000000000000000, 0.5149999999999999023, 0.000000000000000000 ) ) ;
#62 = LINE ( 'NONE', #215, #158 ) ;
#63 = VECTOR ( 'NONE', #6797, 1000.000000000000000 ) ;
#64 = SURFACE_STYLE_FILL_AREA ( #2672 ) ;
#65 = LINE ( 'NONE', #553, #5068 ) ;
#66 = VERTEX_POINT ( 'NONE', #4813 ) ;
#67 = EDGE_LOOP ( 'NONE', ( #4658, #5228, #3458, #3193 ) ) ;
#68 = DIRECTION ( 'NONE',  ( -0.000000000000000000, -1.000000000000000000, -0.000000000000000000 ) ) ;
#69 = AXIS2_PLACEMENT_3D ( 'NONE', #6187, #2014, #6260 ) ;
#70 = ORIENTED_EDGE ( 'NONE', *, *, #4183, .F. ) ;
#71 = DIRECTION ( 'NONE',  ( 0.000000000000000000, 1.000000000000000000, -0.000000000000000000 ) ) ;
#72 = VECTOR ( 'NONE', #2312, 1000.000000000000000 ) ;
#73 = EDGE_CURVE ( 'NONE', #3395, #1666, #186, .T. ) ;
#74 = AXIS2_PLACEMENT_3D ( 'NONE', #2411, #1325, #1848 ) ;
#75 = CARTESIAN_POINT ( 'NONE',  ( 0.4086633323914709570, 0.000000000000000000, 0.6147448925490746063 ) ) ;
#76 = AXIS2_PLACEMENT_3D ( 'NONE', #2969, #4554, #1448 ) ;
#77 = DIRECTION ( 'NONE',  ( 0.000000000000000000, 0.000000000000000000, 1.000000000000000000 ) ) ;
#78 = ORIENTED_EDGE ( 'NONE', *, *, #6338, .F. ) ;
#79 = MANIFOLD_SOLID_BREP ( 'Loft1', #4430 ) ;
#80 = CARTESIAN_POINT ( 'NONE',  ( 1.149999999999999689, 0.07499999999999999722, 0.2000000000000000389 ) ) ;
#81 = CARTESIAN_POINT ( 'NONE',  ( 0.6750000000000000444, 0.000000000000000000, -0.5299999999999999156 ) ) ;
#82 = VECTOR ( 'NONE', #1823, 1000.000000000000000 ) ;
#83 = CARTESIAN_POINT ( 'NONE',  ( 0.1175000000000002293, 2.489731222669117727, 0.4299999999999996603 ) ) ;
#84 = FACE_BOUND ( 'NONE', #1597, .T. ) ;
#85 = EDGE_CURVE ( 'NONE', #5745, #2221, #469, .T. ) ;
#86 = DIRECTION ( 'NONE',  ( 0.000000000000000000, 1.000000000000000000, 0.000000000000000000 ) ) ;
#87 = VERTEX_POINT ( 'NONE', #3217 ) ;
#88 = AXIS2_PLACEMENT_3D ( 'NONE', #2000, #6795, #5697 ) ;
#89 = ORIENTED_EDGE ( 'NONE', *, *, #2034, .T. ) ;
#90 = ORIENTED_EDGE ( 'NONE', *, *, #3421, .T. ) ;
#91 = DIRECTION ( 'NONE',  ( -8.778964959396797376E-17, 0.000000000000000000, 1.000000000000000000 ) ) ;
#92 = VERTEX_POINT ( 'NONE', #657 ) ;
#93 = EDGE_CURVE ( 'NONE', #3138, #1616, #2550, .T. ) ;
#94 = ADVANCED_FACE ( 'NONE', ( #1704 ), #973, .T. ) ;
#95 = DIRECTION ( 'NONE',  ( -1.000000000000000000, 0.000000000000000000, -8.778964959396797376E-17 ) ) ;
#96 = UNCERTAINTY_MEASURE_WITH_UNIT (LENGTH_MEASURE( 1.000000000000000082E-05 ), #5420, 'distance_accuracy_value', 'NONE');
#97 = CARTESIAN_POINT ( 'NONE',  ( 0.2402395371030253968, 0.5149999999999999023, 0.4033170028571940735 ) ) ;
#98 = EDGE_CURVE ( 'NONE', #6069, #4501, #4313, .T. ) ;
#99 = VERTEX_POINT ( 'NONE', #1135 ) ;
#100 = CARTESIAN_POINT ( 'NONE',  ( -0.1174999999999998407, 0.02499999999999984873, -0.4949999999999997735 ) ) ;
#101 = DIRECTION ( 'NONE',  ( -1.239088197126289486E-15, 0.000000000000000000, -1.000000000000000000 ) ) ;
#102 = DIRECTION ( 'NONE',  ( 0.000000000000000000, 1.000000000000000000, 0.000000000000000000 ) ) ;
#103 = ADVANCED_FACE ( 'NONE', ( #5339 ), #1201, .T. ) ;
#104 = ORIENTED_EDGE ( 'NONE', *, *, #1365, .T. ) ;
#105 = DIRECTION ( 'NONE',  ( 1.000000000000000000, 0.000000000000000000, 1.224646799147353207E-16 ) ) ;
#106 = ORIENTED_EDGE ( 'NONE', *, *, #4511, .F. ) ;
#107 = DIRECTION ( 'NONE',  ( 0.5807029557109358864, 0.000000000000000000, 0.8141155183563220099 ) ) ;
#108 = CARTESIAN_POINT ( 'NONE',  ( -0.9500000000000001776, 0.02499999999999984873, -0.6599999999999998090 ) ) ;
#109 = EDGE_CURVE ( 'NONE', #2265, #6482, #1474, .T. ) ;
#110 = DIRECTION ( 'NONE',  ( 0.000000000000000000, 0.000000000000000000, 1.000000000000000000 ) ) ;
#111 = CARTESIAN_POINT ( 'NONE',  ( 1.149999999999999467, 0.02499999999999999792, 0.5499999999999999334 ) ) ;
#112 = DIRECTION ( 'NONE',  ( 0.000000000000000000, 0.000000000000000000, 1.000000000000000000 ) ) ;
#113 = VERTEX_POINT ( 'NONE', #6364 ) ;
#114 = MANIFOLD_SOLID_BREP ( 'Mirror1[1]', #6769 ) ;
#115 = LINE ( 'NONE', #3117, #4060 ) ;
#116 = ADVANCED_FACE ( 'NONE', ( #2874 ), #5536, .T. ) ;
#117 = CARTESIAN_POINT ( 'NONE',  ( -1.064999999999999503, 0.2250000000000000056, 0.5649999999999995026 ) ) ;
#118 = DIRECTION ( 'NONE',  ( 0.000000000000000000, 0.000000000000000000, -1.000000000000000000 ) ) ;
#119 = EDGE_CURVE ( 'NONE', #2615, #4810, #4974, .T. ) ;
#120 = ORIENTED_EDGE ( 'NONE', *, *, #2186, .T. ) ;
#121 = CARTESIAN_POINT ( 'NONE',  ( 1.278301270189221350, 0.02499999999999999792, 0.7349999999999997646 ) ) ;
#122 = DIRECTION ( 'NONE',  ( 0.000000000000000000, -1.000000000000000000, 0.000000000000000000 ) ) ;
#123 = ORIENTED_EDGE ( 'NONE', *, *, #4621, .F. ) ;
#124 = FILL_AREA_STYLE ('',( #3192 ) ) ;
#125 = EDGE_CURVE ( 'NONE', #4235, #3992, #3316, .T. ) ;
#126 = FACE_OUTER_BOUND ( 'NONE', #2594, .T. ) ;
#127 = FILL_AREA_STYLE_COLOUR ( '', #167 ) ;
#128 = ORIENTED_EDGE ( 'NONE', *, *, #5873, .F. ) ;
#129 = FACE_OUTER_BOUND ( 'NONE', #1223, .T. ) ;
#130 = VERTEX_POINT ( 'NONE', #5498 ) ;
#131 = CARTESIAN_POINT ( 'NONE',  ( 0.3848609354016582773, 0.5150000000000002354, 0.2738946391165775762 ) ) ;
#132 = ORIENTED_EDGE ( 'NONE', *, *, #5424, .F. ) ;
#133 = DIRECTION ( 'NONE',  ( -0.000000000000000000, -1.000000000000000000, -0.000000000000000000 ) ) ;
#134 = CARTESIAN_POINT ( 'NONE',  ( -1.149999999999999689, 0.02499999999999995628, 0.2000000000000000389 ) ) ;
#135 = ORIENTED_EDGE ( 'NONE', *, *, #895, .T. ) ;
#136 = ORIENTED_EDGE ( 'NONE', *, *, #3774, .F. ) ;
#137 = LINE ( 'NONE', #217, #5427 ) ;
#138 = ORIENTED_EDGE ( 'NONE', *, *, #820, .T. ) ;
#139 = FACE_OUTER_BOUND ( 'NONE', #6380, .T. ) ;
#140 = VECTOR ( 'NONE', #6667, 1000.000000000000000 ) ;
#141 = EDGE_LOOP ( 'NONE', ( #1478, #5148, #681 ) ) ;
#142 = VECTOR ( 'NONE', #2511, 1000.000000000000000 ) ;
#143 = ORIENTED_EDGE ( 'NONE', *, *, #837, .T. ) ;
#144 = DIRECTION ( 'NONE',  ( 0.000000000000000000, 0.000000000000000000, -1.000000000000000000 ) ) ;
#145 = LINE ( 'NONE', #3282, #3414 ) ;
#146 = EDGE_CURVE ( 'NONE', #6162, #4626, #759, .T. ) ;
#147 = AXIS2_PLACEMENT_3D ( 'NONE', #5782, #5816, #5266 ) ;
#148 = VECTOR ( 'NONE', #2849, 1000.000000000000000 ) ;
#149 = SPHERICAL_SURFACE ( 'NONE', #2767, 0.04999999999999998196 ) ;
#150 = VERTEX_POINT ( 'NONE', #2848 ) ;
#151 = MANIFOLD_SOLID_BREP ( 'Mirror2[1]', #4209 ) ;
#152 = FACE_OUTER_BOUND ( 'NONE', #2053, .T. ) ;
#153 = FACE_OUTER_BOUND ( 'NONE', #254, .T. ) ;
#154 = EDGE_CURVE ( 'NONE', #6452, #3018, #3952, .T. ) ;
#155 = ADVANCED_FACE ( 'NONE', ( #2907 ), #1579, .T. ) ;
#156 = VECTOR ( 'NONE', #243, 1000.000000000000000 ) ;
#157 = CARTESIAN_POINT ( 'NONE',  ( 1.499999999999999556, -0.4699747468305839893, -0.5499999999999992673 ) ) ;
#158 = VECTOR ( 'NONE', #2183, 1000.000000000000000 ) ;
#159 = ORIENTED_EDGE ( 'NONE', *, *, #3488, .T. ) ;
#160 = CARTESIAN_POINT ( 'NONE',  ( -0.6624999999999996447, 2.489731222669117727, -0.6849999999999997202 ) ) ;
#161 = CARTESIAN_POINT ( 'NONE',  ( -0.5499999999999971578, 0.2249999999999999500, -0.7999999999999997113 ) ) ;
#162 = ORIENTED_EDGE ( 'NONE', *, *, #5583, .F. ) ;
#163 = ADVANCED_FACE ( 'NONE', ( #988 ), #4620, .F. ) ;
#164 = EDGE_CURVE ( 'NONE', #3379, #1120, #888, .T. ) ;
#165 = VECTOR ( 'NONE', #1956, 1000.000000000000114 ) ;
#166 = DIRECTION ( 'NONE',  ( -0.000000000000000000, -1.000000000000000000, -0.000000000000000000 ) ) ;
#167 = COLOUR_RGB ( '',0.7960784313725489669, 0.8235294117647058432, 0.9372549019607843146 ) ;
#168 = VECTOR ( 'NONE', #2888, 1000.000000000000000 ) ;
#169 = DIRECTION ( 'NONE',  ( 0.000000000000000000, 0.000000000000000000, -1.000000000000000000 ) ) ;
#170 = ORIENTED_EDGE ( 'NONE', *, *, #832, .F. ) ;
#171 = ADVANCED_FACE ( 'NONE', ( #5146 ), #2469, .F. ) ;
#172 = DIRECTION ( 'NONE',  ( 0.000000000000000000, 0.000000000000000000, -1.000000000000000000 ) ) ;
#173 = CIRCLE ( 'NONE', #502, 0.5000000000000000000 ) ;
#174 = DIRECTION ( 'NONE',  ( -1.000000000000000000, 0.000000000000000000, -0.000000000000000000 ) ) ;
#175 = ORIENTED_EDGE ( 'NONE', *, *, #6033, .F. ) ;
#176 = LINE ( 'NONE', #3748, #5516 ) ;
#177 = DIRECTION ( 'NONE',  ( 1.858632295689436004E-15, 0.000000000000000000, -1.000000000000000000 ) ) ;
#178 = AXIS2_PLACEMENT_3D ( 'NONE', #1447, #5572, #1939 ) ;
#179 = ORIENTED_EDGE ( 'NONE', *, *, #6421, .T. ) ;
#180 = EDGE_CURVE ( 'NONE', #4540, #5616, #3874, .T. ) ;
#181 = ORIENTED_EDGE ( 'NONE', *, *, #2718, .F. ) ;
#182 = CYLINDRICAL_SURFACE ( 'NONE', #484, 0.07499999999999998335 ) ;
#183 = ORIENTED_EDGE ( 'NONE', *, *, #358, .T. ) ;
#184 = DIRECTION ( 'NONE',  ( 0.000000000000000000, 0.000000000000000000, -1.000000000000000000 ) ) ;
#185 = VERTEX_POINT ( 'NONE', #1520 ) ;
#186 = CIRCLE ( 'NONE', #5105, 0.1000000000000000472 ) ;
#187 = VERTEX_POINT ( 'NONE', #3071 ) ;
#188 = DIRECTION ( 'NONE',  ( 0.000000000000000000, 1.000000000000000000, -0.000000000000000000 ) ) ;
#189 = CIRCLE ( 'NONE', #4553, 0.04330127018922183546 ) ;
#190 = MECHANICAL_DESIGN_GEOMETRIC_PRESENTATION_REPRESENTATION (  '', ( #6204 ), #1912 ) ;
#191 = CARTESIAN_POINT ( 'NONE',  ( -1.069999999999999840, 1.661001497005149652, -0.1913252839170866415 ) ) ;
#192 = ORIENTED_EDGE ( 'NONE', *, *, #5607, .F. ) ;
#193 = CARTESIAN_POINT ( 'NONE',  ( -1.149999999999999467, 0.07499999999999999722, 0.5499999999999999334 ) ) ;
#194 = VECTOR ( 'NONE', #6122, 1000.000000000000227 ) ;
#195 = PLANE ( 'NONE',  #3103 ) ;
#196 = VECTOR ( 'NONE', #1817, 1000.000000000000000 ) ;
#197 = AXIS2_PLACEMENT_3D ( 'NONE', #1611, #5824, #2624 ) ;
#198 = CIRCLE ( 'NONE', #3885, 0.04999999999999991257 ) ;
#199 = CARTESIAN_POINT ( 'NONE',  ( 0.7499999999999995559, 0.3499999999999999778, -0.2592837430570318902 ) ) ;
#200 = CARTESIAN_POINT ( 'NONE',  ( -0.04249999999999988509, 2.489731222669117727, 0.3549999999999997602 ) ) ;
#201 = CARTESIAN_POINT ( 'NONE',  ( -0.9999999999999995559, 0.2250000000000000056, -0.5649999999999995026 ) ) ;
#202 = ADVANCED_FACE ( 'NONE', ( #5176 ), #424, .F. ) ;
#203 = ORIENTED_EDGE ( 'NONE', *, *, #1725, .T. ) ;
#204 = VECTOR ( 'NONE', #1925, 1000.000000000000000 ) ;
#205 = CARTESIAN_POINT ( 'NONE',  ( -1.499999999999999556, -0.4699747468305839893, -0.5499999999999992673 ) ) ;
#206 = PLANE ( 'NONE',  #3333 ) ;
#207 = VECTOR ( 'NONE', #4892, 1000.000000000000000 ) ;
#208 = CARTESIAN_POINT ( 'NONE',  ( -0.6749999999999993783, 0.000000000000000000, -0.4299999999999997158 ) ) ;
#209 = VERTEX_POINT ( 'NONE', #2971 ) ;
#210 = LINE ( 'NONE', #1830, #6754 ) ;
#211 = ADVANCED_FACE ( 'NONE', ( #5071 ), #4125, .T. ) ;
#212 = ORIENTED_EDGE ( 'NONE', *, *, #3155, .F. ) ;
#213 = DIRECTION ( 'NONE',  ( 0.7116333239147081269, -0.000000000000000000, 0.7025510745092516940 ) ) ;
#214 = DIRECTION ( 'NONE',  ( 0.000000000000000000, 0.000000000000000000, -1.000000000000000000 ) ) ;
#215 = CARTESIAN_POINT ( 'NONE',  ( -0.6750000000000000444, 0.02499999999999984873, 0.5299999999999999156 ) ) ;
#216 = ORIENTED_EDGE ( 'NONE', *, *, #2010, .F. ) ;
#217 = CARTESIAN_POINT ( 'NONE',  ( 0.7374999999999998224, 2.489731222669117727, -0.08250000000000000389 ) ) ;
#218 = ORIENTED_EDGE ( 'NONE', *, *, #338, .T. ) ;
#219 = CARTESIAN_POINT ( 'NONE',  ( 1.499999999999999778, 0.02499999999999995628, 0.3499999999999993117 ) ) ;
#220 = ORIENTED_EDGE ( 'NONE', *, *, #1747, .F. ) ;
#221 = DIRECTION ( 'NONE',  ( 0.000000000000000000, 0.000000000000000000, 1.000000000000000000 ) ) ;
#222 = CARTESIAN_POINT ( 'NONE',  ( -0.7499999999999995559, 0.2250000000000000056, -0.2592837430570318902 ) ) ;
#223 = VERTEX_POINT ( 'NONE', #6113 ) ;
#224 = MANIFOLD_SOLID_BREP ( 'Boss-Extrude4', #5555 ) ;
#225 = LINE ( 'NONE', #1744, #2340 ) ;
#226 = CARTESIAN_POINT ( 'NONE',  ( 1.299999999999999600, 0.02499999999999984873, 0.1999999999999996503 ) ) ;
#227 = CARTESIAN_POINT ( 'NONE',  ( -1.149999999999999467, 0.07499999999999999722, -0.5499999999999999334 ) ) ;
#228 = DIRECTION ( 'NONE',  ( -0.000000000000000000, -1.000000000000000000, -0.000000000000000000 ) ) ;
#229 = DIRECTION ( 'NONE',  ( 6.195440985631447429E-16, 0.000000000000000000, -1.000000000000000000 ) ) ;
#230 = ORIENTED_EDGE ( 'NONE', *, *, #4685, .F. ) ;
#231 = ORIENTED_EDGE ( 'NONE', *, *, #6406, .F. ) ;
#232 = ORIENTED_EDGE ( 'NONE', *, *, #987, .T. ) ;
#233 = FACE_BOUND ( 'NONE', #4537, .T. ) ;
#234 = DIRECTION ( 'NONE',  ( 0.000000000000000000, 0.000000000000000000, -1.000000000000000000 ) ) ;
#235 = CARTESIAN_POINT ( 'NONE',  ( 1.157057759178160783, 0.3250000000000000111, 0.5496352209124993893 ) ) ;
#236 = VERTEX_POINT ( 'NONE', #2202 ) ;
#237 = EDGE_CURVE ( 'NONE', #2939, #1308, #3344, .T. ) ;
#238 =( NAMED_UNIT ( * ) PLANE_ANGLE_UNIT ( ) SI_UNIT ( $, .RADIAN. ) );
#239 = EDGE_CURVE ( 'NONE', #4256, #1062, #5454, .T. ) ;
#240 = EDGE_CURVE ( 'NONE', #4445, #2696, #3769, .T. ) ;
#241 = CYLINDRICAL_SURFACE ( 'NONE', #849, 0.07499999999999998335 ) ;
#242 = DIRECTION ( 'NONE',  ( -0.000000000000000000, 1.000000000000000000, 0.000000000000000000 ) ) ;
#243 = DIRECTION ( 'NONE',  ( 1.000000000000000000, 0.000000000000000000, 1.858632295689436004E-15 ) ) ;
#244 = ORIENTED_EDGE ( 'NONE', *, *, #2100, .T. ) ;
#245 = DIRECTION ( 'NONE',  ( 0.000000000000000000, 0.000000000000000000, -1.000000000000000000 ) ) ;
#246 = EDGE_LOOP ( 'NONE', ( #3811, #6391, #2777 ) ) ;
#247 = CARTESIAN_POINT ( 'NONE',  ( -0.9500000000000003997, 2.489731222669117727, -0.6599999999999998090 ) ) ;
#248 = VECTOR ( 'NONE', #2136, 1000.000000000000000 ) ;
#249 = EDGE_LOOP ( 'NONE', ( #6342, #5467, #1907, #2148 ) ) ;
#250 =( NAMED_UNIT ( * ) PLANE_ANGLE_UNIT ( ) SI_UNIT ( $, .RADIAN. ) );
#251 = CARTESIAN_POINT ( 'NONE',  ( 1.499999999999999778, 0.07499999999999999722, -0.3499999999999993117 ) ) ;
#252 = ORIENTED_EDGE ( 'NONE', *, *, #2614, .F. ) ;
#253 = CARTESIAN_POINT ( 'NONE',  ( -1.424999999999999600, 0.07499999999999999722, 0.1999999999999993450 ) ) ;
#254 = EDGE_LOOP ( 'NONE', ( #4482, #6696, #4628, #5747 ) ) ;
#255 = ADVANCED_FACE ( 'NONE', ( #3927 ), #5280, .T. ) ;
#256 = DIRECTION ( 'NONE',  ( 0.000000000000000000, 1.000000000000000000, 0.000000000000000000 ) ) ;
#257 = DIRECTION ( 'NONE',  ( -6.195440985631456303E-16, 0.000000000000000000, -1.000000000000000000 ) ) ;
#258 = CARTESIAN_POINT ( 'NONE',  ( 0.5699999999999995071, 1.661001497005149652, 0.1913252839170866137 ) ) ;
#259 = CARTESIAN_POINT ( 'NONE',  ( -0.9999999999999995559, 0.2149999999999999967, -0.5649999999999995026 ) ) ;
#260 = LINE ( 'NONE', #739, #2968 ) ;
#261 = AXIS2_PLACEMENT_3D ( 'NONE', #550, #3813, #6453 ) ;
#262 = ORIENTED_EDGE ( 'NONE', *, *, #1153, .T. ) ;
#263 = AXIS2_PLACEMENT_3D ( 'NONE', #5703, #2434, #486 ) ;
#264 = CARTESIAN_POINT ( 'NONE',  ( -1.064999999999999503, 0.2149999999999999967, 0.4999999999999995559 ) ) ;
#265 =( LENGTH_UNIT ( ) NAMED_UNIT ( * ) SI_UNIT ( .MILLI., .METRE. ) );
#266 = AXIS2_PLACEMENT_3D ( 'NONE', #5879, #6388, #1096 ) ;
#267 = DIRECTION ( 'NONE',  ( 6.505213034913017138E-15, 0.000000000000000000, 1.000000000000000000 ) ) ;
#268 = ORIENTED_EDGE ( 'NONE', *, *, #2241, .T. ) ;
#269 = VECTOR ( 'NONE', #4228, 1000.000000000000000 ) ;
#270 = ORIENTED_EDGE ( 'NONE', *, *, #2298, .F. ) ;
#271 = LINE ( 'NONE', #5489, #2575 ) ;
#272 = VECTOR ( 'NONE', #1826, 1000.000000000000000 ) ;
#273 = VECTOR ( 'NONE', #6587, 1000.000000000000000 ) ;
#274 = EDGE_CURVE ( 'NONE', #846, #6286, #3777, .T. ) ;
#275 = CARTESIAN_POINT ( 'NONE',  ( 0.9770577591781610671, 1.661001497005149652, -0.4816767617725544737 ) ) ;
#276 = CARTESIAN_POINT ( 'NONE',  ( 0.6624999999999998668, 0.02499999999999984873, -0.7849999999999999201 ) ) ;
#277 = VECTOR ( 'NONE', #5748, 1000.000000000000000 ) ;
#278 = ADVANCED_FACE ( 'NONE', ( #4990 ), #3432, .T. ) ;
#279 = DIRECTION ( 'NONE',  ( -6.195440985631456303E-16, 0.000000000000000000, 1.000000000000000000 ) ) ;
#280 = EDGE_LOOP ( 'NONE', ( #1293, #3920, #4850, #6259 ) ) ;
#281 = CARTESIAN_POINT ( 'NONE',  ( 0.9500000000000003997, 0.000000000000000000, -0.6599999999999998090 ) ) ;
#282 = EDGE_CURVE ( 'NONE', #4734, #4771, #769, .T. ) ;
#283 = CONICAL_SURFACE ( 'NONE', #4875, 0.4550000000000000155, 0.8826057140596398343 ) ;
#284 = ORIENTED_EDGE ( 'NONE', *, *, #2540, .F. ) ;
#285 = CARTESIAN_POINT ( 'NONE',  ( -1.064999999999999503, 0.2250000000000000056, -0.4999999999999995559 ) ) ;
#286 = ORIENTED_EDGE ( 'NONE', *, *, #3700, .F. ) ;
#287 = CARTESIAN_POINT ( 'NONE',  ( 1.499999999999999556, -0.4699747468305839893, 0.5499999999999992673 ) ) ;
#288 = ORIENTED_EDGE ( 'NONE', *, *, #4028, .F. ) ;
#289 = DIRECTION ( 'NONE',  ( 1.000000000000000000, 0.000000000000000000, 0.000000000000000000 ) ) ;
#290 = LINE ( 'NONE', #3859, #3546 ) ;
#291 = EDGE_CURVE ( 'NONE', #894, #3226, #6575, .T. ) ;
#292 = FACE_OUTER_BOUND ( 'NONE', #5574, .T. ) ;
#293 = LINE ( 'NONE', #1296, #3232 ) ;
#294 = AXIS2_PLACEMENT_3D ( 'NONE', #5288, #102, #6356 ) ;
#295 = CARTESIAN_POINT ( 'NONE',  ( -0.6624999999999999778, 0.02499999999999984873, -0.1575000000000000011 ) ) ;
#296 = LINE ( 'NONE', #3469, #678 ) ;
#297 = DIRECTION ( 'NONE',  ( -0.000000000000000000, -1.000000000000000000, -0.000000000000000000 ) ) ;
#298 = CARTESIAN_POINT ( 'NONE',  ( 1.157057759178160783, 0.3250000000000000111, 0.5496352209124993893 ) ) ;
#299 = VECTOR ( 'NONE', #4790, 1000.000000000000000 ) ;
#300 = VECTOR ( 'NONE', #1140, 1000.000000000000000 ) ;
#301 = EDGE_CURVE ( 'NONE', #3300, #887, #1920, .T. ) ;
#302 = LINE ( 'NONE', #4925, #2160 ) ;
#303 = LINE ( 'NONE', #1854, #3550 ) ;
#304 = VECTOR ( 'NONE', #529, 1000.000000000000000 ) ;
#305 = EDGE_LOOP ( 'NONE', ( #1836, #6706, #642, #775 ) ) ;
#306 = DIRECTION ( 'NONE',  ( 1.084202172485504631E-15, 0.000000000000000000, 1.000000000000000000 ) ) ;
#307 = VECTOR ( 'NONE', #852, 1000.000000000000000 ) ;
#308 = CLOSED_SHELL ( 'NONE', ( #5417, #103, #4884, #4291, #3573, #5490, #2982, #4404, #1026, #4898, #5274, #5166, #448, #116, #3531, #6129, #4285, #5381, #6152, #3652, #4465, #5831, #6240, #3518, #3406, #6268, #4739, #5979, #709, #3033, #6493, #4784, #1249, #2840, #4674, #2571, #211, #4860, #1574, #1690, #1641, #4324, #2659, #3945, #1349, #4022, #723, #4179, #6312, #4245, #3105, #5008, #5180, #4929, #5909, #5133, #4284, #1036, #4650, #445, #2452, #1304, #6119, #2071, #779, #5092 ) ) ;
#309 = VERTEX_POINT ( 'NONE', #3929 ) ;
#310 = VERTEX_POINT ( 'NONE', #2349 ) ;
#311 =( NAMED_UNIT ( * ) SI_UNIT ( $, .STERADIAN. ) SOLID_ANGLE_UNIT ( ) );
#312 = AXIS2_PLACEMENT_3D ( 'NONE', #1853, #1785, #4431 ) ;
#313 = CARTESIAN_POINT ( 'NONE',  ( 0.04250000000000012101, 0.000000000000000000, -0.3549999999999997602 ) ) ;
#314 = PLANE ( 'NONE',  #6729 ) ;
#315 = EDGE_CURVE ( 'NONE', #31, #3392, #4891, .T. ) ;
#316 = VERTEX_POINT ( 'NONE', #5587 ) ;
#317 = LINE ( 'NONE', #5693, #273 ) ;
#318 = AXIS2_PLACEMENT_3D ( 'NONE', #199, #2884, #3516 ) ;
#319 = ORIENTED_EDGE ( 'NONE', *, *, #2525, .T. ) ;
#320 = CARTESIAN_POINT ( 'NONE',  ( -0.3999999999999999667, 0.000000000000000000, -0.4299999999999997158 ) ) ;
#321 = ORIENTED_EDGE ( 'NONE', *, *, #6607, .T. ) ;
#322 = DIRECTION ( 'NONE',  ( 0.000000000000000000, 0.000000000000000000, -1.000000000000000000 ) ) ;
#323 = DIRECTION ( 'NONE',  ( -0.000000000000000000, -1.000000000000000000, -0.000000000000000000 ) ) ;
#324 = ORIENTED_EDGE ( 'NONE', *, *, #5223, .F. ) ;
#325 = ORIENTED_EDGE ( 'NONE', *, *, #6656, .F. ) ;
#326 = DIRECTION ( 'NONE',  ( 0.000000000000000000, 0.000000000000000000, 1.000000000000000000 ) ) ;
#327 = EDGE_LOOP ( 'NONE', ( #5577, #4833, #4924, #2146 ) ) ;
#328 = CARTESIAN_POINT ( 'NONE',  ( -0.3374999999999998002, 0.000000000000000000, -0.6849999999999997202 ) ) ;
#329 = EDGE_CURVE ( 'NONE', #5312, #6032, #6543, .T. ) ;
#330 = EDGE_CURVE ( 'NONE', #5112, #6629, #6601, .T. ) ;
#331 = DIRECTION ( 'NONE',  ( -1.000000000000000000, -0.000000000000000000, -6.672013369141561272E-16 ) ) ;
#332 = CARTESIAN_POINT ( 'NONE',  ( -0.4086633323914709570, 0.02499999999999984873, 0.6147448925490746063 ) ) ;
#333 = EDGE_CURVE ( 'NONE', #2485, #656, #841, .T. ) ;
#334 = DIRECTION ( 'NONE',  ( 0.000000000000000000, 1.000000000000000000, -0.000000000000000000 ) ) ;
#335 = DIRECTION ( 'NONE',  ( 0.000000000000000000, 1.000000000000000000, -0.000000000000000000 ) ) ;
#336 = VERTEX_POINT ( 'NONE', #2414 ) ;
#337 = EDGE_CURVE ( 'NONE', #1192, #5523, #5110, .T. ) ;
#338 = EDGE_CURVE ( 'NONE', #2079, #66, #6646, .T. ) ;
#339 = FACE_OUTER_BOUND ( 'NONE', #903, .T. ) ;
#340 = DIRECTION ( 'NONE',  ( -1.000000000000000000, 0.000000000000000000, -0.000000000000000000 ) ) ;
#341 = ORIENTED_EDGE ( 'NONE', *, *, #5657, .F. ) ;
#342 = FACE_OUTER_BOUND ( 'NONE', #4217, .T. ) ;
#343 = ORIENTED_EDGE ( 'NONE', *, *, #6570, .T. ) ;
#344 = ORIENTED_EDGE ( 'NONE', *, *, #6675, .F. ) ;
#345 = ADVANCED_FACE ( 'NONE', ( #4353 ), #2275, .T. ) ;
#346 = EDGE_LOOP ( 'NONE', ( #6125, #4518, #2359, #6429 ) ) ;
#347 = DIRECTION ( 'NONE',  ( 0.7025510745092516940, -0.000000000000000000, -0.7116333239147081269 ) ) ;
#348 = DIRECTION ( 'NONE',  ( -0.000000000000000000, -1.000000000000000000, 0.000000000000000000 ) ) ;
#349 = DIRECTION ( 'NONE',  ( -1.000000000000000000, 0.000000000000000000, -4.613626265895764052E-16 ) ) ;
#350 = DIRECTION ( 'NONE',  ( 0.000000000000000000, 1.000000000000000000, 0.000000000000000000 ) ) ;
#351 = ORIENTED_EDGE ( 'NONE', *, *, #2614, .T. ) ;
#352 = LINE ( 'NONE', #2528, #1253 ) ;
#353 = ORIENTED_EDGE ( 'NONE', *, *, #1347, .F. ) ;
#354 = FACE_OUTER_BOUND ( 'NONE', #2443, .T. ) ;
#355 = VERTEX_POINT ( 'NONE', #5851 ) ;
#356 = CARTESIAN_POINT ( 'NONE',  ( 1.299999999999999600, 0.2149999999999999967, -0.4999999999999995559 ) ) ;
#357 = CARTESIAN_POINT ( 'NONE',  ( 0.1720104733052812973, 0.3500000000000000333, -0.7303844438303087605 ) ) ;
#358 = EDGE_CURVE ( 'NONE', #5591, #5579, #6471, .T. ) ;
#359 = CARTESIAN_POINT ( 'NONE',  ( -1.149999999999999689, -0.4699747468305839893, 0.2000000000000000389 ) ) ;
#360 = DIRECTION ( 'NONE',  ( 0.000000000000000000, 0.000000000000000000, 1.000000000000000000 ) ) ;
#361 = CARTESIAN_POINT ( 'NONE',  ( 1.499999999999999556, 0.02499999999999995628, -0.2749999999999993006 ) ) ;
#362 = EDGE_LOOP ( 'NONE', ( #5331, #825, #5426, #5943 ) ) ;
#363 = EDGE_CURVE ( 'NONE', #3564, #3791, #4207, .T. ) ;
#364 = DIRECTION ( 'NONE',  ( 0.000000000000000000, 0.000000000000000000, 1.000000000000000000 ) ) ;
#365 = VERTEX_POINT ( 'NONE', #1103 ) ;
#366 = DIRECTION ( 'NONE',  ( -1.000000000000000000, 0.000000000000000000, -6.195440985631447429E-16 ) ) ;
#367 = CYLINDRICAL_SURFACE ( 'NONE', #5103, 0.5000000000000000000 ) ;
#368 = ORIENTED_EDGE ( 'NONE', *, *, #915, .F. ) ;
#369 = DIRECTION ( 'NONE',  ( 0.000000000000000000, 1.000000000000000000, 0.000000000000000000 ) ) ;
#370 = VECTOR ( 'NONE', #4363, 1000.000000000000000 ) ;
#371 = VECTOR ( 'NONE', #2851, 1000.000000000000000 ) ;
#372 = ADVANCED_FACE ( 'NONE', ( #598 ), #1778, .T. ) ;
#373 = AXIS2_PLACEMENT_3D ( 'NONE', #1126, #2154, #6357 ) ;
#374 = PLANE ( 'NONE',  #6445 ) ;
#375 = VECTOR ( 'NONE', #1285, 1000.000000000000000 ) ;
#376 = CIRCLE ( 'NONE', #2877, 0.06499999999999994671 ) ;
#377 = ADVANCED_FACE ( 'NONE', ( #4919 ), #4708, .T. ) ;
#378 = CARTESIAN_POINT ( 'NONE',  ( 0.9999999999999995559, 0.2250000000000000056, 0.7999999999999996003 ) ) ;
#379 = LINE ( 'NONE', #6138, #5969 ) ;
#380 = ORIENTED_EDGE ( 'NONE', *, *, #6675, .T. ) ;
#381 = AXIS2_PLACEMENT_3D ( 'NONE', #16, #6412, #2102 ) ;
#382 = CIRCLE ( 'NONE', #5317, 0.1249999999999998890 ) ;
#383 = LINE ( 'NONE', #3584, #395 ) ;
#384 = AXIS2_PLACEMENT_3D ( 'NONE', #5456, #4469, #6605 ) ;
#385 = VECTOR ( 'NONE', #1851, 1000.000000000000000 ) ;
#386 = ORIENTED_EDGE ( 'NONE', *, *, #2307, .F. ) ;
#387 = CARTESIAN_POINT ( 'NONE',  ( -0.1174999999999998268, 0.000000000000000000, 0.4299999999999997158 ) ) ;
#388 = EDGE_LOOP ( 'NONE', ( #1529, #4690, #4312, #1094 ) ) ;
#389 = DIRECTION ( 'NONE',  ( 0.000000000000000000, 0.000000000000000000, 1.000000000000000000 ) ) ;
#390 = ADVANCED_FACE ( 'NONE', ( #5775 ), #2121, .F. ) ;
#391 = CARTESIAN_POINT ( 'NONE',  ( 0.5844463605362099079, 0.3500000000000002554, 0.7015244245103340326 ) ) ;
#392 = VERTEX_POINT ( 'NONE', #590 ) ;
#393 = AXIS2_PLACEMENT_3D ( 'NONE', #3357, #6020, #765 ) ;
#394 = LINE ( 'NONE', #6672, #6549 ) ;
#395 = VECTOR ( 'NONE', #3549, 1000.000000000000000 ) ;
#396 = DIRECTION ( 'NONE',  ( -1.000000000000000000, 0.000000000000000000, 0.000000000000000000 ) ) ;
#397 = DIRECTION ( 'NONE',  ( 1.000000000000000000, 0.000000000000000000, 1.858632295689436004E-15 ) ) ;
#398 = ORIENTED_EDGE ( 'NONE', *, *, #659, .F. ) ;
#399 = LINE ( 'NONE', #6155, #1590 ) ;
#400 = ORIENTED_EDGE ( 'NONE', *, *, #6618, .T. ) ;
#401 = DIRECTION ( 'NONE',  ( 6.195440985631456303E-16, 0.000000000000000000, 1.000000000000000000 ) ) ;
#402 = VERTEX_POINT ( 'NONE', #1527 ) ;
#403 = DIRECTION ( 'NONE',  ( 0.000000000000000000, 1.000000000000000000, 0.000000000000000000 ) ) ;
#404 = EDGE_CURVE ( 'NONE', #5623, #3267, #1603, .T. ) ;
#405 = DIRECTION ( 'NONE',  ( 0.000000000000000000, 0.000000000000000000, -1.000000000000000000 ) ) ;
#406 = LINE ( 'NONE', #3057, #812 ) ;
#407 = AXIS2_PLACEMENT_3D ( 'NONE', #4567, #6673, #1297 ) ;
#408 = PRESENTATION_STYLE_ASSIGNMENT (( #3541 ) ) ;
#409 = VECTOR ( 'NONE', #4768, 1000.000000000000000 ) ;
#410 = AXIS2_PLACEMENT_3D ( 'NONE', #5780, #3887, #3352 ) ;
#411 = CARTESIAN_POINT ( 'NONE',  ( 0.2125000000000000222, 0.000000000000000000, 0.1574999999999999734 ) ) ;
#412 = EDGE_CURVE ( 'NONE', #713, #2642, #5184, .T. ) ;
#413 = DIRECTION ( 'NONE',  ( -0.000000000000000000, -0.000000000000000000, 1.000000000000000000 ) ) ;
#414 = CIRCLE ( 'NONE', #1815, 0.5000000000000000000 ) ;
#415 = EDGE_CURVE ( 'NONE', #1308, #2048, #2163, .T. ) ;
#416 = CARTESIAN_POINT ( 'NONE',  ( 1.299999999999999600, 1.851433752247375164, -0.7349999999999997646 ) ) ;
#417 = ORIENTED_EDGE ( 'NONE', *, *, #6788, .T. ) ;
#418 = LINE ( 'NONE', #2037, #2243 ) ;
#419 = ORIENTED_EDGE ( 'NONE', *, *, #5229, .F. ) ;
#420 = CIRCLE ( 'NONE', #3247, 0.09999999999999993616 ) ;
#421 = CARTESIAN_POINT ( 'NONE',  ( -1.499999999999999778, 0.07499999999999999722, -0.3499999999999993117 ) ) ;
#422 = PLANE ( 'NONE',  #5908 ) ;
#423 = ORIENTED_EDGE ( 'NONE', *, *, #2533, .T. ) ;
#424 = PLANE ( 'NONE',  #2912 ) ;
#425 = PLANE ( 'NONE',  #789 ) ;
#426 = VERTEX_POINT ( 'NONE', #5844 ) ;
#427 = DIRECTION ( 'NONE',  ( 0.000000000000000000, 1.000000000000000000, 0.000000000000000000 ) ) ;
#428 = ORIENTED_EDGE ( 'NONE', *, *, #3535, .F. ) ;
#429 = CARTESIAN_POINT ( 'NONE',  ( -0.1084093427411664257, 0.5149999999999999023, -0.4591564742960395629 ) ) ;
#430 = ADVANCED_FACE ( 'NONE', ( #2573 ), #5664, .F. ) ;
#431 = CARTESIAN_POINT ( 'NONE',  ( -1.424999999999999600, 0.07499999999999999722, 0.1999999999999993450 ) ) ;
#432 = DIRECTION ( 'NONE',  ( 0.000000000000000000, -0.000000000000000000, -1.000000000000000000 ) ) ;
#433 = ORIENTED_EDGE ( 'NONE', *, *, #3191, .T. ) ;
#434 =( LENGTH_UNIT ( ) NAMED_UNIT ( * ) SI_UNIT ( .MILLI., .METRE. ) );
#435 = ORIENTED_EDGE ( 'NONE', *, *, #1565, .F. ) ;
#436 = DIRECTION ( 'NONE',  ( 0.000000000000000000, 1.000000000000000000, 0.000000000000000000 ) ) ;
#437 = ORIENTED_EDGE ( 'NONE', *, *, #1479, .T. ) ;
#438 = DIRECTION ( 'NONE',  ( 0.000000000000000000, 1.000000000000000000, -0.000000000000000000 ) ) ;
#439 = CARTESIAN_POINT ( 'NONE',  ( -0.2125000000000000222, 0.02499999999999984873, -0.08250000000000001776 ) ) ;
#440 = CARTESIAN_POINT ( 'NONE',  ( 1.299999999999999378, 0.02500000000000000139, 0.7349999999999997646 ) ) ;
#441 = ORIENTED_EDGE ( 'NONE', *, *, #507, .T. ) ;
#442 = ORIENTED_EDGE ( 'NONE', *, *, #5264, .F. ) ;
#443 = DIRECTION ( 'NONE',  ( -1.000000000000000000, 0.000000000000000000, 1.858632295689436004E-15 ) ) ;
#444 = LINE ( 'NONE', #5627, #4758 ) ;
#445 = ADVANCED_FACE ( 'NONE', ( #1133 ), #5335, .T. ) ;
#446 = DIRECTION ( 'NONE',  ( -1.000000000000000000, 0.000000000000000000, 0.000000000000000000 ) ) ;
#447 = ORIENTED_EDGE ( 'NONE', *, *, #5098, .T. ) ;
#448 = ADVANCED_FACE ( 'NONE', ( #4160 ), #3622, .F. ) ;
#449 = DIRECTION ( 'NONE',  ( -0.000000000000000000, -1.000000000000000000, -0.000000000000000000 ) ) ;
#450 = PLANE ( 'NONE',  #2719 ) ;
#451 = VERTEX_POINT ( 'NONE', #108 ) ;
#452 = DIRECTION ( 'NONE',  ( 0.000000000000000000, -0.000000000000000000, 1.000000000000000000 ) ) ;
#453 = CARTESIAN_POINT ( 'NONE',  ( -1.499999999999999556, 0.07499999999999999722, -0.2749999999999993006 ) ) ;
#454 = ORIENTED_EDGE ( 'NONE', *, *, #1259, .T. ) ;
#455 = DIRECTION ( 'NONE',  ( 1.000000000000000000, -0.000000000000000000, 0.000000000000000000 ) ) ;
#456 = CARTESIAN_POINT ( 'NONE',  ( -1.897353801849632760E-16, 0.3499999999999998113, -0.7303844438303078723 ) ) ;
#457 = EDGE_CURVE ( 'NONE', #6490, #2903, #2189, .T. ) ;
#458 = ORIENTED_EDGE ( 'NONE', *, *, #6026, .F. ) ;
#459 = LINE ( 'NONE', #359, #4330 ) ;
#460 = EDGE_CURVE ( 'NONE', #2313, #113, #5226, .T. ) ;
#461 = DIRECTION ( 'NONE',  ( -1.000000000000000000, 0.000000000000000000, 1.858632295689436004E-15 ) ) ;
#462 = EDGE_LOOP ( 'NONE', ( #4162, #3366, #5794, #2656, #2422, #4619, #3735, #1523 ) ) ;
#463 = DIRECTION ( 'NONE',  ( 0.000000000000000000, 0.000000000000000000, 1.000000000000000000 ) ) ;
#464 = ORIENTED_EDGE ( 'NONE', *, *, #3331, .T. ) ;
#465 = CARTESIAN_POINT ( 'NONE',  ( 0.6750000000000000444, 0.02499999999999984873, -0.5299999999999999156 ) ) ;
#466 = ORIENTED_EDGE ( 'NONE', *, *, #2388, .T. ) ;
#467 = LINE ( 'NONE', #4607, #5787 ) ;
#468 = CARTESIAN_POINT ( 'NONE',  ( -1.234999999999999210, 0.02500000000000000139, 0.5499999999999997113 ) ) ;
#469 = LINE ( 'NONE', #2778, #1165 ) ;
#470 = CARTESIAN_POINT ( 'NONE',  ( -0.3999999999999999667, 0.02499999999999984873, 0.3549999999999997602 ) ) ;
#471 = EDGE_LOOP ( 'NONE', ( #1867, #1427, #6562, #5840 ) ) ;
#472 = CARTESIAN_POINT ( 'NONE',  ( -0.5999999999999994227, 2.489731222669117727, 0.4299999999999997158 ) ) ;
#473 = CARTESIAN_POINT ( 'NONE',  ( -1.299999999999999600, 1.851433752247375164, 0.7349999999999997646 ) ) ;
#474 = CARTESIAN_POINT ( 'NONE',  ( -0.8249999999999999556, 0.02499999999999984873, 0.6599999999999998090 ) ) ;
#475 = CARTESIAN_POINT ( 'NONE',  ( -0.6749999999999993783, 0.000000000000000000, 0.4299999999999997158 ) ) ;
#476 = EDGE_CURVE ( 'NONE', #884, #1444, #5346, .T. ) ;
#477 = VECTOR ( 'NONE', #4053, 1000.000000000000000 ) ;
#478 = PLANE ( 'NONE',  #88 ) ;
#479 = DIRECTION ( 'NONE',  ( -0.000000000000000000, -1.000000000000000000, -0.000000000000000000 ) ) ;
#480 = EDGE_CURVE ( 'NONE', #689, #846, #3941, .T. ) ;
#481 = CARTESIAN_POINT ( 'NONE',  ( 0.3249999999999999001, 0.000000000000000000, -0.3549999999999997047 ) ) ;
#482 = VECTOR ( 'NONE', #1832, 1000.000000000000000 ) ;
#483 = ORIENTED_EDGE ( 'NONE', *, *, #3730, .F. ) ;
#484 = AXIS2_PLACEMENT_3D ( 'NONE', #2260, #4341, #3982 ) ;
#485 = ORIENTED_EDGE ( 'NONE', *, *, #3289, .T. ) ;
#486 = DIRECTION ( 'NONE',  ( 1.000000000000000000, 0.000000000000000000, 0.000000000000000000 ) ) ;
#487 = CARTESIAN_POINT ( 'NONE',  ( 0.4670526090495509264, 0.5149999999999995692, 0.03020581678025670291 ) ) ;
#488 = DIRECTION ( 'NONE',  ( -6.505213034913017138E-15, 0.000000000000000000, -1.000000000000000000 ) ) ;
#489 = ORIENTED_EDGE ( 'NONE', *, *, #3667, .F. ) ;
#490 = DIRECTION ( 'NONE',  ( 1.000000000000000000, 0.000000000000000000, 6.195440985631456303E-16 ) ) ;
#491 = VECTOR ( 'NONE', #4817, 1000.000000000000000 ) ;
#492 = CARTESIAN_POINT ( 'NONE',  ( -1.499999999999999778, -0.4699747468305839893, 0.3499999999999993117 ) ) ;
#493 = DIRECTION ( 'NONE',  ( 0.000000000000000000, 0.000000000000000000, -1.000000000000000000 ) ) ;
#494 = DIRECTION ( 'NONE',  ( -0.000000000000000000, 1.000000000000000000, -0.000000000000000000 ) ) ;
#495 = EDGE_LOOP ( 'NONE', ( #966, #4611, #4395, #3691 ) ) ;
#496 = VECTOR ( 'NONE', #4219, 1000.000000000000000 ) ;
#497 = VECTOR ( 'NONE', #4409, 1000.000000000000000 ) ;
#498 = ADVANCED_FACE ( 'NONE', ( #6100 ), #5060, .F. ) ;
#499 = PLANE ( 'NONE',  #3968 ) ;
#500 = ORIENTED_EDGE ( 'NONE', *, *, #2533, .F. ) ;
#501 = CARTESIAN_POINT ( 'NONE',  ( -1.191698729810777735, 0.02499999999999999792, 0.7349999999999997646 ) ) ;
#502 = AXIS2_PLACEMENT_3D ( 'NONE', #782, #2904, #4969 ) ;
#503 = DIRECTION ( 'NONE',  ( 0.000000000000000000, 0.000000000000000000, 1.000000000000000000 ) ) ;
#504 = DIRECTION ( 'NONE',  ( -8.340016711426942469E-16, -0.000000000000000000, -1.000000000000000000 ) ) ;
#505 = ORIENTED_EDGE ( 'NONE', *, *, #2254, .T. ) ;
#506 = EDGE_LOOP ( 'NONE', ( #6476, #660, #5211, #435 ) ) ;
#507 = EDGE_CURVE ( 'NONE', #99, #5898, #2555, .T. ) ;
#508 = COLOUR_RGB ( '',0.7960784313725489669, 0.8235294117647058432, 0.9372549019607843146 ) ;
#509 = CARTESIAN_POINT ( 'NONE',  ( 1.278301270189221350, 0.02499999999999999792, -0.7349999999999997646 ) ) ;
#510 = PRESENTATION_STYLE_ASSIGNMENT (( #6686 ) ) ;
#511 = AXIS2_PLACEMENT_3D ( 'NONE', #6681, #1955, #6131 ) ;
#512 = DIRECTION ( 'NONE',  ( 0.000000000000000000, 0.000000000000000000, -1.000000000000000000 ) ) ;
#513 = VERTEX_POINT ( 'NONE', #3473 ) ;
#514 = CYLINDRICAL_SURFACE ( 'NONE', #610, 0.1000000000000000472 ) ;
#515 = CIRCLE ( 'NONE', #2261, 0.07499999999999998335 ) ;
#516 = AXIS2_PLACEMENT_3D ( 'NONE', #5884, #2616, #5373 ) ;
#517 = PRESENTATION_LAYER_ASSIGNMENT (  '', '', ( #1266 ) ) ;
#518 = DIRECTION ( 'NONE',  ( 0.7025510745092516940, 0.000000000000000000, 0.7116333239147081269 ) ) ;
#519 = CARTESIAN_POINT ( 'NONE',  ( 0.2125000000000000222, 0.000000000000000000, 0.08250000000000001776 ) ) ;
#520 = DIRECTION ( 'NONE',  ( 1.000000000000000000, 0.000000000000000000, 0.000000000000000000 ) ) ;
#521 = VERTEX_POINT ( 'NONE', #4744 ) ;
#522 = ORIENTED_EDGE ( 'NONE', *, *, #928, .T. ) ;
#523 = FACE_OUTER_BOUND ( 'NONE', #6208, .T. ) ;
#524 = VECTOR ( 'NONE', #5253, 1000.000000000000000 ) ;
#525 = ORIENTED_EDGE ( 'NONE', *, *, #4107, .F. ) ;
#526 = CARTESIAN_POINT ( 'NONE',  ( -0.3848609354016571671, 0.5150000000000000133, 0.2738946391165778538 ) ) ;
#527 = ORIENTED_EDGE ( 'NONE', *, *, #4716, .T. ) ;
#528 = AXIS2_PLACEMENT_3D ( 'NONE', #5378, #2725, #118 ) ;
#529 = DIRECTION ( 'NONE',  ( 0.000000000000000000, 1.000000000000000000, 0.000000000000000000 ) ) ;
#530 = EDGE_CURVE ( 'NONE', #1630, #2221, #676, .T. ) ;
#531 = FACE_OUTER_BOUND ( 'NONE', #5259, .T. ) ;
#532 = FACE_OUTER_BOUND ( 'NONE', #6647, .T. ) ;
#533 = LINE ( 'NONE', #5195, #6738 ) ;
#534 = ORIENTED_EDGE ( 'NONE', *, *, #1945, .F. ) ;
#535 = EDGE_CURVE ( 'NONE', #2992, #3933, #6004, .T. ) ;
#536 = CARTESIAN_POINT ( 'NONE',  ( -0.1174999999999998407, 0.000000000000000000, -0.4949999999999997735 ) ) ;
#537 = LINE ( 'NONE', #6340, #2478 ) ;
#538 = DIRECTION ( 'NONE',  ( 1.000000000000000000, -0.000000000000000000, 0.000000000000000000 ) ) ;
#539 = ORIENTED_EDGE ( 'NONE', *, *, #6692, .T. ) ;
#540 = EDGE_CURVE ( 'NONE', #3776, #6427, #4437, .T. ) ;
#541 = FACE_OUTER_BOUND ( 'NONE', #4995, .T. ) ;
#542 = DIRECTION ( 'NONE',  ( 1.000000000000000000, 0.000000000000000000, 6.672013369141561272E-16 ) ) ;
#543 = EDGE_CURVE ( 'NONE', #4755, #2304, #1395, .T. ) ;
#544 = DIRECTION ( 'NONE',  ( 0.000000000000000000, 0.000000000000000000, 1.000000000000000000 ) ) ;
#545 = DIRECTION ( 'NONE',  ( 0.000000000000000000, 1.000000000000000000, 0.000000000000000000 ) ) ;
#546 = ORIENTED_EDGE ( 'NONE', *, *, #3447, .F. ) ;
#547 = CARTESIAN_POINT ( 'NONE',  ( -1.249999999999999778, 0.3250000000000000111, 0.2592837430570318347 ) ) ;
#548 = CARTESIAN_POINT ( 'NONE',  ( 1.299999999999999600, 0.07499999999999999722, -0.5499999999999996003 ) ) ;
#549 = VERTEX_POINT ( 'NONE', #3964 ) ;
#550 = CARTESIAN_POINT ( 'NONE',  ( -0.1375000000000000389, 2.489731222669117727, 0.08250000000000001776 ) ) ;
#551 = EDGE_CURVE ( 'NONE', #4316, #2317, #6654, .T. ) ;
#552 = DIRECTION ( 'NONE',  ( 1.000000000000000000, 0.000000000000000000, 0.000000000000000000 ) ) ;
#553 = CARTESIAN_POINT ( 'NONE',  ( 1.064999999999999503, 0.2149999999999999967, 0.4999999999999995559 ) ) ;
#554 = ORIENTED_EDGE ( 'NONE', *, *, #4460, .T. ) ;
#555 = APPLICATION_CONTEXT ( 'automotive_design' ) ;
#556 = ORIENTED_EDGE ( 'NONE', *, *, #1850, .T. ) ;
#557 = CARTESIAN_POINT ( 'NONE',  ( -0.6624999999999999778, 2.489731222669117727, -0.08250000000000001776 ) ) ;
#558 = VERTEX_POINT ( 'NONE', #2481 ) ;
#559 = DIRECTION ( 'NONE',  ( 0.8141155183563220099, 0.000000000000000000, -0.5807029557109358864 ) ) ;
#560 = DIRECTION ( 'NONE',  ( 0.000000000000000000, 1.000000000000000000, 0.000000000000000000 ) ) ;
#561 = FACE_OUTER_BOUND ( 'NONE', #3696, .T. ) ;
#562 = EDGE_LOOP ( 'NONE', ( #3915, #1330, #2116, #3816, #2354, #179, #4008 ) ) ;
#563 = PLANE ( 'NONE',  #4516 ) ;
#564 = FACE_OUTER_BOUND ( 'NONE', #5430, .T. ) ;
#565 = EDGE_CURVE ( 'NONE', #4662, #5514, #5644, .T. ) ;
#566 = DIRECTION ( 'NONE',  ( 0.000000000000000000, 0.000000000000000000, -1.000000000000000000 ) ) ;
#567 = CARTESIAN_POINT ( 'NONE',  ( 0.9500000000000001776, 2.489731222669117727, 0.6599999999999998090 ) ) ;
#568 = ADVANCED_FACE ( 'NONE', ( #4987 ), #3898, .F. ) ;
#569 = DIRECTION ( 'NONE',  ( 9.459128942404467988E-17, -0.6351406582922746180, 0.7723964941557257546 ) ) ;
#570 = ORIENTED_EDGE ( 'NONE', *, *, #3934, .T. ) ;
#571 = EDGE_LOOP ( 'NONE', ( #1287, #5087, #78, #5384, #3850, #4873, #4533, #1217 ) ) ;
#572 = ORIENTED_EDGE ( 'NONE', *, *, #6333, .F. ) ;
#573 = DIRECTION ( 'NONE',  ( -0.7116333239147081269, 0.000000000000000000, -0.7025510745092516940 ) ) ;
#574 = LINE ( 'NONE', #3806, #1343 ) ;
#575 = EDGE_CURVE ( 'NONE', #5959, #521, #3390, .T. ) ;
#576 = LINE ( 'NONE', #4799, #3314 ) ;
#577 = ORIENTED_EDGE ( 'NONE', *, *, #2369, .T. ) ;
#578 = CARTESIAN_POINT ( 'NONE',  ( 0.9999999999999995559, 0.2149999999999999967, -0.5649999999999995026 ) ) ;
#579 = VERTEX_POINT ( 'NONE', #2886 ) ;
#580 = CARTESIAN_POINT ( 'NONE',  ( -0.9500000000000003997, 0.000000000000000000, 0.6599999999999998090 ) ) ;
#581 = LINE ( 'NONE', #5804, #269 ) ;
#582 = DIRECTION ( 'NONE',  ( 0.000000000000000000, -1.000000000000000000, -0.000000000000000000 ) ) ;
#583 = ORIENTED_EDGE ( 'NONE', *, *, #1587, .F. ) ;
#584 = VECTOR ( 'NONE', #3142, 1000.000000000000000 ) ;
#585 = VERTEX_POINT ( 'NONE', #295 ) ;
#586 = CARTESIAN_POINT ( 'NONE',  ( -0.1375000000000000389, 0.02499999999999984873, 0.08250000000000001776 ) ) ;
#587 = VECTOR ( 'NONE', #4315, 1000.000000000000000 ) ;
#588 = ORIENTED_EDGE ( 'NONE', *, *, #607, .F. ) ;
#589 = CARTESIAN_POINT ( 'NONE',  ( -4.065758146820641628E-17, 0.3500000000000000333, 0.7303844438303077613 ) ) ;
#590 = CARTESIAN_POINT ( 'NONE',  ( -0.8249999999999999556, 0.000000000000000000, -0.7849999999999998090 ) ) ;
#591 = EDGE_CURVE ( 'NONE', #60, #5165, #3015, .T. ) ;
#592 = AXIS2_PLACEMENT_3D ( 'NONE', #5442, #2911, #4456 ) ;
#593 = FACE_OUTER_BOUND ( 'NONE', #6273, .T. ) ;
#594 = DIRECTION ( 'NONE',  ( 0.000000000000000000, 0.000000000000000000, -1.000000000000000000 ) ) ;
#595 = EDGE_LOOP ( 'NONE', ( #6666, #2464, #5749, #4709 ) ) ;
#596 = DIRECTION ( 'NONE',  ( -0.000000000000000000, 0.000000000000000000, -1.000000000000000000 ) ) ;
#597 = DIRECTION ( 'NONE',  ( -1.000000000000000000, 0.000000000000000000, 8.340016711426941483E-16 ) ) ;
#598 = FACE_OUTER_BOUND ( 'NONE', #4233, .T. ) ;
#599 = CIRCLE ( 'NONE', #5866, 0.5000000000000002220 ) ;
#600 = FACE_OUTER_BOUND ( 'NONE', #3780, .T. ) ;
#601 = DIRECTION ( 'NONE',  ( 0.000000000000000000, 1.000000000000000000, -0.000000000000000000 ) ) ;
#602 = AXIS2_PLACEMENT_3D ( 'NONE', #1953, #4106, #5158 ) ;
#603 = DIRECTION ( 'NONE',  ( 0.000000000000000000, 0.000000000000000000, -1.000000000000000000 ) ) ;
#604 = ORIENTED_EDGE ( 'NONE', *, *, #5034, .F. ) ;
#605 = ORIENTED_EDGE ( 'NONE', *, *, #315, .T. ) ;
#606 = AXIS2_PLACEMENT_3D ( 'NONE', #4266, #1665, #3757 ) ;
#607 = EDGE_CURVE ( 'NONE', #1336, #4727, #943, .T. ) ;
#608 = DIRECTION ( 'NONE',  ( 0.000000000000000000, 0.000000000000000000, -1.000000000000000000 ) ) ;
#609 = FILL_AREA_STYLE ('',( #127 ) ) ;
#610 = AXIS2_PLACEMENT_3D ( 'NONE', #1119, #1088, #4764 ) ;
#611 = DIRECTION ( 'NONE',  ( -0.000000000000000000, -1.000000000000000000, -0.000000000000000000 ) ) ;
#612 = ORIENTED_EDGE ( 'NONE', *, *, #415, .T. ) ;
#613 = DIRECTION ( 'NONE',  ( 1.000000000000000000, -0.000000000000000000, 4.170008355713474686E-16 ) ) ;
#614 = EDGE_LOOP ( 'NONE', ( #2119, #5538, #1087, #4512 ) ) ;
#615 = EDGE_CURVE ( 'NONE', #5504, #5861, #2380, .T. ) ;
#616 = EDGE_CURVE ( 'NONE', #2532, #986, #4448, .T. ) ;
#617 = CARTESIAN_POINT ( 'NONE',  ( -0.04249999999999988509, 0.000000000000000000, -0.3549999999999997602 ) ) ;
#618 = CARTESIAN_POINT ( 'NONE',  ( 1.234999999999999210, 0.02500000000000000139, 0.5499999999999997113 ) ) ;
#619 = AXIS2_PLACEMENT_3D ( 'NONE', #6563, #322, #1739 ) ;
#620 = ORIENTED_EDGE ( 'NONE', *, *, #3359, .T. ) ;
#621 = ORIENTED_EDGE ( 'NONE', *, *, #4976, .T. ) ;
#622 = LINE ( 'NONE', #6282, #1334 ) ;
#623 = EDGE_LOOP ( 'NONE', ( #2506, #2080, #3631, #6636, #5934, #6116 ) ) ;
#624 = CARTESIAN_POINT ( 'NONE',  ( 0.6625000000000005329, 0.02499999999999984873, 0.7849999999999999201 ) ) ;
#625 = CARTESIAN_POINT ( 'NONE',  ( 0.6750000000000000444, 2.489731222669117727, -0.5299999999999999156 ) ) ;
#626 = AXIS2_PLACEMENT_3D ( 'NONE', #3723, #6254, #6803 ) ;
#627 = CLOSED_SHELL ( 'NONE', ( #4753, #1861, #5139, #2504, #4467, #1010, #6141, #4240 ) ) ;
#628 = VECTOR ( 'NONE', #4061, 1000.000000000000000 ) ;
#629 =( LENGTH_UNIT ( ) NAMED_UNIT ( * ) SI_UNIT ( .MILLI., .METRE. ) );
#630 = CARTESIAN_POINT ( 'NONE',  ( -0.8427657606103799992, 0.3499999999999999778, 0.8999999999999995781 ) ) ;
#631 = VECTOR ( 'NONE', #3483, 1000.000000000000000 ) ;
#632 = PLANE ( 'NONE',  #4746 ) ;
#633 = ORIENTED_EDGE ( 'NONE', *, *, #5488, .F. ) ;
#634 = CARTESIAN_POINT ( 'NONE',  ( 0.1175000000000000350, 0.000000000000000000, -0.4299999999999997713 ) ) ;
#635 = CARTESIAN_POINT ( 'NONE',  ( 0.1175000000000002293, 2.489731222669117727, 0.4299999999999996603 ) ) ;
#636 = VECTOR ( 'NONE', #3833, 1000.000000000000000 ) ;
#637 = DIRECTION ( 'NONE',  ( 0.7025510745092516940, -0.000000000000000000, 0.7116333239147081269 ) ) ;
#638 = CARTESIAN_POINT ( 'NONE',  ( 0.7374999999999998224, 2.489731222669117727, 0.08250000000000000389 ) ) ;
#639 = CARTESIAN_POINT ( 'NONE',  ( 0.6624999999999998668, 0.02499999999999984873, -0.7849999999999999201 ) ) ;
#640 = ORIENTED_EDGE ( 'NONE', *, *, #2861, .F. ) ;
#641 = AXIS2_PLACEMENT_3D ( 'NONE', #6246, #552, #2076 ) ;
#642 = ORIENTED_EDGE ( 'NONE', *, *, #1988, .T. ) ;
#643 = CARTESIAN_POINT ( 'NONE',  ( 0.5913366676085289875, 0.000000000000000000, -0.6147448925490746063 ) ) ;
#644 =( NAMED_UNIT ( * ) PLANE_ANGLE_UNIT ( ) SI_UNIT ( $, .RADIAN. ) );
#645 = LINE ( 'NONE', #3969, #4972 ) ;
#646 = CARTESIAN_POINT ( 'NONE',  ( -0.1084093427411664257, 0.5149999999999999023, -0.4591564742960395629 ) ) ;
#647 = ORIENTED_EDGE ( 'NONE', *, *, #2756, .F. ) ;
#648 = EDGE_CURVE ( 'NONE', #863, #2317, #4683, .T. ) ;
#649 = SURFACE_STYLE_FILL_AREA ( #4259 ) ;
#650 = LINE ( 'NONE', #4831, #4288 ) ;
#651 = VERTEX_POINT ( 'NONE', #5543 ) ;
#652 = EDGE_CURVE ( 'NONE', #2104, #2114, #833, .T. ) ;
#653 = ORIENTED_EDGE ( 'NONE', *, *, #1164, .F. ) ;
#654 = DIRECTION ( 'NONE',  ( 0.000000000000000000, -1.000000000000000000, 0.000000000000000000 ) ) ;
#655 = CARTESIAN_POINT ( 'NONE',  ( -0.6749999999999993783, 0.02499999999999984873, 0.4299999999999997158 ) ) ;
#656 = VERTEX_POINT ( 'NONE', #6761 ) ;
#657 = CARTESIAN_POINT ( 'NONE',  ( -1.157057759178160783, 0.3250000000000000111, -0.5496352209124993893 ) ) ;
#658 = DIRECTION ( 'NONE',  ( 0.000000000000000000, 0.000000000000000000, 1.000000000000000000 ) ) ;
#659 = EDGE_CURVE ( 'NONE', #5321, #4540, #5581, .T. ) ;
#660 = ORIENTED_EDGE ( 'NONE', *, *, #4725, .T. ) ;
#661 = DIRECTION ( 'NONE',  ( 0.000000000000000000, 0.000000000000000000, 1.000000000000000000 ) ) ;
#662 = EDGE_CURVE ( 'NONE', #6629, #3674, #6310, .T. ) ;
#663 = LINE ( 'NONE', #1206, #2129 ) ;
#664 = EDGE_CURVE ( 'NONE', #5683, #3807, #1588, .T. ) ;
#665 = CARTESIAN_POINT ( 'NONE',  ( -1.299999999999999378, 1.851433752247375164, -0.5499999999999997113 ) ) ;
#666 = LINE ( 'NONE', #2135, #942 ) ;
#667 = LINE ( 'NONE', #2652, #2090 ) ;
#668 = ORIENTED_EDGE ( 'NONE', *, *, #1225, .F. ) ;
#669 = EDGE_CURVE ( 'NONE', #4748, #3263, #5801, .T. ) ;
#670 = LINE ( 'NONE', #2761, #2039 ) ;
#671 = CARTESIAN_POINT ( 'NONE',  ( -1.149999999999999467, 0.02500000000000000139, -0.7349999999999997646 ) ) ;
#672 = CARTESIAN_POINT ( 'NONE',  ( 1.499999999999999556, 0.07499999999999999722, 0.5499999999999992673 ) ) ;
#673 = VERTEX_POINT ( 'NONE', #5214 ) ;
#674 = FACE_OUTER_BOUND ( 'NONE', #2597, .T. ) ;
#675 = ORIENTED_EDGE ( 'NONE', *, *, #6182, .F. ) ;
#676 = LINE ( 'NONE', #4336, #2480 ) ;
#677 = LINE ( 'NONE', #5875, #4068 ) ;
#678 = VECTOR ( 'NONE', #4357, 1000.000000000000000 ) ;
#679 = CARTESIAN_POINT ( 'NONE',  ( -1.499999999999999556, -0.4699747468305839893, 0.5499999999999992673 ) ) ;
#680 = ORIENTED_EDGE ( 'NONE', *, *, #4682, .F. ) ;
#681 = ORIENTED_EDGE ( 'NONE', *, *, #2681, .F. ) ;
#682 = ORIENTED_EDGE ( 'NONE', *, *, #3308, .F. ) ;
#683 = DIRECTION ( 'NONE',  ( 0.000000000000000000, 0.000000000000000000, -1.000000000000000000 ) ) ;
#684 = ORIENTED_EDGE ( 'NONE', *, *, #5531, .T. ) ;
#685 = DIRECTION ( 'NONE',  ( 0.000000000000000000, 0.000000000000000000, -1.000000000000000000 ) ) ;
#686 = CIRCLE ( 'NONE', #2866, 0.06499999999999994671 ) ;
#687 = VERTEX_POINT ( 'NONE', #548 ) ;
#688 = EDGE_CURVE ( 'NONE', #451, #6080, #21, .T. ) ;
#689 = VERTEX_POINT ( 'NONE', #3625 ) ;
#690 = CARTESIAN_POINT ( 'NONE',  ( 0.1375000000000000389, 2.489731222669117727, 0.08250000000000001776 ) ) ;
#691 = CARTESIAN_POINT ( 'NONE',  ( -1.299999999999999600, 0.02499999999999984873, -0.1999999999999996503 ) ) ;
#692 = VECTOR ( 'NONE', #4272, 1000.000000000000000 ) ;
#693 = LINE ( 'NONE', #287, #371 ) ;
#694 = ORIENTED_EDGE ( 'NONE', *, *, #5453, .T. ) ;
#695 = CARTESIAN_POINT ( 'NONE',  ( 1.299999999999999600, 0.2149999999999999967, -0.4999999999999995559 ) ) ;
#696 = LINE ( 'NONE', #5786, #491 ) ;
#697 = VECTOR ( 'NONE', #1408, 1000.000000000000000 ) ;
#698 = VECTOR ( 'NONE', #5043, 1000.000000000000000 ) ;
#699 = CARTESIAN_POINT ( 'NONE',  ( 0.000000000000000000, 0.5195520701168854227, 0.000000000000000000 ) ) ;
#700 = FACE_OUTER_BOUND ( 'NONE', #6459, .T. ) ;
#701 = DIRECTION ( 'NONE',  ( -1.000000000000000000, 0.000000000000000000, -0.000000000000000000 ) ) ;
#702 = ADVANCED_FACE ( 'NONE', ( #4200 ), #5069, .F. ) ;
#703 = VECTOR ( 'NONE', #6167, 1000.000000000000000 ) ;
#704 = ORIENTED_EDGE ( 'NONE', *, *, #5269, .T. ) ;
#705 = CARTESIAN_POINT ( 'NONE',  ( -1.064999999999999503, 0.2149999999999999967, 0.4999999999999995559 ) ) ;
#706 = VECTOR ( 'NONE', #4883, 1000.000000000000000 ) ;
#707 = LINE ( 'NONE', #2078, #1769 ) ;
#708 = VERTEX_POINT ( 'NONE', #6072 ) ;
#709 = ADVANCED_FACE ( 'NONE', ( #2466 ), #1348, .F. ) ;
#710 = UNCERTAINTY_MEASURE_WITH_UNIT (LENGTH_MEASURE( 1.000000000000000082E-05 ), #265, 'distance_accuracy_value', 'NONE');
#711 = AXIS2_PLACEMENT_3D ( 'NONE', #1294, #4981, #4944 ) ;
#712 = CARTESIAN_POINT ( 'NONE',  ( 0.2912443665155568517, 0.3499999999999999778, 0.7303844438303084274 ) ) ;
#713 = VERTEX_POINT ( 'NONE', #421 ) ;
#714 = CARTESIAN_POINT ( 'NONE',  ( -0.5499999999999971578, 1.326135777277262395, -0.8499999999999998668 ) ) ;
#715 = DIRECTION ( 'NONE',  ( -1.000000000000000000, 0.000000000000000000, 1.858632295689436004E-15 ) ) ;
#716 = STYLED_ITEM ( 'NONE', ( #408 ), #4132 ) ;
#717 = ORIENTED_EDGE ( 'NONE', *, *, #3608, .F. ) ;
#718 = ORIENTED_EDGE ( 'NONE', *, *, #3852, .T. ) ;
#719 = EDGE_LOOP ( 'NONE', ( #1887, #4910, #143 ) ) ;
#720 = DIRECTION ( 'NONE',  ( 1.000000000000000000, 0.000000000000000000, 2.572962080709738771E-16 ) ) ;
#721 = ORIENTED_EDGE ( 'NONE', *, *, #6104, .T. ) ;
#722 = CYLINDRICAL_SURFACE ( 'NONE', #3436, 0.07499999999999992784 ) ;
#723 = ADVANCED_FACE ( 'NONE', ( #2501 ), #4588, .T. ) ;
#724 = AXIS2_PLACEMENT_3D ( 'NONE', #2431, #5601, #6174 ) ;
#725 = DIRECTION ( 'NONE',  ( 1.000000000000000000, 0.000000000000000000, 2.572962080709738771E-16 ) ) ;
#726 = ORIENTED_EDGE ( 'NONE', *, *, #2459, .T. ) ;
#727 = SURFACE_SIDE_STYLE ('',( #5438 ) ) ;
#728 = DIRECTION ( 'NONE',  ( 1.000000000000000000, -0.000000000000000000, -0.000000000000000000 ) ) ;
#729 = CARTESIAN_POINT ( 'NONE',  ( -0.3250000000000000111, 0.000000000000000000, -0.5299999999999999156 ) ) ;
#730 = ORIENTED_EDGE ( 'NONE', *, *, #1459, .T. ) ;
#731 = CARTESIAN_POINT ( 'NONE',  ( -1.069999999999999618, 1.661001497005149652, -0.1913252839170866137 ) ) ;
#732 = AXIS2_PLACEMENT_3D ( 'NONE', #298, #5993, #3503 ) ;
#733 = DIRECTION ( 'NONE',  ( 1.000000000000000000, 0.000000000000000000, -0.000000000000000000 ) ) ;
#734 = VECTOR ( 'NONE', #5547, 1000.000000000000000 ) ;
#735 = EDGE_CURVE ( 'NONE', #2993, #5959, #4027, .T. ) ;
#736 = VECTOR ( 'NONE', #4581, 1000.000000000000000 ) ;
#737 = CARTESIAN_POINT ( 'NONE',  ( -0.7499999999999995559, 1.661001497005149652, 0.7999999999999997113 ) ) ;
#738 = CYLINDRICAL_SURFACE ( 'NONE', #2378, 0.07499999999999998335 ) ;
#739 = CARTESIAN_POINT ( 'NONE',  ( -1.249999999999999556, 0.3250000000000000111, 0.000000000000000000 ) ) ;
#740 = ADVANCED_FACE ( 'NONE', ( #1386 ), #1893, .T. ) ;
#741 = ORIENTED_EDGE ( 'NONE', *, *, #5918, .T. ) ;
#742 = VECTOR ( 'NONE', #4950, 1000.000000000000000 ) ;
#743 = ORIENTED_EDGE ( 'NONE', *, *, #1737, .T. ) ;
#744 = DIRECTION ( 'NONE',  ( 0.000000000000000000, 0.000000000000000000, 1.000000000000000000 ) ) ;
#745 = VECTOR ( 'NONE', #1323, 1000.000000000000000 ) ;
#746 = LINE ( 'NONE', #235, #2346 ) ;
#747 = ORIENTED_EDGE ( 'NONE', *, *, #565, .F. ) ;
#748 = EDGE_CURVE ( 'NONE', #5984, #5433, #3403, .T. ) ;
#749 = ADVANCED_FACE ( 'NONE', ( #4930 ), #241, .F. ) ;
#750 = CARTESIAN_POINT ( 'NONE',  ( -0.9593865445117153445, 0.3499999999999999223, 0.1039760693198449742 ) ) ;
#751 = CARTESIAN_POINT ( 'NONE',  ( 0.8249999999999999556, 0.000000000000000000, 0.6599999999999998090 ) ) ;
#752 = EDGE_CURVE ( 'NONE', #934, #2282, #6006, .T. ) ;
#753 = LINE ( 'NONE', #4931, #156 ) ;
#754 = EDGE_LOOP ( 'NONE', ( #5756, #2409, #3737, #6188 ) ) ;
#755 = LINE ( 'NONE', #2843, #6731 ) ;
#756 = ORIENTED_EDGE ( 'NONE', *, *, #535, .T. ) ;
#757 = DIRECTION ( 'NONE',  ( 0.000000000000000000, 1.000000000000000000, 0.000000000000000000 ) ) ;
#758 = EDGE_LOOP ( 'NONE', ( #2420, #1049, #3947, #1632, #4676, #5261 ) ) ;
#759 = LINE ( 'NONE', #3916, #2802 ) ;
#760 = DIRECTION ( 'NONE',  ( 0.000000000000000000, 1.000000000000000000, 0.000000000000000000 ) ) ;
#761 = ORIENTED_EDGE ( 'NONE', *, *, #507, .F. ) ;
#762 = CARTESIAN_POINT ( 'NONE',  ( 0.5913366676085289875, 0.02499999999999984873, -0.6147448925490746063 ) ) ;
#763 = ORIENTED_EDGE ( 'NONE', *, *, #6527, .F. ) ;
#764 = LINE ( 'NONE', #695, #6288 ) ;
#765 = DIRECTION ( 'NONE',  ( -6.195440985631456303E-16, 0.000000000000000000, 1.000000000000000000 ) ) ;
#766 = CARTESIAN_POINT ( 'NONE',  ( -1.249999999999999778, 0.3250000000000000111, -0.2592837430570318347 ) ) ;
#767 = LINE ( 'NONE', #6538, #196 ) ;
#768 = CARTESIAN_POINT ( 'NONE',  ( -0.7374999999999998224, 2.489731222669117727, -0.08250000000000000389 ) ) ;
#769 = LINE ( 'NONE', #4493, #843 ) ;
#770 = UNCERTAINTY_MEASURE_WITH_UNIT (LENGTH_MEASURE( 1.000000000000000082E-05 ), #6166, 'distance_accuracy_value', 'NONE');
#771 = FACE_OUTER_BOUND ( 'NONE', #4529, .T. ) ;
#772 = EDGE_CURVE ( 'NONE', #2118, #5591, #5520, .T. ) ;
#773 = CARTESIAN_POINT ( 'NONE',  ( -1.499999999999999778, -0.4699747468305839893, -0.3499999999999993117 ) ) ;
#774 = DIRECTION ( 'NONE',  ( 1.000000000000000000, 0.000000000000000000, -1.858632295689436004E-15 ) ) ;
#775 = ORIENTED_EDGE ( 'NONE', *, *, #4071, .F. ) ;
#776 = CARTESIAN_POINT ( 'NONE',  ( -0.9593865445117156776, 0.3499999999999999778, 0.2040443338732237100 ) ) ;
#777 = DIRECTION ( 'NONE',  ( 0.000000000000000000, 0.000000000000000000, -1.000000000000000000 ) ) ;
#778 = CARTESIAN_POINT ( 'NONE',  ( -1.064999999999999503, 0.2149999999999999967, -0.4999999999999995559 ) ) ;
#779 = ADVANCED_FACE ( 'NONE', ( #2423 ), #3840, .T. ) ;
#780 = DIRECTION ( 'NONE',  ( 0.000000000000000000, 0.000000000000000000, 1.000000000000000000 ) ) ;
#781 = ORIENTED_EDGE ( 'NONE', *, *, #3608, .T. ) ;
#782 = CARTESIAN_POINT ( 'NONE',  ( -0.7499999999999995559, 0.3499999999999999778, 0.2592837430570318902 ) ) ;
#783 = AXIS2_PLACEMENT_3D ( 'NONE', #5481, #2345, #1878 ) ;
#784 = ORIENTED_EDGE ( 'NONE', *, *, #5223, .T. ) ;
#785 = DIRECTION ( 'NONE',  ( -0.000000000000000000, -1.000000000000000000, -0.000000000000000000 ) ) ;
#786 = DIRECTION ( 'NONE',  ( 0.7071067811865465735, -0.000000000000000000, 0.7071067811865483499 ) ) ;
#787 = ORIENTED_EDGE ( 'NONE', *, *, #98, .F. ) ;
#788 = PLANE ( 'NONE',  #6170 ) ;
#789 = AXIS2_PLACEMENT_3D ( 'NONE', #3454, #4093, #5041 ) ;
#790 = ORIENTED_EDGE ( 'NONE', *, *, #822, .T. ) ;
#791 = DIRECTION ( 'NONE',  ( 0.000000000000000000, 0.000000000000000000, -1.000000000000000000 ) ) ;
#792 = EDGE_LOOP ( 'NONE', ( #6308, #5603, #741, #325 ) ) ;
#793 = CARTESIAN_POINT ( 'NONE',  ( 1.424999999999999600, -0.4699747468305839893, 0.2749999999999993006 ) ) ;
#794 = AXIS2_PLACEMENT_3D ( 'NONE', #4338, #3171, #2635 ) ;
#795 = CARTESIAN_POINT ( 'NONE',  ( 1.299999999999999378, 0.07499999999999998335, 0.7349999999999997646 ) ) ;
#796 = CARTESIAN_POINT ( 'NONE',  ( -0.3537307147608607649, 0.3499999999999999778, 0.7303844438303085385 ) ) ;
#797 = DIRECTION ( 'NONE',  ( -1.000000000000000000, 0.000000000000000000, 1.858632295689436004E-15 ) ) ;
#798 = CARTESIAN_POINT ( 'NONE',  ( 0.9500000000000001776, 0.000000000000000000, 0.6599999999999998090 ) ) ;
#799 = LINE ( 'NONE', #3268, #3216 ) ;
#800 = VECTOR ( 'NONE', #5537, 1000.000000000000000 ) ;
#801 = VECTOR ( 'NONE', #892, 1000.000000000000000 ) ;
#802 = EDGE_CURVE ( 'NONE', #31, #5793, #5566, .T. ) ;
#803 = FACE_BOUND ( 'NONE', #879, .T. ) ;
#804 = DIRECTION ( 'NONE',  ( 0.000000000000000000, 1.000000000000000000, -0.000000000000000000 ) ) ;
#805 = CIRCLE ( 'NONE', #6405, 0.5000000000000000000 ) ;
#806 = VECTOR ( 'NONE', #4834, 1000.000000000000000 ) ;
#807 = CARTESIAN_POINT ( 'NONE',  ( -1.149999999999999689, 0.07499999999999999722, 0.2000000000000000389 ) ) ;
#808 = ORIENTED_EDGE ( 'NONE', *, *, #5355, .T. ) ;
#809 = VERTEX_POINT ( 'NONE', #6614 ) ;
#810 = ORIENTED_EDGE ( 'NONE', *, *, #2019, .T. ) ;
#811 = DIRECTION ( 'NONE',  ( 1.000000000000000000, 0.000000000000000000, -1.858632295689436004E-15 ) ) ;
#812 = VECTOR ( 'NONE', #538, 1000.000000000000000 ) ;
#813 = CIRCLE ( 'NONE', #6628, 0.06499999999999994671 ) ;
#814 = DIRECTION ( 'NONE',  ( -0.000000000000000000, -1.000000000000000000, -0.000000000000000000 ) ) ;
#815 = CARTESIAN_POINT ( 'NONE',  ( -0.3537307147608607649, 0.3499999999999999778, -0.7303844438303085385 ) ) ;
#816 = ORIENTED_EDGE ( 'NONE', *, *, #5286, .F. ) ;
#817 = CIRCLE ( 'NONE', #5652, 0.5000000000000000000 ) ;
#818 = CARTESIAN_POINT ( 'NONE',  ( -1.149999999999999467, 0.02499999999999999792, 0.5499999999999999334 ) ) ;
#819 = ORIENTED_EDGE ( 'NONE', *, *, #4058, .F. ) ;
#820 = EDGE_CURVE ( 'NONE', #4703, #4748, #6555, .T. ) ;
#821 = PLANE ( 'NONE',  #6086 ) ;
#822 = EDGE_CURVE ( 'NONE', #3005, #6581, #2930, .T. ) ;
#823 = AXIS2_PLACEMENT_3D ( 'NONE', #4659, #3514, #5067 ) ;
#824 = EDGE_CURVE ( 'NONE', #2585, #2181, #4475, .T. ) ;
#825 = ORIENTED_EDGE ( 'NONE', *, *, #949, .T. ) ;
#826 = CARTESIAN_POINT ( 'NONE',  ( -0.3250000000000000666, 0.02499999999999984873, -0.4299999999999997158 ) ) ;
#827 = EDGE_LOOP ( 'NONE', ( #5388, #181, #6168, #1215 ) ) ;
#828 = ORIENTED_EDGE ( 'NONE', *, *, #6747, .T. ) ;
#829 = DIRECTION ( 'NONE',  ( 0.7071067811865470176, 0.000000000000000000, -0.7071067811865480168 ) ) ;
#830 = ADVANCED_FACE ( 'NONE', ( #2897 ), #2841, .T. ) ;
#831 = CARTESIAN_POINT ( 'NONE',  ( -0.3999999999999999667, 0.000000000000000000, -0.3549999999999997602 ) ) ;
#832 = EDGE_CURVE ( 'NONE', #185, #3644, #3908, .T. ) ;
#833 = LINE ( 'NONE', #3961, #6219 ) ;
#834 = ORIENTED_EDGE ( 'NONE', *, *, #146, .T. ) ;
#835 = VECTOR ( 'NONE', #4142, 1000.000000000000000 ) ;
#836 = FACE_OUTER_BOUND ( 'NONE', #5860, .T. ) ;
#837 = EDGE_CURVE ( 'NONE', #1444, #884, #3675, .T. ) ;
#838 = PRESENTATION_LAYER_ASSIGNMENT (  '', '', ( #5888 ) ) ;
#839 = CARTESIAN_POINT ( 'NONE',  ( 0.1175000000000002848, 0.000000000000000000, 0.4949999999999997735 ) ) ;
#840 = CARTESIAN_POINT ( 'NONE',  ( -0.8249999999999999556, 2.489731222669117727, 0.7850000000000000311 ) ) ;
#841 = LINE ( 'NONE', #872, #4673 ) ;
#842 = ORIENTED_EDGE ( 'NONE', *, *, #1499, .T. ) ;
#843 = VECTOR ( 'NONE', #2386, 1000.000000000000000 ) ;
#844 = LINE ( 'NONE', #705, #2276 ) ;
#845 = PRESENTATION_STYLE_ASSIGNMENT (( #3369 ) ) ;
#846 = VERTEX_POINT ( 'NONE', #3342 ) ;
#847 = DIRECTION ( 'NONE',  ( 0.000000000000000000, 0.000000000000000000, 1.000000000000000000 ) ) ;
#848 = ORIENTED_EDGE ( 'NONE', *, *, #3468, .F. ) ;
#849 = AXIS2_PLACEMENT_3D ( 'NONE', #3876, #1792, #6486 ) ;
#850 = ORIENTED_EDGE ( 'NONE', *, *, #73, .F. ) ;
#851 = VECTOR ( 'NONE', #403, 1000.000000000000000 ) ;
#852 = DIRECTION ( 'NONE',  ( 0.000000000000000000, -1.000000000000000000, 0.000000000000000000 ) ) ;
#853 = CARTESIAN_POINT ( 'NONE',  ( 0.1375000000000000389, 0.000000000000000000, -0.08250000000000001776 ) ) ;
#854 = LINE ( 'NONE', #2932, #4968 ) ;
#855 = VECTOR ( 'NONE', #5926, 1000.000000000000000 ) ;
#856 = EDGE_LOOP ( 'NONE', ( #4594, #2663, #5980, #4712, #2091, #4515, #1558, #4485, #4140, #5408, #6787, #2185, #2468, #1255, #5361, #466 ) ) ;
#857 = DIRECTION ( 'NONE',  ( 0.000000000000000000, 1.000000000000000000, 0.000000000000000000 ) ) ;
#858 = ADVANCED_FACE ( 'NONE', ( #2807 ), #6035, .F. ) ;
#859 = EDGE_LOOP ( 'NONE', ( #5437, #6237, #5497, #3659 ) ) ;
#860 = FILL_AREA_STYLE ('',( #2368 ) ) ;
#861 = LINE ( 'NONE', #4481, #2538 ) ;
#862 = PRODUCT ( 'EVP-BB1AAB000', 'EVP-BB1AAB000', '', ( #978 ) ) ;
#863 = VERTEX_POINT ( 'NONE', #2321 ) ;
#864 = CARTESIAN_POINT ( 'NONE',  ( 0.5699999999999995071, 0.3250000000000000111, 0.1913252839170866137 ) ) ;
#865 = ORIENTED_EDGE ( 'NONE', *, *, #772, .T. ) ;
#866 = CARTESIAN_POINT ( 'NONE',  ( 0.6625000000000005329, 2.489731222669117727, 0.7849999999999999201 ) ) ;
#867 = ADVANCED_FACE ( 'NONE', ( #4959 ), #1309, .F. ) ;
#868 = DIRECTION ( 'NONE',  ( 0.000000000000000000, 0.000000000000000000, -1.000000000000000000 ) ) ;
#869 = EDGE_CURVE ( 'NONE', #5290, #310, #5464, .T. ) ;
#870 = LINE ( 'NONE', #3330, #6074 ) ;
#871 = DIRECTION ( 'NONE',  ( 0.000000000000000000, 1.000000000000000000, 0.000000000000000000 ) ) ;
#872 = CARTESIAN_POINT ( 'NONE',  ( 0.04250000000000028061, 0.000000000000000000, 0.3549999999999997602 ) ) ;
#873 = ORIENTED_EDGE ( 'NONE', *, *, #5389, .F. ) ;
#874 = EDGE_CURVE ( 'NONE', #5793, #4019, #5781, .T. ) ;
#875 = DIRECTION ( 'NONE',  ( 0.000000000000000000, 1.000000000000000000, 0.000000000000000000 ) ) ;
#876 = CARTESIAN_POINT ( 'NONE',  ( -1.299999999999999600, 0.2250000000000000056, 0.4999999999999995559 ) ) ;
#877 = VERTEX_POINT ( 'NONE', #6064 ) ;
#878 = PLANE ( 'NONE',  #3536 ) ;
#879 = EDGE_LOOP ( 'NONE', ( #5559, #218, #5079, #1501, #991, #2665, #4823, #5136 ) ) ;
#880 = EDGE_CURVE ( 'NONE', #4215, #4279, #3442, .T. ) ;
#881 = DIRECTION ( 'NONE',  ( -0.000000000000000000, -1.000000000000000000, -0.000000000000000000 ) ) ;
#882 = PLANE ( 'NONE',  #3090 ) ;
#883 = CARTESIAN_POINT ( 'NONE',  ( 0.6750000000000000444, 0.000000000000000000, 0.5299999999999999156 ) ) ;
#884 = VERTEX_POINT ( 'NONE', #509 ) ;
#885 = LINE ( 'NONE', #4018, #3869 ) ;
#886 = DIRECTION ( 'NONE',  ( -0.7025510745092516940, 0.000000000000000000, -0.7116333239147081269 ) ) ;
#887 = VERTEX_POINT ( 'NONE', #3580 ) ;
#888 = LINE ( 'NONE', #3615, #2476 ) ;
#889 = LINE ( 'NONE', #2470, #2655 ) ;
#890 = VERTEX_POINT ( 'NONE', #5101 ) ;
#891 = ORIENTED_EDGE ( 'NONE', *, *, #1024, .F. ) ;
#892 = DIRECTION ( 'NONE',  ( 0.000000000000000000, 1.000000000000000000, 0.000000000000000000 ) ) ;
#893 = CARTESIAN_POINT ( 'NONE',  ( -0.4651012171537801110, 0.5149999999999999023, -0.05028626221636209315 ) ) ;
#894 = VERTEX_POINT ( 'NONE', #3543 ) ;
#895 = EDGE_CURVE ( 'NONE', #3300, #3744, #6110, .T. ) ;
#896 = DIRECTION ( 'NONE',  ( 1.000000000000000000, 0.000000000000000000, 6.195440985631456303E-16 ) ) ;
#897 = CARTESIAN_POINT ( 'NONE',  ( 1.299999999999999600, 1.851433752247375164, 0.7349999999999997646 ) ) ;
#898 = ORIENTED_EDGE ( 'NONE', *, *, #975, .T. ) ;
#899 = CARTESIAN_POINT ( 'NONE',  ( 1.149999999999999467, 0.07499999999999999722, -0.5499999999999999334 ) ) ;
#900 = ORIENTED_EDGE ( 'NONE', *, *, #1164, .T. ) ;
#901 = PLANE ( 'NONE',  #3645 ) ;
#902 = ADVANCED_FACE ( 'NONE', ( #1011 ), #4013, .F. ) ;
#903 = EDGE_LOOP ( 'NONE', ( #252, #1149, #2203, #6040 ) ) ;
#904 = DIRECTION ( 'NONE',  ( 0.000000000000000000, 0.000000000000000000, 1.000000000000000000 ) ) ;
#905 = EDGE_CURVE ( 'NONE', #2045, #3227, #2524, .T. ) ;
#906 = FACE_OUTER_BOUND ( 'NONE', #1282, .T. ) ;
#907 = DIRECTION ( 'NONE',  ( -0.5807029557109358864, 0.000000000000000000, -0.8141155183563220099 ) ) ;
#908 = ORIENTED_EDGE ( 'NONE', *, *, #1784, .F. ) ;
#909 = FILL_AREA_STYLE ('',( #1376 ) ) ;
#910 = AXIS2_PLACEMENT_3D ( 'NONE', #1889, #4471, #3872 ) ;
#911 = DIRECTION ( 'NONE',  ( -1.224646799147353207E-16, 0.000000000000000000, 1.000000000000000000 ) ) ;
#912 = AXIS2_PLACEMENT_3D ( 'NONE', #6019, #3798, #289 ) ;
#913 = CARTESIAN_POINT ( 'NONE',  ( 0.7374999999999998224, 0.02499999999999984873, -0.08250000000000000389 ) ) ;
#914 = VECTOR ( 'NONE', #6384, 1000.000000000000000 ) ;
#915 = EDGE_CURVE ( 'NONE', #336, #2957, #4083, .T. ) ;
#916 = CARTESIAN_POINT ( 'NONE',  ( -0.2125000000000000222, 0.000000000000000000, -0.08250000000000001776 ) ) ;
#917 = AXIS2_PLACEMENT_3D ( 'NONE', #2384, #5509, #4463 ) ;
#918 = ORIENTED_EDGE ( 'NONE', *, *, #6406, .T. ) ;
#919 = VECTOR ( 'NONE', #5942, 1000.000000000000114 ) ;
#920 = CARTESIAN_POINT ( 'NONE',  ( -0.1375000000000000389, 2.489731222669117727, -0.08250000000000001776 ) ) ;
#921 = DIRECTION ( 'NONE',  ( 0.000000000000000000, 0.000000000000000000, 1.000000000000000000 ) ) ;
#922 = AXIS2_PLACEMENT_3D ( 'NONE', #2207, #2385, #1820 ) ;
#923 = VERTEX_POINT ( 'NONE', #6789 ) ;
#924 = CARTESIAN_POINT ( 'NONE',  ( -0.5999999999999994227, 2.489731222669117727, 0.3549999999999997602 ) ) ;
#925 = ORIENTED_EDGE ( 'NONE', *, *, #1604, .T. ) ;
#926 = DIRECTION ( 'NONE',  ( 1.084202172485504828E-15, 0.000000000000000000, 1.000000000000000000 ) ) ;
#927 = CARTESIAN_POINT ( 'NONE',  ( -0.4680279112968440125, 0.5149999999999997913, 1.558540622947912624E-16 ) ) ;
#928 = EDGE_CURVE ( 'NONE', #6653, #2216, #5573, .T. ) ;
#929 = VERTEX_POINT ( 'NONE', #6238 ) ;
#930 = AXIS2_PLACEMENT_3D ( 'NONE', #328, #3922, #5541 ) ;
#931 = DIRECTION ( 'NONE',  ( -0.000000000000000000, -1.000000000000000000, -0.000000000000000000 ) ) ;
#932 = CARTESIAN_POINT ( 'NONE',  ( 1.499999999999999556, 0.07499999999999999722, 0.2749999999999993006 ) ) ;
#933 = ORIENTED_EDGE ( 'NONE', *, *, #1355, .F. ) ;
#934 = VERTEX_POINT ( 'NONE', #411 ) ;
#935 = CARTESIAN_POINT ( 'NONE',  ( 0.2125000000000000222, 0.000000000000000000, -0.1574999999999999734 ) ) ;
#936 = EDGE_CURVE ( 'NONE', #6323, #31, #6717, .T. ) ;
#937 = AXIS2_PLACEMENT_3D ( 'NONE', #519, #4262, #2184 ) ;
#938 = CARTESIAN_POINT ( 'NONE',  ( -0.3374999999999998002, 0.02499999999999984873, -0.6849999999999997202 ) ) ;
#939 = DIRECTION ( 'NONE',  ( -1.000000000000000000, 0.000000000000000000, -2.950209993157834926E-16 ) ) ;
#940 = EDGE_CURVE ( 'NONE', #887, #5038, #1923, .T. ) ;
#941 = CARTESIAN_POINT ( 'NONE',  ( 0.9500000000000003997, 0.000000000000000000, -0.6599999999999998090 ) ) ;
#942 = VECTOR ( 'NONE', #1047, 1000.000000000000000 ) ;
#943 = CIRCLE ( 'NONE', #4788, 0.07499999999999992784 ) ;
#944 = ORIENTED_EDGE ( 'NONE', *, *, #1517, .F. ) ;
#945 = VECTOR ( 'NONE', #4710, 1000.000000000000000 ) ;
#946 = CARTESIAN_POINT ( 'NONE',  ( -0.6749999999999993783, 2.489731222669117727, -0.4299999999999997158 ) ) ;
#947 = CARTESIAN_POINT ( 'NONE',  ( -0.5999999999999994227, 2.489731222669117727, -0.4299999999999997158 ) ) ;
#948 = AXIS2_PLACEMENT_3D ( 'NONE', #4328, #91, #5278 ) ;
#949 = EDGE_CURVE ( 'NONE', #1308, #3486, #980, .T. ) ;
#950 = DIRECTION ( 'NONE',  ( 0.000000000000000000, -1.000000000000000000, 0.000000000000000000 ) ) ;
#951 = VERTEX_POINT ( 'NONE', #4117 ) ;
#952 = CARTESIAN_POINT ( 'NONE',  ( 0.6624999999999999778, 0.02499999999999984873, 0.08250000000000001776 ) ) ;
#953 = AXIS2_PLACEMENT_3D ( 'NONE', #2021, #5651, #1401 ) ;
#954 = EDGE_CURVE ( 'NONE', #951, #3083, #2068, .T. ) ;
#955 = DIRECTION ( 'NONE',  ( 0.000000000000000000, 0.000000000000000000, -1.000000000000000000 ) ) ;
#956 = ORIENTED_EDGE ( 'NONE', *, *, #3629, .T. ) ;
#957 = PLANE ( 'NONE',  #4617 ) ;
#958 = CIRCLE ( 'NONE', #318, 0.5000000000000000000 ) ;
#959 = ORIENTED_EDGE ( 'NONE', *, *, #1200, .T. ) ;
#960 = ORIENTED_EDGE ( 'NONE', *, *, #4043, .T. ) ;
#961 = CARTESIAN_POINT ( 'NONE',  ( -1.149999999999999467, 0.02499999999999995628, 0.5499999999999999334 ) ) ;
#962 = CARTESIAN_POINT ( 'NONE',  ( 0.3848609354016582773, 0.5150000000000002354, 0.2738946391165775762 ) ) ;
#963 = ORIENTED_EDGE ( 'NONE', *, *, #5299, .T. ) ;
#964 = DIRECTION ( 'NONE',  ( 6.195440985631456303E-16, 0.000000000000000000, -1.000000000000000000 ) ) ;
#965 = CARTESIAN_POINT ( 'NONE',  ( -0.8249999999999999556, 0.02499999999999984873, -0.7849999999999998090 ) ) ;
#966 = ORIENTED_EDGE ( 'NONE', *, *, #1306, .F. ) ;
#967 = DIRECTION ( 'NONE',  ( -1.084202172485504828E-15, 0.000000000000000000, 1.000000000000000000 ) ) ;
#968 = ORIENTED_EDGE ( 'NONE', *, *, #6687, .T. ) ;
#969 = CARTESIAN_POINT ( 'NONE',  ( -1.234999999999998321, 0.02500000000000000139, -0.1999999999999997613 ) ) ;
#970 = VERTEX_POINT ( 'NONE', #3609 ) ;
#971 = DIRECTION ( 'NONE',  ( 0.000000000000000000, 0.000000000000000000, -1.000000000000000000 ) ) ;
#972 = FACE_OUTER_BOUND ( 'NONE', #1983, .T. ) ;
#973 = PLANE ( 'NONE',  #2020 ) ;
#974 = DIRECTION ( 'NONE',  ( -1.606225440719270558E-16, 0.000000000000000000, -1.000000000000000000 ) ) ;
#975 = EDGE_CURVE ( 'NONE', #3129, #6743, #5168, .T. ) ;
#976 = EDGE_LOOP ( 'NONE', ( #4416, #2758, #6367, #268 ) ) ;
#977 = ORIENTED_EDGE ( 'NONE', *, *, #5657, .T. ) ;
#978 = PRODUCT_CONTEXT ( 'NONE', #555, 'mechanical' ) ;
#979 = EDGE_CURVE ( 'NONE', #2296, #29, #4041, .T. ) ;
#980 = LINE ( 'NONE', #946, #1059 ) ;
#981 = CARTESIAN_POINT ( 'NONE',  ( 0.7499999999999995559, 1.661001497005149652, 0.7999999999999997113 ) ) ;
#982 = CARTESIAN_POINT ( 'NONE',  ( -1.499999999999999556, 0.07499999999999999722, 0.2749999999999993006 ) ) ;
#983 = ORIENTED_EDGE ( 'NONE', *, *, #6596, .F. ) ;
#984 = CARTESIAN_POINT ( 'NONE',  ( -0.3537307147608607649, 0.3499999999999999778, 0.7303844438303085385 ) ) ;
#985 = DIRECTION ( 'NONE',  ( 6.672013369141570147E-16, 0.000000000000000000, -1.000000000000000000 ) ) ;
#986 = VERTEX_POINT ( 'NONE', #5207 ) ;
#987 = EDGE_CURVE ( 'NONE', #4501, #87, #4694, .T. ) ;
#988 = FACE_OUTER_BOUND ( 'NONE', #6261, .T. ) ;
#989 = CARTESIAN_POINT ( 'NONE',  ( -1.064999999999999503, 0.2149999999999999967, -0.4999999999999995559 ) ) ;
#990 = ORIENTED_EDGE ( 'NONE', *, *, #1712, .T. ) ;
#991 = ORIENTED_EDGE ( 'NONE', *, *, #4767, .T. ) ;
#992 = CARTESIAN_POINT ( 'NONE',  ( 1.064999999999999503, 0.2149999999999999967, -0.5649999999999995026 ) ) ;
#993 = CARTESIAN_POINT ( 'NONE',  ( 0.5844463605362089087, 0.3500000000000000333, -0.7015244245103348097 ) ) ;
#994 = EDGE_LOOP ( 'NONE', ( #1231, #1654, #2985, #4196 ) ) ;
#995 = DIRECTION ( 'NONE',  ( -1.000000000000000000, 0.000000000000000000, -2.562659680420284750E-15 ) ) ;
#996 = LINE ( 'NONE', #2052, #142 ) ;
#997 = VERTEX_POINT ( 'NONE', #4612 ) ;
#998 = EDGE_CURVE ( 'NONE', #3083, #3227, #2556, .T. ) ;
#999 = LINE ( 'NONE', #2543, #3186 ) ;
#1000 = ORIENTED_EDGE ( 'NONE', *, *, #3585, .F. ) ;
#1001 = DIRECTION ( 'NONE',  ( -1.000000000000000000, -0.000000000000000000, -0.000000000000000000 ) ) ;
#1002 = ORIENTED_EDGE ( 'NONE', *, *, #5705, .F. ) ;
#1003 = PLANE ( 'NONE',  #4689 ) ;
#1004 = DIRECTION ( 'NONE',  ( 0.000000000000000000, 1.000000000000000000, 0.000000000000000000 ) ) ;
#1005 = PRESENTATION_STYLE_ASSIGNMENT (( #5162 ) ) ;
#1006 = CARTESIAN_POINT ( 'NONE',  ( 1.499999999999999778, 0.07499999999999999722, 0.3499999999999993117 ) ) ;
#1007 = ORIENTED_EDGE ( 'NONE', *, *, #3505, .F. ) ;
#1008 = VECTOR ( 'NONE', #3717, 1000.000000000000000 ) ;
#1009 = ORIENTED_EDGE ( 'NONE', *, *, #6626, .T. ) ;
#1010 = ADVANCED_FACE ( 'NONE', ( #2598 ), #374, .F. ) ;
#1011 = FACE_OUTER_BOUND ( 'NONE', #1467, .T. ) ;
#1012 = SURFACE_SIDE_STYLE ('',( #4582 ) ) ;
#1013 = PLANE ( 'NONE',  #4082 ) ;
#1014 = ORIENTED_EDGE ( 'NONE', *, *, #2140, .T. ) ;
#1015 = CARTESIAN_POINT ( 'NONE',  ( -0.3250000000000000111, 0.000000000000000000, 0.4299999999999997158 ) ) ;
#1016 = AXIS2_PLACEMENT_3D ( 'NONE', #2462, #2842, #5596 ) ;
#1017 = AXIS2_PLACEMENT_3D ( 'NONE', #1039, #1138, #5234 ) ;
#1018 = DIRECTION ( 'NONE',  ( 0.000000000000000000, 0.000000000000000000, -1.000000000000000000 ) ) ;
#1019 = VERTEX_POINT ( 'NONE', #3510 ) ;
#1020 = CARTESIAN_POINT ( 'NONE',  ( 1.234999999999999654, 1.851433752247375164, 0.7349999999999997646 ) ) ;
#1021 = VECTOR ( 'NONE', #5621, 1000.000000000000000 ) ;
#1022 = DIRECTION ( 'NONE',  ( -0.000000000000000000, -1.000000000000000000, -0.000000000000000000 ) ) ;
#1023 = ORIENTED_EDGE ( 'NONE', *, *, #2283, .F. ) ;
#1024 = EDGE_CURVE ( 'NONE', #4480, #2613, #198, .T. ) ;
#1025 = VECTOR ( 'NONE', #2117, 1000.000000000000000 ) ;
#1026 = ADVANCED_FACE ( 'NONE', ( #2496 ), #2176, .F. ) ;
#1027 = ORIENTED_EDGE ( 'NONE', *, *, #2811, .F. ) ;
#1028 = CYLINDRICAL_SURFACE ( 'NONE', #43, 0.07499999999999991396 ) ;
#1029 = ORIENTED_EDGE ( 'NONE', *, *, #2756, .T. ) ;
#1030 = CARTESIAN_POINT ( 'NONE',  ( -0.2912443665155567962, 0.3499999999999999778, -0.7303844438303085385 ) ) ;
#1031 = DIRECTION ( 'NONE',  ( 0.000000000000000000, 0.000000000000000000, 1.000000000000000000 ) ) ;
#1032 = ORIENTED_EDGE ( 'NONE', *, *, #6245, .F. ) ;
#1033 = CIRCLE ( 'NONE', #3753, 0.4677028131658454990 ) ;
#1034 = STYLED_ITEM ( 'NONE', ( #5830 ), #2342 ) ;
#1035 = DIRECTION ( 'NONE',  ( 0.000000000000000000, 1.000000000000000000, 0.000000000000000000 ) ) ;
#1036 = ADVANCED_FACE ( 'NONE', ( #126 ), #6347, .T. ) ;
#1037 = LINE ( 'NONE', #4632, #5063 ) ;
#1038 = ORIENTED_EDGE ( 'NONE', *, *, #2801, .F. ) ;
#1039 = CARTESIAN_POINT ( 'NONE',  ( -1.499999999999999556, 0.02499999999999995628, -0.2749999999999993006 ) ) ;
#1040 = ADVANCED_FACE ( 'NONE', ( #5354 ), #2142, .F. ) ;
#1041 = AXIS2_PLACEMENT_3D ( 'NONE', #1102, #733, #6536 ) ;
#1042 = DIRECTION ( 'NONE',  ( 6.195440985631456303E-16, 0.000000000000000000, 1.000000000000000000 ) ) ;
#1043 = ORIENTED_EDGE ( 'NONE', *, *, #6772, .T. ) ;
#1044 = EDGE_CURVE ( 'NONE', #92, #1630, #414, .T. ) ;
#1045 = CARTESIAN_POINT ( 'NONE',  ( -0.3375000000000001332, 0.02499999999999984873, -0.7849999999999998090 ) ) ;
#1046 = VECTOR ( 'NONE', #6071, 1000.000000000000000 ) ;
#1047 = DIRECTION ( 'NONE',  ( 0.000000000000000000, -1.000000000000000000, 0.000000000000000000 ) ) ;
#1048 = CARTESIAN_POINT ( 'NONE',  ( -0.4086633323914709570, 0.000000000000000000, -0.6147448925490746063 ) ) ;
#1049 = ORIENTED_EDGE ( 'NONE', *, *, #5726, .T. ) ;
#1050 = EDGE_CURVE ( 'NONE', #2696, #3267, #2205, .T. ) ;
#1051 = DIRECTION ( 'NONE',  ( -0.000000000000000000, 1.000000000000000000, -0.000000000000000000 ) ) ;
#1052 = CARTESIAN_POINT ( 'NONE',  ( 0.6624999999999998668, 2.489731222669117727, -0.7849999999999999201 ) ) ;
#1053 = AXIS2_PLACEMENT_3D ( 'NONE', #3365, #1328, #4426 ) ;
#1054 = CARTESIAN_POINT ( 'NONE',  ( 1.157057759178160783, 0.3499999999999999778, 0.5496352209124993893 ) ) ;
#1055 = ORIENTED_EDGE ( 'NONE', *, *, #6182, .T. ) ;
#1056 = DIRECTION ( 'NONE',  ( 0.000000000000000000, 0.000000000000000000, 1.000000000000000000 ) ) ;
#1057 = ORIENTED_EDGE ( 'NONE', *, *, #6529, .F. ) ;
#1058 = AXIS2_PLACEMENT_3D ( 'NONE', #6184, #3963, #1460 ) ;
#1059 = VECTOR ( 'NONE', #1510, 1000.000000000000000 ) ;
#1060 = FACE_OUTER_BOUND ( 'NONE', #3601, .T. ) ;
#1061 = CARTESIAN_POINT ( 'NONE',  ( 0.1175000000000002293, 0.02499999999999984873, 0.4299999999999996603 ) ) ;
#1062 = VERTEX_POINT ( 'NONE', #1152 ) ;
#1063 = EDGE_LOOP ( 'NONE', ( #4610, #4331, #3315, #4979 ) ) ;
#1064 = DIRECTION ( 'NONE',  ( 0.8141155183563220099, 0.000000000000000000, 0.5807029557109358864 ) ) ;
#1065 = EDGE_CURVE ( 'NONE', #2272, #2615, #6005, .T. ) ;
#1066 = CIRCLE ( 'NONE', #3028, 0.06499999999999994671 ) ;
#1067 = DIRECTION ( 'NONE',  ( 0.000000000000000000, 0.000000000000000000, 1.000000000000000000 ) ) ;
#1068 = ORIENTED_EDGE ( 'NONE', *, *, #6021, .F. ) ;
#1069 = EDGE_CURVE ( 'NONE', #4131, #4229, #1618, .T. ) ;
#1070 = VECTOR ( 'NONE', #1847, 1000.000000000000000 ) ;
#1071 = CARTESIAN_POINT ( 'NONE',  ( -0.5499999999999971578, 0.2249999999999999500, -0.8499999999999998668 ) ) ;
#1072 = CARTESIAN_POINT ( 'NONE',  ( 0.000000000000000000, 0.5350000000000000311, 0.000000000000000000 ) ) ;
#1073 = CARTESIAN_POINT ( 'NONE',  ( 0.3537307147608607649, 0.3499999999999999778, -0.1247286140794534731 ) ) ;
#1074 = DIRECTION ( 'NONE',  ( -1.239088197126289486E-15, 0.000000000000000000, 1.000000000000000000 ) ) ;
#1075 = EDGE_CURVE ( 'NONE', #4954, #5637, #4757, .T. ) ;
#1076 = LINE ( 'NONE', #2650, #2926 ) ;
#1077 = CARTESIAN_POINT ( 'NONE',  ( 0.5913366676085289875, 0.000000000000000000, -0.6147448925490746063 ) ) ;
#1078 = LINE ( 'NONE', #2792, #248 ) ;
#1079 = VERTEX_POINT ( 'NONE', #3677 ) ;
#1080 = ORIENTED_EDGE ( 'NONE', *, *, #4600, .T. ) ;
#1081 = EDGE_CURVE ( 'NONE', #5731, #1452, #1179, .T. ) ;
#1082 = ORIENTED_EDGE ( 'NONE', *, *, #3287, .T. ) ;
#1083 = LINE ( 'NONE', #4824, #5014 ) ;
#1084 = CARTESIAN_POINT ( 'NONE',  ( 1.149999999999999467, 0.07499999999999999722, 0.5499999999999999334 ) ) ;
#1085 = EDGE_CURVE ( 'NONE', #426, #3820, #6664, .T. ) ;
#1086 = CARTESIAN_POINT ( 'NONE',  ( -0.7499999999999995559, 0.3250000000000000111, 0.7999999999999997113 ) ) ;
#1087 = ORIENTED_EDGE ( 'NONE', *, *, #5155, .T. ) ;
#1088 = DIRECTION ( 'NONE',  ( -0.000000000000000000, -1.000000000000000000, -0.000000000000000000 ) ) ;
#1089 = DIRECTION ( 'NONE',  ( -0.000000000000000000, -1.000000000000000000, -0.000000000000000000 ) ) ;
#1090 = EDGE_LOOP ( 'NONE', ( #2229, #1522, #5126, #682 ) ) ;
#1091 = CARTESIAN_POINT ( 'NONE',  ( -0.9593865445117156776, 0.3499999999999999778, 0.1247286140794535703 ) ) ;
#1092 = DIRECTION ( 'NONE',  ( 1.000000000000000000, 0.000000000000000000, -1.239088197126289486E-15 ) ) ;
#1093 = CARTESIAN_POINT ( 'NONE',  ( -0.8427657606103799992, 0.3250000000000000111, 0.8999999999999995781 ) ) ;
#1094 = ORIENTED_EDGE ( 'NONE', *, *, #3864, .F. ) ;
#1095 = VERTEX_POINT ( 'NONE', #6409 ) ;
#1096 = DIRECTION ( 'NONE',  ( 0.000000000000000000, 0.000000000000000000, 1.000000000000000000 ) ) ;
#1097 = LINE ( 'NONE', #3249, #5978 ) ;
#1098 = DIRECTION ( 'NONE',  ( 0.000000000000000000, -1.000000000000000000, 0.000000000000000000 ) ) ;
#1099 = CARTESIAN_POINT ( 'NONE',  ( -0.8427657606103799992, 0.3250000000000000111, 0.8999999999999995781 ) ) ;
#1100 = CARTESIAN_POINT ( 'NONE',  ( 4.336808689942017736E-16, 0.2249999999999999500, 0.7999999999999997113 ) ) ;
#1101 = PLANE ( 'NONE',  #2986 ) ;
#1102 = CARTESIAN_POINT ( 'NONE',  ( 0.5500000000000029310, 1.326135777277262395, -0.8499999999999998668 ) ) ;
#1103 = CARTESIAN_POINT ( 'NONE',  ( 0.3250000000000000111, 0.02499999999999984873, -0.5299999999999999156 ) ) ;
#1104 = EDGE_CURVE ( 'NONE', #6080, #4626, #1083, .T. ) ;
#1105 = CARTESIAN_POINT ( 'NONE',  ( -0.3250000000000000111, 0.02499999999999984873, 0.5299999999999999156 ) ) ;
#1106 = FACE_OUTER_BOUND ( 'NONE', #4890, .T. ) ;
#1107 = CYLINDRICAL_SURFACE ( 'NONE', #3938, 0.1250000000000002220 ) ;
#1108 = ORIENTED_EDGE ( 'NONE', *, *, #4500, .F. ) ;
#1109 = DIRECTION ( 'NONE',  ( 0.000000000000000000, 0.000000000000000000, 1.000000000000000000 ) ) ;
#1110 = ADVANCED_FACE ( 'NONE', ( #1686 ), #3773, .F. ) ;
#1111 = EDGE_CURVE ( 'NONE', #997, #1264, #3472, .T. ) ;
#1112 = EDGE_LOOP ( 'NONE', ( #944, #4942, #3548, #2044 ) ) ;
#1113 = VERTEX_POINT ( 'NONE', #5386 ) ;
#1114 = EDGE_CURVE ( 'NONE', #585, #1336, #670, .T. ) ;
#1115 = DIRECTION ( 'NONE',  ( 0.000000000000000000, 1.000000000000000000, 0.000000000000000000 ) ) ;
#1116 = CARTESIAN_POINT ( 'NONE',  ( -0.3374999999999998002, 2.489731222669117727, -0.6849999999999997202 ) ) ;
#1117 = CARTESIAN_POINT ( 'NONE',  ( -0.04249999999999988509, 0.000000000000000000, 0.3549999999999997602 ) ) ;
#1118 = EDGE_LOOP ( 'NONE', ( #2674, #3499, #1130, #3269 ) ) ;
#1119 = CARTESIAN_POINT ( 'NONE',  ( 0.6624999999999998668, 2.489731222669117727, 0.6849999999999998312 ) ) ;
#1120 = VERTEX_POINT ( 'NONE', #5758 ) ;
#1121 = CYLINDRICAL_SURFACE ( 'NONE', #794, 0.07499999999999998335 ) ;
#1122 = EDGE_CURVE ( 'NONE', #3607, #1922, #1541, .T. ) ;
#1123 = LINE ( 'NONE', #5939, #2558 ) ;
#1124 = ORIENTED_EDGE ( 'NONE', *, *, #1898, .F. ) ;
#1125 = CARTESIAN_POINT ( 'NONE',  ( 1.149999999999999689, 0.07499999999999999722, 0.2000000000000000389 ) ) ;
#1126 = CARTESIAN_POINT ( 'NONE',  ( 5.727707530957653070E-17, 0.5350000000000000311, -0.4677028131658454990 ) ) ;
#1127 = ORIENTED_EDGE ( 'NONE', *, *, #4767, .F. ) ;
#1128 = ORIENTED_EDGE ( 'NONE', *, *, #822, .F. ) ;
#1129 = CARTESIAN_POINT ( 'NONE',  ( 0.4086633323914709570, 0.02499999999999984873, -0.6147448925490746063 ) ) ;
#1130 = ORIENTED_EDGE ( 'NONE', *, *, #3047, .T. ) ;
#1131 = AXIS2_PLACEMENT_3D ( 'NONE', #4167, #4713, #4785 ) ;
#1132 = CARTESIAN_POINT ( 'NONE',  ( 1.149999999999999689, 0.02499999999999995628, -0.2000000000000000389 ) ) ;
#1133 = FACE_OUTER_BOUND ( 'NONE', #4792, .T. ) ;
#1134 = AXIS2_PLACEMENT_3D ( 'NONE', #5287, #1163, #3242 ) ;
#1135 = CARTESIAN_POINT ( 'NONE',  ( 0.2125000000000000222, 0.02499999999999984873, -0.1575000000000000011 ) ) ;
#1136 = LINE ( 'NONE', #4814, #2488 ) ;
#1137 = LINE ( 'NONE', #1566, #5960 ) ;
#1138 = DIRECTION ( 'NONE',  ( 0.000000000000000000, -1.000000000000000000, -0.000000000000000000 ) ) ;
#1139 = DIRECTION ( 'NONE',  ( -0.000000000000000000, 1.000000000000000000, -0.000000000000000000 ) ) ;
#1140 = DIRECTION ( 'NONE',  ( 1.000000000000000000, 0.000000000000000000, 0.000000000000000000 ) ) ;
#1141 = VECTOR ( 'NONE', #4393, 1000.000000000000000 ) ;
#1142 = VECTOR ( 'NONE', #1620, 1000.000000000000000 ) ;
#1143 = CARTESIAN_POINT ( 'NONE',  ( -1.299999999999999600, 0.02500000000000000139, -0.7349999999999997646 ) ) ;
#1144 = ORIENTED_EDGE ( 'NONE', *, *, #3742, .F. ) ;
#1145 = PLANE ( 'NONE',  #6544 ) ;
#1146 = AXIS2_PLACEMENT_3D ( 'NONE', #982, #3066, #512 ) ;
#1147 = FACE_OUTER_BOUND ( 'NONE', #2225, .T. ) ;
#1148 = ORIENTED_EDGE ( 'NONE', *, *, #240, .F. ) ;
#1149 = ORIENTED_EDGE ( 'NONE', *, *, #5389, .T. ) ;
#1150 = ADVANCED_FACE ( 'NONE', ( #541 ), #2629, .T. ) ;
#1151 = CIRCLE ( 'NONE', #5328, 0.07499999999999998335 ) ;
#1152 = CARTESIAN_POINT ( 'NONE',  ( -1.069999999999999840, 0.2250000000000000056, -0.1913252839170866415 ) ) ;
#1153 = EDGE_CURVE ( 'NONE', #451, #6162, #4177, .T. ) ;
#1154 = CYLINDRICAL_SURFACE ( 'NONE', #4310, 0.1250000000000002220 ) ;
#1155 = CIRCLE ( 'NONE', #5760, 0.07499999999999991396 ) ;
#1156 = CARTESIAN_POINT ( 'NONE',  ( 0.5500000000000029310, 0.2249999999999999500, -0.7999999999999998224 ) ) ;
#1157 = CLOSED_SHELL ( 'NONE', ( #4548, #830, #3119, #4889, #5882, #377, #1469, #6192, #3444, #278, #3985, #6363, #5696, #2425, #5327, #2534, #4099, #4302 ) ) ;
#1158 = CARTESIAN_POINT ( 'NONE',  ( 0.2912443665155567962, 0.3499999999999999778, -0.7303844438303085385 ) ) ;
#1159 = EDGE_LOOP ( 'NONE', ( #5807, #5661, #1774, #5090, #3248, #6361, #6457, #4858, #5258, #4928, #3373, #1489, #5085, #6488, #908, #4309 ) ) ;
#1160 = DIRECTION ( 'NONE',  ( 0.000000000000000000, 0.000000000000000000, 1.000000000000000000 ) ) ;
#1161 = CIRCLE ( 'NONE', #2697, 0.06499999999999994671 ) ;
#1162 = EDGE_CURVE ( 'NONE', #3082, #5433, #420, .T. ) ;
#1163 = DIRECTION ( 'NONE',  ( 0.000000000000000000, 1.000000000000000000, -0.000000000000000000 ) ) ;
#1164 = EDGE_CURVE ( 'NONE', #4279, #3138, #1066, .T. ) ;
#1165 = VECTOR ( 'NONE', #2720, 1000.000000000000000 ) ;
#1166 = ORIENTED_EDGE ( 'NONE', *, *, #2863, .T. ) ;
#1167 =( LENGTH_UNIT ( ) NAMED_UNIT ( * ) SI_UNIT ( .MILLI., .METRE. ) );
#1168 = EDGE_LOOP ( 'NONE', ( #684, #4303, #3067, #848 ) ) ;
#1169 = CARTESIAN_POINT ( 'NONE',  ( 0.5913366676085289875, 0.02499999999999984873, -0.6147448925490746063 ) ) ;
#1170 = FACE_OUTER_BOUND ( 'NONE', #5221, .T. ) ;
#1171 = ADVANCED_FACE ( 'NONE', ( #771 ), #6547, .F. ) ;
#1172 = ORIENTED_EDGE ( 'NONE', *, *, #1650, .F. ) ;
#1173 = VECTOR ( 'NONE', #1614, 1000.000000000000000 ) ;
#1174 = CARTESIAN_POINT ( 'NONE',  ( -1.157057759178160783, 0.3250000000000000111, -0.5496352209124993893 ) ) ;
#1175 = VECTOR ( 'NONE', #348, 1000.000000000000000 ) ;
#1176 = DIRECTION ( 'NONE',  ( -0.000000000000000000, -1.000000000000000000, 0.000000000000000000 ) ) ;
#1177 = CARTESIAN_POINT ( 'NONE',  ( -0.9445302004049205280, 0.3499999999999999778, 0.8475878694638663280 ) ) ;
#1178 = CYLINDRICAL_SURFACE ( 'NONE', #1250, 0.07499999999999996947 ) ;
#1179 = CIRCLE ( 'NONE', #5676, 0.04330127018922183546 ) ;
#1180 = DIRECTION ( 'NONE',  ( -1.000000000000000000, 0.000000000000000000, 0.000000000000000000 ) ) ;
#1181 = DIRECTION ( 'NONE',  ( 1.239088197126289486E-15, 0.000000000000000000, -1.000000000000000000 ) ) ;
#1182 = DIRECTION ( 'NONE',  ( -0.000000000000000000, 1.000000000000000000, -0.000000000000000000 ) ) ;
#1183 = VECTOR ( 'NONE', #4846, 1000.000000000000000 ) ;
#1184 = ORIENTED_EDGE ( 'NONE', *, *, #5954, .F. ) ;
#1185 = DIRECTION ( 'NONE',  ( 0.000000000000000000, 0.000000000000000000, 1.000000000000000000 ) ) ;
#1186 = CARTESIAN_POINT ( 'NONE',  ( -1.424999999999999600, 0.07499999999999999722, 0.2749999999999993006 ) ) ;
#1187 = ORIENTED_EDGE ( 'NONE', *, *, #5239, .F. ) ;
#1188 = DIRECTION ( 'NONE',  ( -0.000000000000000000, 1.000000000000000000, -0.000000000000000000 ) ) ;
#1189 = ORIENTED_EDGE ( 'NONE', *, *, #36, .T. ) ;
#1190 = CARTESIAN_POINT ( 'NONE',  ( -0.9276533538734086370, 0.3499999999999999778, 0.3646351321769975007 ) ) ;
#1191 = EDGE_CURVE ( 'NONE', #5352, #1192, #844, .T. ) ;
#1192 = VERTEX_POINT ( 'NONE', #264 ) ;
#1193 = DIRECTION ( 'NONE',  ( 1.000000000000000000, 0.000000000000000000, 0.000000000000000000 ) ) ;
#1194 = CARTESIAN_POINT ( 'NONE',  ( 0.000000000000000000, 0.5954479298831145684, 0.000000000000000000 ) ) ;
#1195 = VERTEX_POINT ( 'NONE', #6478 ) ;
#1196 = CARTESIAN_POINT ( 'NONE',  ( 0.8427657606103799992, 0.3250000000000000111, -0.8999999999999995781 ) ) ;
#1197 = ORIENTED_EDGE ( 'NONE', *, *, #1512, .T. ) ;
#1198 = CARTESIAN_POINT ( 'NONE',  ( 0.04250000000000028061, 0.02499999999999984873, 0.3549999999999997602 ) ) ;
#1199 = EDGE_LOOP ( 'NONE', ( #6061, #5773, #730, #2161 ) ) ;
#1200 = EDGE_CURVE ( 'NONE', #4229, #392, #302, .T. ) ;
#1201 = SPHERICAL_SURFACE ( 'NONE', #6540, 0.04999999999999998196 ) ;
#1202 = DIRECTION ( 'NONE',  ( 0.000000000000000000, 0.000000000000000000, 1.000000000000000000 ) ) ;
#1203 = CARTESIAN_POINT ( 'NONE',  ( -1.424999999999999600, 0.07499999999999999722, -0.1999999999999993450 ) ) ;
#1204 = VERTEX_POINT ( 'NONE', #2858 ) ;
#1205 = CARTESIAN_POINT ( 'NONE',  ( 0.9999999999999995559, 0.2149999999999999967, 0.5649999999999995026 ) ) ;
#1206 = CARTESIAN_POINT ( 'NONE',  ( 0.04250000000000012101, 2.489731222669117727, -0.3549999999999997602 ) ) ;
#1207 = CARTESIAN_POINT ( 'NONE',  ( -1.149999999999999467, 0.07499999999999999722, 0.5499999999999999334 ) ) ;
#1208 = CARTESIAN_POINT ( 'NONE',  ( -0.1174999999999998407, 2.489731222669117727, -0.4949999999999997735 ) ) ;
#1209 = CYLINDRICAL_SURFACE ( 'NONE', #6158, 0.1249999999999998890 ) ;
#1210 = ORIENTED_EDGE ( 'NONE', *, *, #5336, .T. ) ;
#1211 = CARTESIAN_POINT ( 'NONE',  ( -0.3999999999999999667, 0.000000000000000000, -0.3549999999999997602 ) ) ;
#1212 = PLANE ( 'NONE',  #2785 ) ;
#1213 = ORIENTED_EDGE ( 'NONE', *, *, #1065, .T. ) ;
#1214 = EDGE_CURVE ( 'NONE', #316, #579, #1302, .T. ) ;
#1215 = ORIENTED_EDGE ( 'NONE', *, *, #4355, .T. ) ;
#1216 = CARTESIAN_POINT ( 'NONE',  ( 0.2038619738783786495, 0.5149999999999999023, 0.4209349320853011389 ) ) ;
#1217 = ORIENTED_EDGE ( 'NONE', *, *, #1237, .F. ) ;
#1218 = DIRECTION ( 'NONE',  ( 1.000000000000000000, -0.000000000000000000, 0.000000000000000000 ) ) ;
#1219 = CARTESIAN_POINT ( 'NONE',  ( -1.149999999999999467, 0.02499999999999999792, -0.5499999999999999334 ) ) ;
#1220 = ORIENTED_EDGE ( 'NONE', *, *, #4970, .F. ) ;
#1221 = ORIENTED_EDGE ( 'NONE', *, *, #164, .T. ) ;
#1222 = CARTESIAN_POINT ( 'NONE',  ( -1.299999999999999600, 0.2149999999999999967, 0.4999999999999995559 ) ) ;
#1223 = EDGE_LOOP ( 'NONE', ( #3727, #2099, #2158, #3305 ) ) ;
#1224 = LINE ( 'NONE', #3312, #4542 ) ;
#1225 = EDGE_CURVE ( 'NONE', #521, #2642, #2389, .T. ) ;
#1226 = ORIENTED_EDGE ( 'NONE', *, *, #146, .F. ) ;
#1227 = DIRECTION ( 'NONE',  ( -0.000000000000000000, 1.000000000000000000, 0.000000000000000000 ) ) ;
#1228 = VECTOR ( 'NONE', #2336, 1000.000000000000000 ) ;
#1229 = B_SPLINE_SURFACE_WITH_KNOTS ( 'NONE', 3, 1, ( 
 ( #6501, #1873 ),
 ( #1777, #2006 ),
 ( #391, #5736 ),
 ( #5046, #962 ),
 ( #2436, #2509 ),
 ( #5183, #3493 ),
 ( #5639, #2049 ),
 ( #3621, #487 ),
 ( #2572, #2537 ),
 ( #2976, #5150 ),
 ( #4520, #4627 ),
 ( #6671, #6770 ),
 ( #1526, #6635 ),
 ( #1944, #5605 ),
 ( #993, #3046 ),
 ( #3011, #5120 ),
 ( #4026, #4130 ),
 ( #357, #3996 ),
 ( #456, #6148 ),
 ( #6735, #429 ),
 ( #1030, #1419 ),
 ( #4596, #4096 ),
 ( #1390, #4666 ),
 ( #1909, #6118 ),
 ( #6220, #6253 ),
 ( #1494, #2475 ),
 ( #4562, #893 ),
 ( #5077, #3522 ),
 ( #6180, #927 ),
 ( #6699, #1971 ),
 ( #4056, #1457 ),
 ( #3559, #3076 ),
 ( #5674, #3592 ),
 ( #5704, #526 ),
 ( #6802, #5811 ),
 ( #4197, #1633 ),
 ( #2611, #32 ),
 ( #1602, #5880 ),
 ( #589, #4159 ),
 ( #6284, #5916 ),
 ( #2220, #4811 ),
 ( #6324, #3658 ) ),
 .UNSPECIFIED., .T., .F., .F.,
 ( 4, 1, 1, 1, 2, 1, 1, 1, 2, 1, 1, 1, 2, 1, 1, 1, 2, 1, 1, 1, 2, 1, 1, 1, 2, 1, 1, 1, 2, 1, 1, 1, 4 ),
 ( 2, 2 ),
 ( 0.000000000000000000, 0.04049817698819008216, 0.08099635397638016432, 0.1214945309645702465, 0.1619927079527603286, 0.1725888448515589813, 0.1831849817503576339, 0.1937811186491562865, 0.2043772555479549391, 0.2448754325361450768, 0.2853736095243351034, 0.3258717865125252411, 0.3663699635007153232, 0.3997774726255365341, 0.4331849817503576894, 0.4665924908751789002, 0.5000000000000001110, 0.5404981769881902487, 0.5809963539763802753, 0.6214945309645703020, 0.6619927079527604397, 0.6725888448515591200, 0.6831849817503576894, 0.6937811186491563697, 0.7043772555479550501, 0.7448754325361451878, 0.7853736095243351034, 0.8258717865125252411, 0.8663699635007153788, 0.8997774726255365341, 0.9331849817503576894, 0.9665924908751788447, 1.000000000000000000 ),
 ( 0.000000000000000000, 1.000000000000000000 ),
 .UNSPECIFIED. ) ;
#1230 = CARTESIAN_POINT ( 'NONE',  ( -1.149999999999999467, 0.07499999999999999722, 0.5499999999999999334 ) ) ;
#1231 = ORIENTED_EDGE ( 'NONE', *, *, #1365, .F. ) ;
#1232 = FACE_OUTER_BOUND ( 'NONE', #6694, .T. ) ;
#1233 = PLANE ( 'NONE',  #393 ) ;
#1234 = VECTOR ( 'NONE', #4317, 1000.000000000000000 ) ;
#1235 = CARTESIAN_POINT ( 'NONE',  ( -0.9445302004049205280, 0.3250000000000000111, -0.8475878694638663280 ) ) ;
#1236 = LINE ( 'NONE', #6503, #734 ) ;
#1237 = EDGE_CURVE ( 'NONE', #5165, #1834, #6576, .T. ) ;
#1238 = DIRECTION ( 'NONE',  ( 0.000000000000000000, 0.000000000000000000, 1.000000000000000000 ) ) ;
#1239 = CIRCLE ( 'NONE', #266, 0.07499999999999996947 ) ;
#1240 = CARTESIAN_POINT ( 'NONE',  ( -0.6624999999999996447, 0.000000000000000000, -0.6849999999999997202 ) ) ;
#1241 = VERTEX_POINT ( 'NONE', #6510 ) ;
#1242 = EDGE_LOOP ( 'NONE', ( #718, #128, #6713, #4624 ) ) ;
#1243 = EDGE_CURVE ( 'NONE', #6227, #2521, #2350, .T. ) ;
#1244 = DIRECTION ( 'NONE',  ( 0.000000000000000000, 0.000000000000000000, 1.000000000000000000 ) ) ;
#1245 = VECTOR ( 'NONE', #3834, 1000.000000000000000 ) ;
#1246 = VECTOR ( 'NONE', #364, 1000.000000000000000 ) ;
#1247 = CARTESIAN_POINT ( 'NONE',  ( -0.2125000000000000222, 0.000000000000000000, 0.08250000000000001776 ) ) ;
#1248 = FACE_OUTER_BOUND ( 'NONE', #3583, .T. ) ;
#1249 = ADVANCED_FACE ( 'NONE', ( #5484 ), #6446, .T. ) ;
#1250 = AXIS2_PLACEMENT_3D ( 'NONE', #3258, #3698, #5819 ) ;
#1251 = CARTESIAN_POINT ( 'NONE',  ( 1.234999999999999654, 0.02499999999999999792, -0.7349999999999997646 ) ) ;
#1252 = DIRECTION ( 'NONE',  ( -0.000000000000000000, -1.000000000000000000, -0.000000000000000000 ) ) ;
#1253 = VECTOR ( 'NONE', #6722, 1000.000000000000000 ) ;
#1254 = DIRECTION ( 'NONE',  ( 0.000000000000000000, 0.000000000000000000, -1.000000000000000000 ) ) ;
#1255 = ORIENTED_EDGE ( 'NONE', *, *, #4238, .F. ) ;
#1256 = CARTESIAN_POINT ( 'NONE',  ( 1.149999999999999689, 0.07499999999999999722, 0.2000000000000000389 ) ) ;
#1257 = COLOUR_RGB ( '',1.000000000000000000, 1.000000000000000000, 1.000000000000000000 ) ;
#1258 = ORIENTED_EDGE ( 'NONE', *, *, #4716, .F. ) ;
#1259 = EDGE_CURVE ( 'NONE', #4771, #6467, #5511, .T. ) ;
#1260 = CARTESIAN_POINT ( 'NONE',  ( -0.7374999999999998224, 2.489731222669117727, 0.08250000000000003164 ) ) ;
#1261 = AXIS2_PLACEMENT_3D ( 'NONE', #4865, #3241, #6353 ) ;
#1262 = ORIENTED_EDGE ( 'NONE', *, *, #5167, .F. ) ;
#1263 = CARTESIAN_POINT ( 'NONE',  ( -1.424999999999999600, -0.4699747468305839893, 0.1999999999999993450 ) ) ;
#1264 = VERTEX_POINT ( 'NONE', #3435 ) ;
#1265 = LINE ( 'NONE', #4943, #2447 ) ;
#1266 = STYLED_ITEM ( 'NONE', ( #3161 ), #224 ) ;
#1267 = CLOSED_SHELL ( 'NONE', ( #4386, #6108, #5752, #1171, #5238, #155, #430, #2794 ) ) ;
#1268 = FACE_OUTER_BOUND ( 'NONE', #5236, .T. ) ;
#1269 = CIRCLE ( 'NONE', #4893, 0.4677028131658454990 ) ;
#1270 = VECTOR ( 'NONE', #3218, 1000.000000000000000 ) ;
#1271 = VECTOR ( 'NONE', #4504, 1000.000000000000000 ) ;
#1272 = DIRECTION ( 'NONE',  ( 0.000000000000000000, -1.000000000000000000, -0.000000000000000000 ) ) ;
#1273 = CARTESIAN_POINT ( 'NONE',  ( 1.149999999999999467, 0.02500000000000000139, 0.7349999999999997646 ) ) ;
#1274 = DIRECTION ( 'NONE',  ( 0.000000000000000000, 1.000000000000000000, 0.000000000000000000 ) ) ;
#1275 = DIRECTION ( 'NONE',  ( 1.000000000000000000, -0.000000000000000000, -0.000000000000000000 ) ) ;
#1276 = VECTOR ( 'NONE', #44, 1000.000000000000000 ) ;
#1277 = DIRECTION ( 'NONE',  ( -6.195440985631456303E-16, 0.000000000000000000, -1.000000000000000000 ) ) ;
#1278 = ADVANCED_FACE ( 'NONE', ( #803, #5997, #2889, #233, #4468 ), #1751, .F. ) ;
#1279 = PLANE ( 'NONE',  #4427 ) ;
#1280 = CIRCLE ( 'NONE', #3579, 0.5000000000000000000 ) ;
#1281 = PLANE ( 'NONE',  #1989 ) ;
#1282 = EDGE_LOOP ( 'NONE', ( #1613, #1172, #2520, #2456, #2607, #351, #6018, #2782, #132, #3597, #6651, #3758, #4151, #1023, #1937, #6716 ) ) ;
#1283 = CARTESIAN_POINT ( 'NONE',  ( -0.7889616633844754867, 0.3499999999999996447, 0.5689656325201033482 ) ) ;
#1284 = CARTESIAN_POINT ( 'NONE',  ( 0.2125000000000000222, 0.000000000000000000, 0.1575000000000000011 ) ) ;
#1285 = DIRECTION ( 'NONE',  ( -1.000000000000000000, 0.000000000000000000, -2.572962080709738771E-16 ) ) ;
#1286 = PLANE ( 'NONE',  #5080 ) ;
#1287 = ORIENTED_EDGE ( 'NONE', *, *, #591, .F. ) ;
#1288 = DIRECTION ( 'NONE',  ( 1.000000000000000000, 0.000000000000000000, 0.000000000000000000 ) ) ;
#1289 = ORIENTED_EDGE ( 'NONE', *, *, #5821, .F. ) ;
#1290 = DIRECTION ( 'NONE',  ( 0.000000000000000000, -1.000000000000000000, 0.000000000000000000 ) ) ;
#1291 = ORIENTED_EDGE ( 'NONE', *, *, #4115, .T. ) ;
#1292 = CARTESIAN_POINT ( 'NONE',  ( -1.149999999999999467, 0.07499999999999999722, -0.5499999999999999334 ) ) ;
#1293 = ORIENTED_EDGE ( 'NONE', *, *, #4210, .F. ) ;
#1294 = CARTESIAN_POINT ( 'NONE',  ( -1.064999999999999503, 0.2149999999999999967, -0.5649999999999995026 ) ) ;
#1295 = FACE_OUTER_BOUND ( 'NONE', #5284, .T. ) ;
#1296 = CARTESIAN_POINT ( 'NONE',  ( -0.5913366676085289875, 2.489731222669117727, -0.6147448925490746063 ) ) ;
#1297 = DIRECTION ( 'NONE',  ( -6.505213034913017138E-15, 0.000000000000000000, 1.000000000000000000 ) ) ;
#1298 = DIRECTION ( 'NONE',  ( -0.000000000000000000, 1.000000000000000000, -0.000000000000000000 ) ) ;
#1299 = EDGE_CURVE ( 'NONE', #5300, #3719, #1331, .T. ) ;
#1300 = CARTESIAN_POINT ( 'NONE',  ( 0.000000000000000000, 0.5799999999999998490, 0.000000000000000000 ) ) ;
#1301 = ORIENTED_EDGE ( 'NONE', *, *, #4933, .T. ) ;
#1302 = LINE ( 'NONE', #2797, #207 ) ;
#1303 = FACE_OUTER_BOUND ( 'NONE', #5915, .T. ) ;
#1304 = ADVANCED_FACE ( 'NONE', ( #339 ), #2416, .T. ) ;
#1305 = CARTESIAN_POINT ( 'NONE',  ( -1.149999999999999467, 0.07499999999999999722, 0.5499999999999999334 ) ) ;
#1306 = EDGE_CURVE ( 'NONE', #5330, #2844, #2833, .T. ) ;
#1307 = ORIENTED_EDGE ( 'NONE', *, *, #3215, .T. ) ;
#1308 = VERTEX_POINT ( 'NONE', #3368 ) ;
#1309 = PLANE ( 'NONE',  #3128 ) ;
#1310 = DIRECTION ( 'NONE',  ( -0.000000000000000000, -1.000000000000000000, -0.000000000000000000 ) ) ;
#1311 = ORIENTED_EDGE ( 'NONE', *, *, #1850, .F. ) ;
#1312 = CARTESIAN_POINT ( 'NONE',  ( -0.2125000000000000222, 0.02499999999999984873, -0.1575000000000000011 ) ) ;
#1313 = ORIENTED_EDGE ( 'NONE', *, *, #3157, .F. ) ;
#1314 = CARTESIAN_POINT ( 'NONE',  ( 0.2038647517185510905, 0.5149999999999999023, 0.4209406645153400128 ) ) ;
#1315 = EDGE_CURVE ( 'NONE', #3501, #3457, #467, .T. ) ;
#1316 = ORIENTED_EDGE ( 'NONE', *, *, #2879, .F. ) ;
#1317 = DIRECTION ( 'NONE',  ( 0.000000000000000000, 0.000000000000000000, -1.000000000000000000 ) ) ;
#1318 = ORIENTED_EDGE ( 'NONE', *, *, #1561, .T. ) ;
#1319 = DIRECTION ( 'NONE',  ( 0.000000000000000000, -1.000000000000000000, 0.000000000000000000 ) ) ;
#1320 = CARTESIAN_POINT ( 'NONE',  ( 0.04250000000000028061, 0.02499999999999984873, 0.3549999999999997602 ) ) ;
#1321 = CARTESIAN_POINT ( 'NONE',  ( -0.9445302004049205280, 0.3250000000000000111, -0.8475878694638663280 ) ) ;
#1322 = ORIENTED_EDGE ( 'NONE', *, *, #652, .T. ) ;
#1323 = DIRECTION ( 'NONE',  ( -1.000000000000000000, 0.000000000000000000, -2.562659680420284750E-15 ) ) ;
#1324 = VECTOR ( 'NONE', #760, 1000.000000000000000 ) ;
#1325 = DIRECTION ( 'NONE',  ( -0.000000000000000000, 1.000000000000000000, 0.000000000000000000 ) ) ;
#1326 = CARTESIAN_POINT ( 'NONE',  ( -0.3999999999999999667, 0.02499999999999984873, -0.3549999999999997602 ) ) ;
#1327 = CARTESIAN_POINT ( 'NONE',  ( 1.069999999999999840, 1.661001497005149652, -0.1913252839170866415 ) ) ;
#1328 = DIRECTION ( 'NONE',  ( 0.000000000000000000, 1.000000000000000000, 0.000000000000000000 ) ) ;
#1329 = VECTOR ( 'NONE', #2407, 999.9999999999998863 ) ;
#1330 = ORIENTED_EDGE ( 'NONE', *, *, #615, .T. ) ;
#1331 = LINE ( 'NONE', #5028, #636 ) ;
#1332 = DIRECTION ( 'NONE',  ( -0.000000000000000000, -1.000000000000000000, -0.000000000000000000 ) ) ;
#1333 = ORIENTED_EDGE ( 'NONE', *, *, #4506, .T. ) ;
#1334 = VECTOR ( 'NONE', #68, 1000.000000000000000 ) ;
#1335 = CARTESIAN_POINT ( 'NONE',  ( -1.299999999999999378, 0.02499999999999984873, -0.5499999999999997113 ) ) ;
#1336 = VERTEX_POINT ( 'NONE', #6130 ) ;
#1337 = ORIENTED_EDGE ( 'NONE', *, *, #748, .T. ) ;
#1338 = VECTOR ( 'NONE', #4750, 1000.000000000000000 ) ;
#1339 = EDGE_CURVE ( 'NONE', #355, #5032, #4641, .T. ) ;
#1340 = CIRCLE ( 'NONE', #2234, 0.06499999999999994671 ) ;
#1341 = CARTESIAN_POINT ( 'NONE',  ( 0.4086633323914709570, 0.02499999999999984873, 0.6147448925490746063 ) ) ;
#1342 = CARTESIAN_POINT ( 'NONE',  ( -0.9770577591781608451, 0.3250000000000000111, 0.4816767617725544182 ) ) ;
#1343 = VECTOR ( 'NONE', #4760, 1000.000000000000000 ) ;
#1344 = LINE ( 'NONE', #3445, #5859 ) ;
#1345 = ORIENTED_EDGE ( 'NONE', *, *, #15, .F. ) ;
#1346 = FACE_OUTER_BOUND ( 'NONE', #6776, .T. ) ;
#1347 = EDGE_CURVE ( 'NONE', #4193, #5352, #6095, .T. ) ;
#1348 = CYLINDRICAL_SURFACE ( 'NONE', #76, 0.06499999999999994671 ) ;
#1349 = ADVANCED_FACE ( 'NONE', ( #4576 ), #6748, .F. ) ;
#1350 = AXIS2_PLACEMENT_3D ( 'NONE', #4510, #613, #5800 ) ;
#1351 = ORIENTED_EDGE ( 'NONE', *, *, #3810, .T. ) ;
#1352 = DIRECTION ( 'NONE',  ( -0.000000000000000000, -1.000000000000000000, -0.000000000000000000 ) ) ;
#1353 = ORIENTED_EDGE ( 'NONE', *, *, #5286, .T. ) ;
#1354 = ORIENTED_EDGE ( 'NONE', *, *, #2647, .T. ) ;
#1355 = EDGE_CURVE ( 'NONE', #6557, #894, #3133, .T. ) ;
#1356 = CARTESIAN_POINT ( 'NONE',  ( -1.424999999999999600, 0.07499999999999999722, -0.2749999999999993006 ) ) ;
#1357 = ORIENTED_EDGE ( 'NONE', *, *, #5619, .T. ) ;
#1358 = LINE ( 'NONE', #2274, #6304 ) ;
#1359 = VECTOR ( 'NONE', #144, 1000.000000000000000 ) ;
#1360 = VERTEX_POINT ( 'NONE', #6710 ) ;
#1361 = CYLINDRICAL_SURFACE ( 'NONE', #3127, 0.1250000000000002220 ) ;
#1362 = AXIS2_PLACEMENT_3D ( 'NONE', #2644, #1098, #1031 ) ;
#1363 = CARTESIAN_POINT ( 'NONE',  ( -0.3537307147608607649, 0.3499999999999999778, -0.1247286140794534731 ) ) ;
#1364 = DIRECTION ( 'NONE',  ( -0.000000000000000000, -1.000000000000000000, -0.000000000000000000 ) ) ;
#1365 = EDGE_CURVE ( 'NONE', #6375, #6402, #4797, .T. ) ;
#1366 = FACE_OUTER_BOUND ( 'NONE', #249, .T. ) ;
#1367 = CIRCLE ( 'NONE', #2813, 0.07499999999999998335 ) ;
#1368 = EDGE_LOOP ( 'NONE', ( #2987, #4871, #6522, #1805 ) ) ;
#1369 = AXIS2_PLACEMENT_3D ( 'NONE', #6336, #41, #1640 ) ;
#1370 = CARTESIAN_POINT ( 'NONE',  ( 0.3250000000000000111, 2.489731222669117727, -0.5299999999999999156 ) ) ;
#1371 = DIRECTION ( 'NONE',  ( 0.000000000000000000, 0.000000000000000000, -1.000000000000000000 ) ) ;
#1372 = ORIENTED_EDGE ( 'NONE', *, *, #2706, .T. ) ;
#1373 = FACE_BOUND ( 'NONE', #6721, .T. ) ;
#1374 = VECTOR ( 'NONE', #1758, 1000.000000000000000 ) ;
#1375 = ORIENTED_EDGE ( 'NONE', *, *, #2576, .F. ) ;
#1376 = FILL_AREA_STYLE_COLOUR ( '', #5656 ) ;
#1377 = EDGE_CURVE ( 'NONE', #365, #1113, #6159, .T. ) ;
#1378 = VECTOR ( 'NONE', #2284, 1000.000000000000000 ) ;
#1379 = CARTESIAN_POINT ( 'NONE',  ( 0.3250000000000000111, 2.489731222669117727, 0.3549999999999997047 ) ) ;
#1380 = DIRECTION ( 'NONE',  ( -1.000000000000000000, 0.000000000000000000, 0.000000000000000000 ) ) ;
#1381 = ADVANCED_FACE ( 'NONE', ( #2491 ), #2988, .T. ) ;
#1382 = FACE_OUTER_BOUND ( 'NONE', #4176, .T. ) ;
#1383 = ORIENTED_EDGE ( 'NONE', *, *, #1377, .F. ) ;
#1384 = CARTESIAN_POINT ( 'NONE',  ( 1.249999999999999778, 0.3250000000000000111, 0.2592837430570318347 ) ) ;
#1385 = ORIENTED_EDGE ( 'NONE', *, *, #3003, .T. ) ;
#1386 = FACE_OUTER_BOUND ( 'NONE', #1695, .T. ) ;
#1387 = CARTESIAN_POINT ( 'NONE',  ( 0.8427657606103799992, 0.3499999999999999778, 0.7749999999999996891 ) ) ;
#1388 = EDGE_LOOP ( 'NONE', ( #1345, #6283, #3008, #5129 ) ) ;
#1389 = CARTESIAN_POINT ( 'NONE',  ( -0.9770577591781610671, 1.661001497005149652, -0.4816767617725544737 ) ) ;
#1390 = CARTESIAN_POINT ( 'NONE',  ( -0.5844463605362097969, 0.3499999999999996447, -0.7015244245103351428 ) ) ;
#1391 = CARTESIAN_POINT ( 'NONE',  ( 1.157057759178160783, 0.3250000000000000111, -0.5496352209124993893 ) ) ;
#1392 = ORIENTED_EDGE ( 'NONE', *, *, #1306, .T. ) ;
#1393 = EDGE_CURVE ( 'NONE', #3501, #2759, #4495, .T. ) ;
#1394 = DIRECTION ( 'NONE',  ( 0.000000000000000000, 0.000000000000000000, 1.000000000000000000 ) ) ;
#1395 = LINE ( 'NONE', #6640, #2809 ) ;
#1396 = LINE ( 'NONE', #3498, #3301 ) ;
#1397 = VERTEX_POINT ( 'NONE', #1980 ) ;
#1398 = ORIENTED_EDGE ( 'NONE', *, *, #3784, .F. ) ;
#1399 = CARTESIAN_POINT ( 'NONE',  ( -1.424999999999999600, 0.07499999999999999722, 0.1999999999999993450 ) ) ;
#1400 = ORIENTED_EDGE ( 'NONE', *, *, #6491, .F. ) ;
#1401 = DIRECTION ( 'NONE',  ( 0.000000000000000000, 0.000000000000000000, -1.000000000000000000 ) ) ;
#1402 = ORIENTED_EDGE ( 'NONE', *, *, #4183, .T. ) ;
#1403 = CARTESIAN_POINT ( 'NONE',  ( 0.3374999999999999112, 2.489731222669117727, 0.6849999999999998312 ) ) ;
#1404 = CARTESIAN_POINT ( 'NONE',  ( 1.499999999999999556, -0.4699747468305839893, 0.2749999999999993006 ) ) ;
#1405 = B_SPLINE_CURVE_WITH_KNOTS ( 'NONE', 1,
 ( #1788, #5030 ),
 .UNSPECIFIED., .F., .F.,
 ( 2, 2 ),
 ( 0.000000000000000000, 1.000000000000000000 ),
 .UNSPECIFIED. ) ;
#1406 = ORIENTED_EDGE ( 'NONE', *, *, #3434, .T. ) ;
#1407 = CARTESIAN_POINT ( 'NONE',  ( -1.149999999999999689, -0.4699747468305839893, 0.2000000000000000389 ) ) ;
#1408 = DIRECTION ( 'NONE',  ( -0.000000000000000000, 1.000000000000000000, -0.000000000000000000 ) ) ;
#1409 = DIRECTION ( 'NONE',  ( -0.000000000000000000, -1.000000000000000000, 0.000000000000000000 ) ) ;
#1410 = VERTEX_POINT ( 'NONE', #6193 ) ;
#1411 = LINE ( 'NONE', #3448, #1046 ) ;
#1412 = ORIENTED_EDGE ( 'NONE', *, *, #5923, .T. ) ;
#1413 = CARTESIAN_POINT ( 'NONE',  ( -0.3999999999999999667, 2.489731222669117727, -0.3549999999999997602 ) ) ;
#1414 = CARTESIAN_POINT ( 'NONE',  ( 0.6750000000000000444, 0.000000000000000000, -0.5299999999999999156 ) ) ;
#1415 = ORIENTED_EDGE ( 'NONE', *, *, #2846, .T. ) ;
#1416 = EDGE_LOOP ( 'NONE', ( #2970, #1068, #464, #5397 ) ) ;
#1417 = CARTESIAN_POINT ( 'NONE',  ( -1.499999999999999778, -0.4699747468305839893, 0.3499999999999993117 ) ) ;
#1418 = EDGE_CURVE ( 'NONE', #923, #4609, #2715, .T. ) ;
#1419 = CARTESIAN_POINT ( 'NONE',  ( -0.1738536163239007004, 0.5149999999999999023, -0.4354682067959151359 ) ) ;
#1420 = AXIS2_PLACEMENT_3D ( 'NONE', #5382, #603, #701 ) ;
#1421 = ORIENTED_EDGE ( 'NONE', *, *, #1225, .T. ) ;
#1422 = DIRECTION ( 'NONE',  ( 6.195440985631456303E-16, 0.000000000000000000, -1.000000000000000000 ) ) ;
#1423 = EDGE_CURVE ( 'NONE', #5881, #316, #6773, .T. ) ;
#1424 = EDGE_CURVE ( 'NONE', #336, #4867, #3602, .T. ) ;
#1425 = DIRECTION ( 'NONE',  ( 0.000000000000000000, 1.000000000000000000, 0.000000000000000000 ) ) ;
#1426 = DIRECTION ( 'NONE',  ( -1.000000000000000000, 0.000000000000000000, 0.000000000000000000 ) ) ;
#1427 = ORIENTED_EDGE ( 'NONE', *, *, #3017, .F. ) ;
#1428 = CARTESIAN_POINT ( 'NONE',  ( 0.1175000000000000350, 0.02499999999999984873, -0.4949999999999997735 ) ) ;
#1429 = EDGE_LOOP ( 'NONE', ( #3306, #1009, #2608, #1508 ) ) ;
#1430 = LINE ( 'NONE', #6745, #706 ) ;
#1431 = VECTOR ( 'NONE', #2580, 1000.000000000000000 ) ;
#1432 = ADVANCED_FACE ( 'NONE', ( #4006 ), #1003, .F. ) ;
#1433 = CARTESIAN_POINT ( 'NONE',  ( -1.424999999999999600, -0.4699747468305839893, -0.1999999999999993450 ) ) ;
#1434 = ADVANCED_FACE ( 'NONE', ( #2449 ), #3570, .F. ) ;
#1435 = CARTESIAN_POINT ( 'NONE',  ( 1.249999999999999556, 0.3499999999999999778, 0.000000000000000000 ) ) ;
#1436 = LINE ( 'NONE', #5654, #3428 ) ;
#1437 = AXIS2_PLACEMENT_3D ( 'NONE', #4415, #3890, #6017 ) ;
#1438 = ADVANCED_FACE ( 'NONE', ( #4072 ), #2548, .F. ) ;
#1439 = ORIENTED_EDGE ( 'NONE', *, *, #3276, .T. ) ;
#1440 = DIRECTION ( 'NONE',  ( 0.000000000000000000, 0.000000000000000000, 1.000000000000000000 ) ) ;
#1441 = AXIS2_PLACEMENT_3D ( 'NONE', #1759, #2961, #2867 ) ;
#1442 = AXIS2_PLACEMENT_3D ( 'NONE', #1073, #3153, #3697 ) ;
#1443 = DIRECTION ( 'NONE',  ( -1.000000000000000000, -0.000000000000000000, 0.000000000000000000 ) ) ;
#1444 = VERTEX_POINT ( 'NONE', #3086 ) ;
#1445 = COLOUR_RGB ( '',0.2509803921568627416, 0.2509803921568627416, 0.2509803921568627416 ) ;
#1446 = CIRCLE ( 'NONE', #2883, 0.5000000000000002220 ) ;
#1447 = CARTESIAN_POINT ( 'NONE',  ( -1.149999999999999467, -0.4699747468305839893, -0.5499999999999999334 ) ) ;
#1448 = DIRECTION ( 'NONE',  ( 0.000000000000000000, 0.000000000000000000, 1.000000000000000000 ) ) ;
#1449 = VECTOR ( 'NONE', #4922, 1000.000000000000000 ) ;
#1450 = CARTESIAN_POINT ( 'NONE',  ( 0.9593865445117156776, 0.3499999999999999778, -0.1247286140794536258 ) ) ;
#1451 = CIRCLE ( 'NONE', #1563, 0.5000000000000002220 ) ;
#1452 = VERTEX_POINT ( 'NONE', #501 ) ;
#1453 = DIRECTION ( 'NONE',  ( -1.000000000000000000, 0.000000000000000000, 0.000000000000000000 ) ) ;
#1454 = VERTEX_POINT ( 'NONE', #5199 ) ;
#1455 = CARTESIAN_POINT ( 'NONE',  ( 0.000000000000000000, 0.5999999999999999778, 0.3499999999999999778 ) ) ;
#1456 = EDGE_LOOP ( 'NONE', ( #5395, #1903, #286, #1842, #2503, #5459 ) ) ;
#1457 = CARTESIAN_POINT ( 'NONE',  ( -0.4651012171537801110, 0.5149999999999999023, 0.05028626221636225274 ) ) ;
#1458 = AXIS2_PLACEMENT_3D ( 'NONE', #6428, #1699, #2327 ) ;
#1459 = EDGE_CURVE ( 'NONE', #3501, #150, #3679, .T. ) ;
#1460 = DIRECTION ( 'NONE',  ( -1.000000000000000000, 0.000000000000000000, -0.000000000000000000 ) ) ;
#1461 = AXIS2_PLACEMENT_3D ( 'NONE', #2834, #1371, #340 ) ;
#1462 = VECTOR ( 'NONE', #4699, 1000.000000000000000 ) ;
#1463 = LINE ( 'NONE', #897, #3967 ) ;
#1464 = EDGE_LOOP ( 'NONE', ( #653, #1400, #6606, #2257 ) ) ;
#1465 = DIRECTION ( 'NONE',  ( -1.000000000000000000, 0.000000000000000000, -1.084202172485504828E-15 ) ) ;
#1466 = VECTOR ( 'NONE', #6181, 1000.000000000000000 ) ;
#1467 = EDGE_LOOP ( 'NONE', ( #5308, #5059, #6714, #3911 ) ) ;
#1468 = FACE_OUTER_BOUND ( 'NONE', #3587, .T. ) ;
#1469 = ADVANCED_FACE ( 'NONE', ( #600 ), #3259, .F. ) ;
#1470 = VERTEX_POINT ( 'NONE', #1105 ) ;
#1471 = DIRECTION ( 'NONE',  ( -1.000000000000000000, 0.000000000000000000, -2.572962080709738771E-16 ) ) ;
#1472 = EDGE_CURVE ( 'NONE', #4938, #5330, #1537, .T. ) ;
#1473 = LINE ( 'NONE', #3026, #4546 ) ;
#1474 = LINE ( 'NONE', #4644, #4998 ) ;
#1475 = CARTESIAN_POINT ( 'NONE',  ( -1.149999999999999467, 0.07499999999999999722, -0.5499999999999999334 ) ) ;
#1476 = ORIENTED_EDGE ( 'NONE', *, *, #869, .T. ) ;
#1477 = COLOUR_RGB ( '',0.7960784313725489669, 0.8235294117647058432, 0.9372549019607843146 ) ;
#1478 = ORIENTED_EDGE ( 'NONE', *, *, #4818, .F. ) ;
#1479 = EDGE_CURVE ( 'NONE', #187, #2335, #4141, .T. ) ;
#1480 = AXIS2_PLACEMENT_3D ( 'NONE', #431, #6638, #995 ) ;
#1481 = DIRECTION ( 'NONE',  ( 0.000000000000000000, 1.000000000000000000, -0.000000000000000000 ) ) ;
#1482 = CARTESIAN_POINT ( 'NONE',  ( 0.3250000000000000111, 0.02499999999999984873, 0.5299999999999999156 ) ) ;
#1483 = AXIS2_PLACEMENT_3D ( 'NONE', #2292, #1831, #5970 ) ;
#1484 = PLANE ( 'NONE',  #5528 ) ;
#1485 = ORIENTED_EDGE ( 'NONE', *, *, #3032, .T. ) ;
#1486 = LINE ( 'NONE', #3984, #3002 ) ;
#1487 = AXIS2_PLACEMENT_3D ( 'NONE', #5714, #4109, #4036 ) ;
#1488 = CARTESIAN_POINT ( 'NONE',  ( -0.6625000000000000888, 2.489731222669117727, 0.7849999999999999201 ) ) ;
#1489 = ORIENTED_EDGE ( 'NONE', *, *, #659, .T. ) ;
#1490 = CARTESIAN_POINT ( 'NONE',  ( -0.3250000000000000666, 2.489731222669117727, -0.4299999999999997158 ) ) ;
#1491 = VECTOR ( 'NONE', #6172, 1000.000000000000000 ) ;
#1492 = ORIENTED_EDGE ( 'NONE', *, *, #5064, .F. ) ;
#1493 = DIRECTION ( 'NONE',  ( -0.000000000000000000, -1.000000000000000000, -0.000000000000000000 ) ) ;
#1494 = CARTESIAN_POINT ( 'NONE',  ( -0.9593865445117156776, 0.3499999999999999778, -0.2040443338732237100 ) ) ;
#1495 = DIRECTION ( 'NONE',  ( -0.000000000000000000, -1.000000000000000000, -0.000000000000000000 ) ) ;
#1496 = ORIENTED_EDGE ( 'NONE', *, *, #4135, .T. ) ;
#1497 = DIRECTION ( 'NONE',  ( 0.000000000000000000, 0.000000000000000000, 1.000000000000000000 ) ) ;
#1498 = FACE_OUTER_BOUND ( 'NONE', #2704, .T. ) ;
#1499 = EDGE_CURVE ( 'NONE', #6475, #310, #5240, .T. ) ;
#1500 = PRESENTATION_STYLE_ASSIGNMENT (( #2213 ) ) ;
#1501 = ORIENTED_EDGE ( 'NONE', *, *, #752, .T. ) ;
#1502 = CARTESIAN_POINT ( 'NONE',  ( 1.234999999999999654, 0.02500000000000000139, 0.7999999999999998224 ) ) ;
#1503 = ORIENTED_EDGE ( 'NONE', *, *, #6539, .T. ) ;
#1504 = DIRECTION ( 'NONE',  ( -1.000000000000000000, 0.000000000000000000, -0.000000000000000000 ) ) ;
#1505 = LINE ( 'NONE', #468, #299 ) ;
#1506 = CARTESIAN_POINT ( 'NONE',  ( 0.9999999999999995559, 0.2250000000000000056, -0.7999999999999996003 ) ) ;
#1507 = DIRECTION ( 'NONE',  ( -0.000000000000000000, -1.000000000000000000, -0.000000000000000000 ) ) ;
#1508 = ORIENTED_EDGE ( 'NONE', *, *, #5815, .T. ) ;
#1509 = EDGE_CURVE ( 'NONE', #5450, #3298, #1600, .T. ) ;
#1510 = DIRECTION ( 'NONE',  ( -0.000000000000000000, -1.000000000000000000, -0.000000000000000000 ) ) ;
#1511 = EDGE_CURVE ( 'NONE', #929, #6765, #3766, .T. ) ;
#1512 = EDGE_CURVE ( 'NONE', #5006, #2485, #5347, .T. ) ;
#1513 = LINE ( 'NONE', #6137, #42 ) ;
#1514 = CARTESIAN_POINT ( 'NONE',  ( 0.7499999999999995559, 0.3250000000000000111, 0.7999999999999997113 ) ) ;
#1515 = ORIENTED_EDGE ( 'NONE', *, *, #4816, .F. ) ;
#1516 = CARTESIAN_POINT ( 'NONE',  ( -0.4294796478723777455, 0.3499999999999999778, -0.7303844438303084274 ) ) ;
#1517 = EDGE_CURVE ( 'NONE', #5903, #6375, #2059, .T. ) ;
#1518 = DIRECTION ( 'NONE',  ( 0.7071067811865465735, 0.000000000000000000, -0.7071067811865483499 ) ) ;
#1519 = EDGE_CURVE ( 'NONE', #2735, #3647, #6264, .T. ) ;
#1520 = CARTESIAN_POINT ( 'NONE',  ( 0.04250000000000016265, 0.000000000000000000, -0.3549999999999997602 ) ) ;
#1521 = CARTESIAN_POINT ( 'NONE',  ( 0.9445302004049205280, 0.3250000000000000111, 0.8475878694638663280 ) ) ;
#1522 = ORIENTED_EDGE ( 'NONE', *, *, #5145, .T. ) ;
#1523 = ORIENTED_EDGE ( 'NONE', *, *, #2326, .F. ) ;
#1524 = LINE ( 'NONE', #3619, #5197 ) ;
#1525 = ORIENTED_EDGE ( 'NONE', *, *, #3868, .F. ) ;
#1526 = CARTESIAN_POINT ( 'NONE',  ( 0.9276533538734081930, 0.3499999999999999223, -0.3646351321769973897 ) ) ;
#1527 = CARTESIAN_POINT ( 'NONE',  ( -1.234999999999999654, 0.02500000000000000139, -0.7999999999999998224 ) ) ;
#1528 = EDGE_CURVE ( 'NONE', #6133, #4829, #5854, .T. ) ;
#1529 = ORIENTED_EDGE ( 'NONE', *, *, #535, .F. ) ;
#1530 = CARTESIAN_POINT ( 'NONE',  ( 1.424999999999999600, -0.4699747468305839893, -0.1999999999999993450 ) ) ;
#1531 = EDGE_CURVE ( 'NONE', #1645, #2282, #1076, .T. ) ;
#1532 = DIRECTION ( 'NONE',  ( -1.858632295689436004E-15, 0.000000000000000000, -1.000000000000000000 ) ) ;
#1533 = ORIENTED_EDGE ( 'NONE', *, *, #25, .F. ) ;
#1534 = ORIENTED_EDGE ( 'NONE', *, *, #12, .T. ) ;
#1535 = CARTESIAN_POINT ( 'NONE',  ( 1.149999999999999467, -0.4699747468305839893, -0.5499999999999999334 ) ) ;
#1536 = VERTEX_POINT ( 'NONE', #1143 ) ;
#1537 = LINE ( 'NONE', #3187, #1276 ) ;
#1538 = LINE ( 'NONE', #2450, #4996 ) ;
#1539 = DIRECTION ( 'NONE',  ( 1.239088197126289486E-15, -0.000000000000000000, 1.000000000000000000 ) ) ;
#1540 = ORIENTED_EDGE ( 'NONE', *, *, #4629, .F. ) ;
#1541 = LINE ( 'NONE', #4218, #2819 ) ;
#1542 = LINE ( 'NONE', #5169, #697 ) ;
#1543 = AXIS2_PLACEMENT_3D ( 'NONE', #222, #1319, #3855 ) ;
#1544 = CARTESIAN_POINT ( 'NONE',  ( -1.069999999999999840, 0.2250000000000000056, 0.1913252839170866415 ) ) ;
#1545 = ORIENTED_EDGE ( 'NONE', *, *, #3047, .F. ) ;
#1546 = EDGE_CURVE ( 'NONE', #5312, #585, #4247, .T. ) ;
#1547 = CARTESIAN_POINT ( 'NONE',  ( -0.3848609354016575002, 0.5150000000000006795, -0.2738946391165772432 ) ) ;
#1548 = ORIENTED_EDGE ( 'NONE', *, *, #2628, .T. ) ;
#1549 = VECTOR ( 'NONE', #1862, 1000.000000000000000 ) ;
#1550 = CIRCLE ( 'NONE', #1017, 0.07499999999999998335 ) ;
#1551 = CARTESIAN_POINT ( 'NONE',  ( 0.7499999999999995559, 0.3250000000000000111, 0.2592837430570318902 ) ) ;
#1552 = ORIENTED_EDGE ( 'NONE', *, *, #5785, .F. ) ;
#1553 = FACE_OUTER_BOUND ( 'NONE', #6450, .T. ) ;
#1554 = ORIENTED_EDGE ( 'NONE', *, *, #2712, .F. ) ;
#1555 = VECTOR ( 'NONE', #3378, 1000.000000000000000 ) ;
#1556 = ORIENTED_EDGE ( 'NONE', *, *, #2064, .T. ) ;
#1557 = DIRECTION ( 'NONE',  ( 0.000000000000000000, 0.000000000000000000, 1.000000000000000000 ) ) ;
#1558 = ORIENTED_EDGE ( 'NONE', *, *, #2030, .F. ) ;
#1559 = DIRECTION ( 'NONE',  ( 0.000000000000000000, 0.000000000000000000, -1.000000000000000000 ) ) ;
#1560 = DIRECTION ( 'NONE',  ( 1.084202172485504631E-15, 0.000000000000000000, -1.000000000000000000 ) ) ;
#1561 = EDGE_CURVE ( 'NONE', #6402, #2981, #1642, .T. ) ;
#1562 = EDGE_LOOP ( 'NONE', ( #891, #3162, #6038 ) ) ;
#1563 = AXIS2_PLACEMENT_3D ( 'NONE', #1584, #611, #3167 ) ;
#1564 = CYLINDRICAL_SURFACE ( 'NONE', #410, 0.06499999999999994671 ) ;
#1565 = EDGE_CURVE ( 'NONE', #4497, #3746, #5751, .T. ) ;
#1566 = CARTESIAN_POINT ( 'NONE',  ( 1.064999999999999503, 0.2149999999999999967, 0.4999999999999995559 ) ) ;
#1567 = VERTEX_POINT ( 'NONE', #3732 ) ;
#1568 = LINE ( 'NONE', #3221, #5965 ) ;
#1569 = VECTOR ( 'NONE', #4844, 1000.000000000000000 ) ;
#1570 = CARTESIAN_POINT ( 'NONE',  ( -0.9999999999999995559, 0.2149999999999999967, 0.7999999999999996003 ) ) ;
#1571 = DIRECTION ( 'NONE',  ( 0.000000000000000000, 0.000000000000000000, -1.000000000000000000 ) ) ;
#1572 = AXIS2_PLACEMENT_3D ( 'NONE', #6169, #5109, #3487 ) ;
#1573 = ORIENTED_EDGE ( 'NONE', *, *, #3462, .F. ) ;
#1574 = ADVANCED_FACE ( 'NONE', ( #4684 ), #3124, .F. ) ;
#1575 = CARTESIAN_POINT ( 'NONE',  ( 0.6750000000000000444, 2.489731222669117727, -0.5299999999999999156 ) ) ;
#1576 = DIRECTION ( 'NONE',  ( -1.000000000000000000, 0.000000000000000000, 0.000000000000000000 ) ) ;
#1577 = VERTEX_POINT ( 'NONE', #6339 ) ;
#1578 = EDGE_LOOP ( 'NONE', ( #5629, #212, #3446, #977, #4414, #3400, #4862, #572, #5848, #3385, #4046, #1534, #2082, #3838, #3739, #3913 ) ) ;
#1579 = CONICAL_SURFACE ( 'NONE', #5448, 0.4550000000000000155, 0.8826057140596398343 ) ;
#1580 = CARTESIAN_POINT ( 'NONE',  ( 0.6624999999999999778, 0.02499999999999984873, -0.08250000000000001776 ) ) ;
#1581 = CARTESIAN_POINT ( 'NONE',  ( 1.149999999999999467, 0.07499999999999999722, 0.5499999999999999334 ) ) ;
#1582 = CIRCLE ( 'NONE', #2371, 0.06499999999999994671 ) ;
#1583 = AXIS2_PLACEMENT_3D ( 'NONE', #4012, #2896, #5001 ) ;
#1584 = CARTESIAN_POINT ( 'NONE',  ( -0.5699999999999995071, 0.2250000000000000056, 0.1913252839170866137 ) ) ;
#1585 = ORIENTED_EDGE ( 'NONE', *, *, #2600, .T. ) ;
#1586 = CARTESIAN_POINT ( 'NONE',  ( 0.5844463605362099079, 0.3500000000000002554, 0.7015244245103340326 ) ) ;
#1587 = EDGE_CURVE ( 'NONE', #6267, #6069, #5822, .T. ) ;
#1588 = LINE ( 'NONE', #6418, #5899 ) ;
#1589 = ORIENTED_EDGE ( 'NONE', *, *, #2944, .F. ) ;
#1590 = VECTOR ( 'NONE', #3563, 1000.000000000000000 ) ;
#1591 = AXIS2_PLACEMENT_3D ( 'NONE', #3079, #896, #964 ) ;
#1592 = VECTOR ( 'NONE', #725, 1000.000000000000000 ) ;
#1593 = LINE ( 'NONE', #1656, #5852 ) ;
#1594 = FACE_OUTER_BOUND ( 'NONE', #6387, .T. ) ;
#1595 = EDGE_CURVE ( 'NONE', #3528, #4063, #6296, .T. ) ;
#1596 = DIRECTION ( 'NONE',  ( 0.000000000000000000, 0.000000000000000000, 1.000000000000000000 ) ) ;
#1597 = EDGE_LOOP ( 'NONE', ( #3170, #4737, #6144, #6759, #5016, #4669, #1829, #6085 ) ) ;
#1598 = ORIENTED_EDGE ( 'NONE', *, *, #3394, .T. ) ;
#1599 = LINE ( 'NONE', #3690, #1888 ) ;
#1600 = CIRCLE ( 'NONE', #528, 0.1000000000000001582 ) ;
#1601 = ORIENTED_EDGE ( 'NONE', *, *, #3978, .F. ) ;
#1602 = CARTESIAN_POINT ( 'NONE',  ( -0.1720104733052811863, 0.3499999999999996447, 0.7303844438303087605 ) ) ;
#1603 = LINE ( 'NONE', #625, #1914 ) ;
#1604 = EDGE_CURVE ( 'NONE', #3528, #355, #6401, .T. ) ;
#1605 = CARTESIAN_POINT ( 'NONE',  ( 0.4086633323914709570, 0.000000000000000000, -0.6147448925490746063 ) ) ;
#1606 = CARTESIAN_POINT ( 'NONE',  ( -0.1174999999999998407, 0.000000000000000000, 0.4949999999999997735 ) ) ;
#1607 = DIRECTION ( 'NONE',  ( 0.000000000000000000, -0.000000000000000000, -1.000000000000000000 ) ) ;
#1608 = EDGE_CURVE ( 'NONE', #4316, #863, #3895, .T. ) ;
#1609 = DIRECTION ( 'NONE',  ( 0.000000000000000000, 0.000000000000000000, -1.000000000000000000 ) ) ;
#1610 = DIRECTION ( 'NONE',  ( 1.000000000000000000, -0.000000000000000000, -0.000000000000000000 ) ) ;
#1611 = CARTESIAN_POINT ( 'NONE',  ( -0.5913366676085289875, 2.489731222669117727, -0.6147448925490746063 ) ) ;
#1612 = CYLINDRICAL_SURFACE ( 'NONE', #2963, 0.1000000000000001582 ) ;
#1613 = ORIENTED_EDGE ( 'NONE', *, *, #2670, .F. ) ;
#1614 = DIRECTION ( 'NONE',  ( -0.000000000000000000, -1.000000000000000000, -0.000000000000000000 ) ) ;
#1615 = ORIENTED_EDGE ( 'NONE', *, *, #5239, .T. ) ;
#1616 = VERTEX_POINT ( 'NONE', #5956 ) ;
#1617 = EDGE_CURVE ( 'NONE', #1987, #3644, #6022, .T. ) ;
#1618 = LINE ( 'NONE', #3196, #5902 ) ;
#1619 = CARTESIAN_POINT ( 'NONE',  ( -1.299999999999999600, 0.07499999999999999722, 0.5499999999999996003 ) ) ;
#1620 = DIRECTION ( 'NONE',  ( -1.000000000000000000, -0.000000000000000000, -0.000000000000000000 ) ) ;
#1621 = ORIENTED_EDGE ( 'NONE', *, *, #3140, .T. ) ;
#1622 = CARTESIAN_POINT ( 'NONE',  ( 0.4680279112968440680, 0.5150000000000002354, 6.098637220230962441E-17 ) ) ;
#1623 = ORIENTED_EDGE ( 'NONE', *, *, #5055, .F. ) ;
#1624 = CARTESIAN_POINT ( 'NONE',  ( 0.6749999999999998224, 0.02499999999999984873, -0.3549999999999997047 ) ) ;
#1625 = DIRECTION ( 'NONE',  ( -0.000000000000000000, -0.000000000000000000, -1.000000000000000000 ) ) ;
#1626 = EDGE_LOOP ( 'NONE', ( #2242, #6214, #5913, #2259 ) ) ;
#1627 = CARTESIAN_POINT ( 'NONE',  ( 0.8249999999999999556, 0.02499999999999984873, 0.7849999999999998090 ) ) ;
#1628 = CARTESIAN_POINT ( 'NONE',  ( -0.3999999999999999667, 0.02499999999999984873, -0.4299999999999997158 ) ) ;
#1629 = ORIENTED_EDGE ( 'NONE', *, *, #109, .T. ) ;
#1630 = VERTEX_POINT ( 'NONE', #766 ) ;
#1631 = DIRECTION ( 'NONE',  ( -0.5807029557109358864, 0.000000000000000000, -0.8141155183563220099 ) ) ;
#1632 = ORIENTED_EDGE ( 'NONE', *, *, #4474, .T. ) ;
#1633 = CARTESIAN_POINT ( 'NONE',  ( -0.2402395371030252302, 0.5149999999999999023, 0.4033170028571941290 ) ) ;
#1634 = SURFACE_STYLE_FILL_AREA ( #4074 ) ;
#1635 = FACE_OUTER_BOUND ( 'NONE', #3672, .T. ) ;
#1636 = CARTESIAN_POINT ( 'NONE',  ( 0.1175000000000002848, 0.000000000000000000, 0.4949999999999997735 ) ) ;
#1637 = EDGE_LOOP ( 'NONE', ( #3160, #3236, #3797, #4158 ) ) ;
#1638 = PLANE ( 'NONE',  #1131 ) ;
#1639 = DIRECTION ( 'NONE',  ( -0.000000000000000000, -1.000000000000000000, -0.000000000000000000 ) ) ;
#1640 = DIRECTION ( 'NONE',  ( 0.7071067811865467956, 0.000000000000000000, 0.7071067811865483499 ) ) ;
#1641 = ADVANCED_FACE ( 'NONE', ( #2381 ), #5479, .F. ) ;
#1642 = LINE ( 'NONE', #4747, #5792 ) ;
#1643 = DIRECTION ( 'NONE',  ( -0.000000000000000000, -1.000000000000000000, -0.000000000000000000 ) ) ;
#1644 = CARTESIAN_POINT ( 'NONE',  ( 1.149999999999999689, -0.4699747468305839893, -0.2000000000000000389 ) ) ;
#1645 = VERTEX_POINT ( 'NONE', #1746 ) ;
#1646 = ORIENTED_EDGE ( 'NONE', *, *, #6319, .T. ) ;
#1647 = ORIENTED_EDGE ( 'NONE', *, *, #2863, .F. ) ;
#1648 = DIRECTION ( 'NONE',  ( 0.000000000000000000, 0.000000000000000000, 1.000000000000000000 ) ) ;
#1649 = DIRECTION ( 'NONE',  ( -0.7071067811865472397, 0.000000000000000000, -0.7071067811865479058 ) ) ;
#1650 = EDGE_CURVE ( 'NONE', #5683, #113, #4421, .T. ) ;
#1651 = CARTESIAN_POINT ( 'NONE',  ( 1.249999999999999778, 0.3250000000000000111, -0.2592837430570318347 ) ) ;
#1652 = ORIENTED_EDGE ( 'NONE', *, *, #2801, .T. ) ;
#1653 = CARTESIAN_POINT ( 'NONE',  ( 0.5844463605362089087, 0.3500000000000000333, -0.7015244245103348097 ) ) ;
#1654 = ORIENTED_EDGE ( 'NONE', *, *, #1947, .T. ) ;
#1655 = VECTOR ( 'NONE', #1741, 1000.000000000000000 ) ;
#1656 = CARTESIAN_POINT ( 'NONE',  ( -0.04249999999999988509, 0.02499999999999984873, -0.3549999999999997602 ) ) ;
#1657 = PRODUCT_DEFINITION_SHAPE ( 'NONE', 'NONE',  #17 ) ;
#1658 = CARTESIAN_POINT ( 'NONE',  ( 0.1175000000000002848, 2.489731222669117727, 0.4949999999999997735 ) ) ;
#1659 = ORIENTED_EDGE ( 'NONE', *, *, #3313, .T. ) ;
#1660 = SURFACE_SIDE_STYLE ('',( #64 ) ) ;
#1661 = ORIENTED_EDGE ( 'NONE', *, *, #4808, .F. ) ;
#1662 = DIRECTION ( 'NONE',  ( -0.000000000000000000, -1.000000000000000000, -0.000000000000000000 ) ) ;
#1663 = VERTEX_POINT ( 'NONE', #1235 ) ;
#1664 = VECTOR ( 'NONE', #6081, 1000.000000000000000 ) ;
#1665 = DIRECTION ( 'NONE',  ( 0.000000000000000000, 1.000000000000000000, -0.000000000000000000 ) ) ;
#1666 = VERTEX_POINT ( 'NONE', #3327 ) ;
#1667 = AXIS2_PLACEMENT_3D ( 'NONE', #3582, #3946, #446 ) ;
#1668 = DIRECTION ( 'NONE',  ( 0.000000000000000000, 0.000000000000000000, -1.000000000000000000 ) ) ;
#1669 = AXIS2_PLACEMENT_3D ( 'NONE', #1194, #4769, #4905 ) ;
#1670 = CARTESIAN_POINT ( 'NONE',  ( 0.7499999999999995559, 0.3250000000000000111, -0.7999999999999997113 ) ) ;
#1671 = EDGE_LOOP ( 'NONE', ( #3407, #1629, #2766, #6746 ) ) ;
#1672 = DIRECTION ( 'NONE',  ( -1.084202172485504828E-15, 0.000000000000000000, -1.000000000000000000 ) ) ;
#1673 = LINE ( 'NONE', #40, #2791 ) ;
#1674 = VECTOR ( 'NONE', #6786, 1000.000000000000000 ) ;
#1675 = VECTOR ( 'NONE', #4637, 1000.000000000000000 ) ;
#1676 = EDGE_CURVE ( 'NONE', #5591, #1807, #2855, .T. ) ;
#1677 = CARTESIAN_POINT ( 'NONE',  ( 0.04250000000000039163, 0.000000000000000000, 0.5699999999999998401 ) ) ;
#1678 = CARTESIAN_POINT ( 'NONE',  ( 0.000000000000000000, 0.5799999999999998490, 0.3499999999999999778 ) ) ;
#1679 = VECTOR ( 'NONE', #3678, 1000.000000000000000 ) ;
#1680 = AXIS2_PLACEMENT_3D ( 'NONE', #3914, #2815, #4479 ) ;
#1681 = LINE ( 'NONE', #5272, #2212 ) ;
#1682 = EDGE_CURVE ( 'NONE', #6221, #1019, #4945, .T. ) ;
#1683 = CARTESIAN_POINT ( 'NONE',  ( -0.5699999999999995071, 0.2250000000000000056, -0.1913252839170866137 ) ) ;
#1684 = EDGE_LOOP ( 'NONE', ( #3409, #4913, #1421, #1055 ) ) ;
#1685 = ORIENTED_EDGE ( 'NONE', *, *, #4058, .T. ) ;
#1686 = FACE_OUTER_BOUND ( 'NONE', #1118, .T. ) ;
#1687 = FACE_OUTER_BOUND ( 'NONE', #4343, .T. ) ;
#1688 = CARTESIAN_POINT ( 'NONE',  ( -1.249999999999999778, 0.3499999999999999778, 0.2592837430570318347 ) ) ;
#1689 = CARTESIAN_POINT ( 'NONE',  ( -0.4651012171537801110, 0.5149999999999999023, -0.05028626221636209315 ) ) ;
#1690 = ADVANCED_FACE ( 'NONE', ( #1295 ), #6502, .T. ) ;
#1691 = ORIENTED_EDGE ( 'NONE', *, *, #4365, .T. ) ;
#1692 = FACE_OUTER_BOUND ( 'NONE', #1637, .T. ) ;
#1693 = DIRECTION ( 'NONE',  ( -0.000000000000000000, -1.000000000000000000, -0.000000000000000000 ) ) ;
#1694 = ORIENTED_EDGE ( 'NONE', *, *, #987, .F. ) ;
#1695 = EDGE_LOOP ( 'NONE', ( #3901, #6515, #6463, #6042 ) ) ;
#1696 = LINE ( 'NONE', #4373, #4759 ) ;
#1697 = AXIS2_PLACEMENT_3D ( 'NONE', #160, #1643, #4820 ) ;
#1698 = ORIENTED_EDGE ( 'NONE', *, *, #1153, .F. ) ;
#1699 = DIRECTION ( 'NONE',  ( 0.000000000000000000, 1.000000000000000000, 0.000000000000000000 ) ) ;
#1700 = VERTEX_POINT ( 'NONE', #4984 ) ;
#1701 = VECTOR ( 'NONE', #5820, 1000.000000000000000 ) ;
#1702 = ADVANCED_FACE ( 'NONE', ( #292 ), #6050, .F. ) ;
#1703 = EDGE_LOOP ( 'NONE', ( #4108, #2973, #1916, #2022 ) ) ;
#1704 = FACE_OUTER_BOUND ( 'NONE', #1855, .T. ) ;
#1705 = CARTESIAN_POINT ( 'NONE',  ( -0.1174999999999998407, 0.02499999999999984873, 0.4949999999999997735 ) ) ;
#1706 = VECTOR ( 'NONE', #4370, 1000.000000000000114 ) ;
#1707 = FACE_OUTER_BOUND ( 'NONE', #5375, .T. ) ;
#1708 = ORIENTED_EDGE ( 'NONE', *, *, #2780, .F. ) ;
#1709 = DIRECTION ( 'NONE',  ( 0.000000000000000000, 0.000000000000000000, 1.000000000000000000 ) ) ;
#1710 = DIRECTION ( 'NONE',  ( 0.000000000000000000, 0.000000000000000000, -1.000000000000000000 ) ) ;
#1711 = AXIS2_PLACEMENT_3D ( 'NONE', #1433, #5130, #971 ) ;
#1712 = EDGE_CURVE ( 'NONE', #2844, #5293, #4885, .T. ) ;
#1713 = DIRECTION ( 'NONE',  ( -0.8141155183563220099, 0.000000000000000000, -0.5807029557109358864 ) ) ;
#1714 = EDGE_CURVE ( 'NONE', #986, #6142, #5506, .T. ) ;
#1715 = FACE_OUTER_BOUND ( 'NONE', #6495, .T. ) ;
#1716 = DIRECTION ( 'NONE',  ( 0.000000000000000000, 0.000000000000000000, 1.000000000000000000 ) ) ;
#1717 = VECTOR ( 'NONE', #2235, 1000.000000000000000 ) ;
#1718 = ORIENTED_EDGE ( 'NONE', *, *, #905, .T. ) ;
#1719 = CARTESIAN_POINT ( 'NONE',  ( 1.499999999999999556, 0.07499999999999999722, -0.2749999999999993006 ) ) ;
#1720 = VERTEX_POINT ( 'NONE', #227 ) ;
#1721 = EDGE_CURVE ( 'NONE', #6427, #6249, #958, .T. ) ;
#1722 = CARTESIAN_POINT ( 'NONE',  ( -0.1084093427411661203, 0.5150000000000004574, 0.4591564742960401180 ) ) ;
#1723 = ORIENTED_EDGE ( 'NONE', *, *, #5198, .F. ) ;
#1724 = DIRECTION ( 'NONE',  ( 0.000000000000000000, 0.000000000000000000, 1.000000000000000000 ) ) ;
#1725 = EDGE_CURVE ( 'NONE', #87, #3607, #4461, .T. ) ;
#1726 = EDGE_CURVE ( 'NONE', #5903, #3298, #2308, .T. ) ;
#1727 = DIRECTION ( 'NONE',  ( 8.363055544496858865E-16, 0.000000000000000000, -1.000000000000000000 ) ) ;
#1728 = LINE ( 'NONE', #3274, #6290 ) ;
#1729 = VERTEX_POINT ( 'NONE', #2753 ) ;
#1730 = EDGE_CURVE ( 'NONE', #2716, #3371, #4385, .T. ) ;
#1731 = ORIENTED_EDGE ( 'NONE', *, *, #5742, .F. ) ;
#1732 = CYLINDRICAL_SURFACE ( 'NONE', #6295, 0.5000000000000002220 ) ;
#1733 = ORIENTED_EDGE ( 'NONE', *, *, #5445, .T. ) ;
#1734 = DIRECTION ( 'NONE',  ( 1.000000000000000000, 0.000000000000000000, 1.858632295689436004E-15 ) ) ;
#1735 = ORIENTED_EDGE ( 'NONE', *, *, #5742, .T. ) ;
#1736 = EDGE_CURVE ( 'NONE', #1796, #5594, #1780, .T. ) ;
#1737 = EDGE_CURVE ( 'NONE', #3527, #3633, #2277, .T. ) ;
#1738 = ORIENTED_EDGE ( 'NONE', *, *, #6570, .F. ) ;
#1739 = DIRECTION ( 'NONE',  ( 1.000000000000000000, 0.000000000000000000, 0.000000000000000000 ) ) ;
#1740 = LINE ( 'NONE', #3413, #148 ) ;
#1741 = DIRECTION ( 'NONE',  ( 0.000000000000000000, 0.000000000000000000, -1.000000000000000000 ) ) ;
#1742 = VERTEX_POINT ( 'NONE', #5412 ) ;
#1743 = EDGE_CURVE ( 'NONE', #673, #6107, #4803, .T. ) ;
#1744 = CARTESIAN_POINT ( 'NONE',  ( -1.424999999999999600, 0.02499999999999995628, 0.1999999999999993450 ) ) ;
#1745 = DIRECTION ( 'NONE',  ( 1.000000000000000000, 0.000000000000000000, -1.858632295689436004E-15 ) ) ;
#1746 = CARTESIAN_POINT ( 'NONE',  ( 0.6624999999999999778, 0.02499999999999984873, 0.1574999999999999178 ) ) ;
#1747 = EDGE_CURVE ( 'NONE', #5290, #4367, #3141, .T. ) ;
#1748 = CARTESIAN_POINT ( 'NONE',  ( 1.424999999999999600, 0.02499999999999995628, 0.2749999999999993006 ) ) ;
#1749 = DIRECTION ( 'NONE',  ( -0.000000000000000000, -1.000000000000000000, -0.000000000000000000 ) ) ;
#1750 = ORIENTED_EDGE ( 'NONE', *, *, #4838, .T. ) ;
#1751 = PLANE ( 'NONE',  #5243 ) ;
#1752 = CARTESIAN_POINT ( 'NONE',  ( 0.8427657606103799992, 0.3250000000000000111, -0.7749999999999996891 ) ) ;
#1753 = DIRECTION ( 'NONE',  ( -6.195440985631456303E-16, 0.000000000000000000, -1.000000000000000000 ) ) ;
#1754 = ORIENTED_EDGE ( 'NONE', *, *, #1299, .T. ) ;
#1755 = VERTEX_POINT ( 'NONE', #5666 ) ;
#1756 = DIRECTION ( 'NONE',  ( -0.000000000000000000, -1.000000000000000000, -0.000000000000000000 ) ) ;
#1757 = ORIENTED_EDGE ( 'NONE', *, *, #2830, .F. ) ;
#1758 = DIRECTION ( 'NONE',  ( 0.5807029557109358864, 0.000000000000000000, 0.8141155183563220099 ) ) ;
#1759 = CARTESIAN_POINT ( 'NONE',  ( -0.5999999999999994227, 0.000000000000000000, -0.4299999999999997158 ) ) ;
#1760 = ORIENTED_EDGE ( 'NONE', *, *, #2208, .T. ) ;
#1761 = EDGE_CURVE ( 'NONE', #3058, #5616, #5765, .T. ) ;
#1762 = ORIENTED_EDGE ( 'NONE', *, *, #1191, .T. ) ;
#1763 = LINE ( 'NONE', #2771, #6183 ) ;
#1764 = ORIENTED_EDGE ( 'NONE', *, *, #1595, .T. ) ;
#1765 = CARTESIAN_POINT ( 'NONE',  ( 0.3250000000000000111, 0.000000000000000000, 0.5299999999999999156 ) ) ;
#1766 = ADVANCED_FACE ( 'NONE', ( #5728 ), #478, .F. ) ;
#1767 = ORIENTED_EDGE ( 'NONE', *, *, #476, .F. ) ;
#1768 =( NAMED_UNIT ( * ) SI_UNIT ( $, .STERADIAN. ) SOLID_ANGLE_UNIT ( ) );
#1769 = VECTOR ( 'NONE', #4663, 1000.000000000000000 ) ;
#1770 = LINE ( 'NONE', #2818, #3195 ) ;
#1771 = VECTOR ( 'NONE', #3384, 1000.000000000000000 ) ;
#1772 = ORIENTED_EDGE ( 'NONE', *, *, #936, .F. ) ;
#1773 = CARTESIAN_POINT ( 'NONE',  ( 1.499999999999999556, 0.07499999999999999722, -0.2749999999999993006 ) ) ;
#1774 = ORIENTED_EDGE ( 'NONE', *, *, #6001, .T. ) ;
#1775 = CARTESIAN_POINT ( 'NONE',  ( -0.8249999999999999556, 0.000000000000000000, -0.6599999999999998090 ) ) ;
#1776 = EDGE_CURVE ( 'NONE', #3093, #5636, #5143, .T. ) ;
#1777 = CARTESIAN_POINT ( 'NONE',  ( 0.4294796478723777455, 0.3499999999999999778, 0.7303844438303084274 ) ) ;
#1778 = PLANE ( 'NONE',  #6099 ) ;
#1779 = AXIS2_PLACEMENT_3D ( 'NONE', #4204, #4244, #596 ) ;
#1780 = LINE ( 'NONE', #4320, #3684 ) ;
#1781 = CARTESIAN_POINT ( 'NONE',  ( -1.149999999999999689, 0.02499999999999999792, -0.2000000000000000389 ) ) ;
#1782 = FACE_OUTER_BOUND ( 'NONE', #5571, .T. ) ;
#1783 = CIRCLE ( 'NONE', #6623, 0.07499999999999998335 ) ;
#1784 = EDGE_CURVE ( 'NONE', #877, #3058, #1280, .T. ) ;
#1785 = DIRECTION ( 'NONE',  ( 0.000000000000000000, -1.000000000000000000, 0.000000000000000000 ) ) ;
#1786 = CIRCLE ( 'NONE', #47, 0.1000000000000000472 ) ;
#1787 = DIRECTION ( 'NONE',  ( 2.562659680420284750E-15, 0.000000000000000000, -1.000000000000000000 ) ) ;
#1788 = CARTESIAN_POINT ( 'NONE',  ( -0.3537307147608607094, 0.3499999999999999778, -0.7303844438303084274 ) ) ;
#1789 = ORIENTED_EDGE ( 'NONE', *, *, #2628, .F. ) ;
#1790 = AXIS2_PLACEMENT_3D ( 'NONE', #2643, #5225, #1559 ) ;
#1791 = CARTESIAN_POINT ( 'NONE',  ( -0.4395198120705040568, 0.5149999999999990141, -0.1730166995796437734 ) ) ;
#1792 = DIRECTION ( 'NONE',  ( -0.000000000000000000, -1.000000000000000000, -0.000000000000000000 ) ) ;
#1793 = LINE ( 'NONE', #6585, #1549 ) ;
#1794 = CIRCLE ( 'NONE', #3551, 0.4677028131658454990 ) ;
#1795 = EDGE_CURVE ( 'NONE', #4734, #1577, #6276, .T. ) ;
#1796 = VERTEX_POINT ( 'NONE', #5215 ) ;
#1797 = ORIENTED_EDGE ( 'NONE', *, *, #5299, .F. ) ;
#1798 = DIRECTION ( 'NONE',  ( 0.000000000000000000, 1.000000000000000000, 0.000000000000000000 ) ) ;
#1799 = ORIENTED_EDGE ( 'NONE', *, *, #3150, .T. ) ;
#1800 = DIRECTION ( 'NONE',  ( 0.000000000000000000, 1.000000000000000000, 0.000000000000000000 ) ) ;
#1801 = ADVANCED_FACE ( 'NONE', ( #4049 ), #3040, .F. ) ;
#1802 = EDGE_LOOP ( 'NONE', ( #2077, #834, #2073, #1552 ) ) ;
#1803 = LINE ( 'NONE', #1705, #3303 ) ;
#1804 = VECTOR ( 'NONE', #3158, 1000.000000000000227 ) ;
#1805 = ORIENTED_EDGE ( 'NONE', *, *, #3272, .F. ) ;
#1806 = LINE ( 'NONE', #253, #5415 ) ;
#1807 = VERTEX_POINT ( 'NONE', #2605 ) ;
#1808 = CARTESIAN_POINT ( 'NONE',  ( 0.04250000000000012101, 0.000000000000000000, -0.5699999999999998401 ) ) ;
#1809 = ADVANCED_FACE ( 'NONE', ( #1594 ), #422, .F. ) ;
#1810 = AXIS2_PLACEMENT_3D ( 'NONE', #6285, #4812, #3593 ) ;
#1811 = PLANE ( 'NONE',  #4085 ) ;
#1812 = VECTOR ( 'NONE', #2916, 1000.000000000000000 ) ;
#1813 = ADVANCED_FACE ( 'NONE', ( #2110 ), #4189, .T. ) ;
#1814 = EDGE_CURVE ( 'NONE', #2114, #6097, #6213, .T. ) ;
#1815 = AXIS2_PLACEMENT_3D ( 'NONE', #3164, #4253, #5864 ) ;
#1816 = CARTESIAN_POINT ( 'NONE',  ( -0.3250000000000000111, 2.489731222669117727, -0.5299999999999999156 ) ) ;
#1817 = DIRECTION ( 'NONE',  ( 1.000000000000000000, -0.000000000000000000, 0.000000000000000000 ) ) ;
#1818 = DIRECTION ( 'NONE',  ( -0.000000000000000000, -1.000000000000000000, -0.000000000000000000 ) ) ;
#1819 = LINE ( 'NONE', #1326, #6597 ) ;
#1820 = DIRECTION ( 'NONE',  ( 0.5807029557109352202, 0.000000000000000000, 0.8141155183563224540 ) ) ;
#1821 = CARTESIAN_POINT ( 'NONE',  ( -0.2125000000000000222, 2.489731222669117727, -0.1575000000000000011 ) ) ;
#1822 = AXIS2_PLACEMENT_3D ( 'NONE', #5684, #6680, #5054 ) ;
#1823 = DIRECTION ( 'NONE',  ( 0.000000000000000000, 0.000000000000000000, -1.000000000000000000 ) ) ;
#1824 = DIRECTION ( 'NONE',  ( 0.000000000000000000, 0.000000000000000000, -1.000000000000000000 ) ) ;
#1825 = CIRCLE ( 'NONE', #4459, 0.06499999999999994671 ) ;
#1826 = DIRECTION ( 'NONE',  ( -0.000000000000000000, -1.000000000000000000, -0.000000000000000000 ) ) ;
#1827 = ORIENTED_EDGE ( 'NONE', *, *, #3993, .T. ) ;
#1828 = ADVANCED_FACE ( 'NONE', ( #5175 ), #3102, .T. ) ;
#1829 = ORIENTED_EDGE ( 'NONE', *, *, #54, .F. ) ;
#1830 = CARTESIAN_POINT ( 'NONE',  ( -0.04249999999999988509, 2.489731222669117727, -0.3549999999999997602 ) ) ;
#1831 = DIRECTION ( 'NONE',  ( 0.000000000000000000, 1.000000000000000000, 0.000000000000000000 ) ) ;
#1832 = DIRECTION ( 'NONE',  ( -1.000000000000000000, 0.000000000000000000, -6.672013369141561272E-16 ) ) ;
#1833 = ORIENTED_EDGE ( 'NONE', *, *, #5954, .T. ) ;
#1834 = VERTEX_POINT ( 'NONE', #1450 ) ;
#1835 = CARTESIAN_POINT ( 'NONE',  ( -0.7499999999999995559, 0.2250000000000000056, -0.7999999999999997113 ) ) ;
#1836 = ORIENTED_EDGE ( 'NONE', *, *, #3080, .F. ) ;
#1837 = PLANE ( 'NONE',  #2890 ) ;
#1838 = EDGE_LOOP ( 'NONE', ( #3620, #5233, #3575, #2418, #6318, #6730, #1723, #4182 ) ) ;
#1839 = PLANE ( 'NONE',  #6509 ) ;
#1840 = ORIENTED_EDGE ( 'NONE', *, *, #4115, .F. ) ;
#1841 = DIRECTION ( 'NONE',  ( -0.000000000000000000, -1.000000000000000000, -0.000000000000000000 ) ) ;
#1842 = ORIENTED_EDGE ( 'NONE', *, *, #5815, .F. ) ;
#1843 = DIRECTION ( 'NONE',  ( 0.000000000000000000, 0.000000000000000000, -1.000000000000000000 ) ) ;
#1844 = DIRECTION ( 'NONE',  ( 0.7071067811865479058, -0.000000000000000000, 0.7071067811865472397 ) ) ;
#1845 = ORIENTED_EDGE ( 'NONE', *, *, #820, .F. ) ;
#1846 = EDGE_CURVE ( 'NONE', #5706, #2296, #24, .T. ) ;
#1847 = DIRECTION ( 'NONE',  ( -0.000000000000000000, -1.000000000000000000, -0.000000000000000000 ) ) ;
#1848 = DIRECTION ( 'NONE',  ( 0.000000000000000000, 0.000000000000000000, 1.000000000000000000 ) ) ;
#1849 = LINE ( 'NONE', #6474, #4651 ) ;
#1850 = EDGE_CURVE ( 'NONE', #3227, #4069, #1825, .T. ) ;
#1851 = DIRECTION ( 'NONE',  ( -1.000000000000000000, -0.000000000000000000, -0.000000000000000000 ) ) ;
#1852 = ADVANCED_FACE ( 'NONE', ( #2564 ), #450, .F. ) ;
#1853 = CARTESIAN_POINT ( 'NONE',  ( 0.000000000000000000, 0.5999999999999999778, 0.000000000000000000 ) ) ;
#1854 = CARTESIAN_POINT ( 'NONE',  ( 1.234999999999999654, 1.851433752247375164, -0.7999999999999998224 ) ) ;
#1855 = EDGE_LOOP ( 'NONE', ( #1492, #3599, #6612, #1965 ) ) ;
#1856 = CARTESIAN_POINT ( 'NONE',  ( 0.9999999999999995559, 0.2149999999999999134, 0.7999999999999998224 ) ) ;
#1857 = ORIENTED_EDGE ( 'NONE', *, *, #4583, .F. ) ;
#1858 = ADVANCED_FACE ( 'NONE', ( #1060 ), #3004, .F. ) ;
#1859 = VERTEX_POINT ( 'NONE', #3783 ) ;
#1860 = DIRECTION ( 'NONE',  ( -0.7025510745092516940, 0.000000000000000000, -0.7116333239147081269 ) ) ;
#1861 = ADVANCED_FACE ( 'NONE', ( #2669 ), #3814, .F. ) ;
#1862 = DIRECTION ( 'NONE',  ( -0.000000000000000000, -1.000000000000000000, -0.000000000000000000 ) ) ;
#1863 = CARTESIAN_POINT ( 'NONE',  ( -0.9999999999999995559, 0.2149999999999999967, 0.5649999999999995026 ) ) ;
#1864 = ORIENTED_EDGE ( 'NONE', *, *, #3244, .F. ) ;
#1865 = CARTESIAN_POINT ( 'NONE',  ( -0.4086633323914709015, 0.02499999999999984873, -0.6147448925490747174 ) ) ;
#1866 = EDGE_CURVE ( 'NONE', #6402, #4777, #581, .T. ) ;
#1867 = ORIENTED_EDGE ( 'NONE', *, *, #2070, .T. ) ;
#1868 = CARTESIAN_POINT ( 'NONE',  ( -0.04249999999999988509, 0.02499999999999984873, 0.3549999999999997602 ) ) ;
#1869 = ORIENTED_EDGE ( 'NONE', *, *, #3326, .F. ) ;
#1870 = ORIENTED_EDGE ( 'NONE', *, *, #1085, .F. ) ;
#1871 = CARTESIAN_POINT ( 'NONE',  ( 0.1375000000000000389, 2.489731222669117727, -0.08250000000000001776 ) ) ;
#1872 = ORIENTED_EDGE ( 'NONE', *, *, #4586, .F. ) ;
#1873 = CARTESIAN_POINT ( 'NONE',  ( 0.2038619738783786495, 0.5149999999999999023, 0.4209349320853011389 ) ) ;
#1874 = EDGE_LOOP ( 'NONE', ( #3843, #3713, #2743, #2495 ) ) ;
#1875 = AXIS2_PLACEMENT_3D ( 'NONE', #2113, #582, #3072 ) ;
#1876 = AXIS2_PLACEMENT_3D ( 'NONE', #2646, #2617, #3796 ) ;
#1877 = PLANE ( 'NONE',  #1591 ) ;
#1878 = DIRECTION ( 'NONE',  ( 0.000000000000000000, -0.000000000000000000, 1.000000000000000000 ) ) ;
#1879 = FACE_OUTER_BOUND ( 'NONE', #4966, .T. ) ;
#1880 = DIRECTION ( 'NONE',  ( -0.000000000000000000, -1.000000000000000000, -0.000000000000000000 ) ) ;
#1881 = VECTOR ( 'NONE', #6203, 1000.000000000000000 ) ;
#1882 = AXIS2_PLACEMENT_3D ( 'NONE', #2822, #4625, #6117 ) ;
#1883 = EDGE_LOOP ( 'NONE', ( #1698, #6396, #3706, #1226 ) ) ;
#1884 = CARTESIAN_POINT ( 'NONE',  ( 0.3250000000000000111, 2.489731222669117727, -0.5299999999999999156 ) ) ;
#1885 = EDGE_CURVE ( 'NONE', #3553, #6044, #5326, .T. ) ;
#1886 = PLANE ( 'NONE',  #1461 ) ;
#1887 = ORIENTED_EDGE ( 'NONE', *, *, #2671, .F. ) ;
#1888 = VECTOR ( 'NONE', #2159, 1000.000000000000000 ) ;
#1889 = CARTESIAN_POINT ( 'NONE',  ( 4.336808689942017736E-16, 1.851433752247375164, 0.7999999999999997113 ) ) ;
#1890 = EDGE_LOOP ( 'NONE', ( #527, #4166, #5554, #5314 ) ) ;
#1891 = ORIENTED_EDGE ( 'NONE', *, *, #6697, .F. ) ;
#1892 = DIRECTION ( 'NONE',  ( 0.7116333239147081269, -0.000000000000000000, 0.7025510745092516940 ) ) ;
#1893 = PLANE ( 'NONE',  #4337 ) ;
#1894 = VECTOR ( 'NONE', #1978, 1000.000000000000000 ) ;
#1895 = DIRECTION ( 'NONE',  ( 0.7071067811865470176, 0.000000000000000000, -0.7071067811865480168 ) ) ;
#1896 = DIRECTION ( 'NONE',  ( -1.000000000000000000, -0.000000000000000000, -0.000000000000000000 ) ) ;
#1897 = AXIS2_PLACEMENT_3D ( 'NONE', #3722, #5774, #5843 ) ;
#1898 = EDGE_CURVE ( 'NONE', #651, #2258, #2152, .T. ) ;
#1899 = CARTESIAN_POINT ( 'NONE',  ( -0.5913366676085288764, 0.000000000000000000, 0.6147448925490744953 ) ) ;
#1900 = EDGE_LOOP ( 'NONE', ( #647, #4539, #4729, #1262 ) ) ;
#1901 = DIRECTION ( 'NONE',  ( 0.000000000000000000, 0.000000000000000000, 1.000000000000000000 ) ) ;
#1902 = CARTESIAN_POINT ( 'NONE',  ( 0.5913366676085289875, 2.489731222669117727, -0.6147448925490746063 ) ) ;
#1903 = ORIENTED_EDGE ( 'NONE', *, *, #1846, .F. ) ;
#1904 = DIRECTION ( 'NONE',  ( 1.000000000000000000, 0.000000000000000000, -5.421010862427514281E-16 ) ) ;
#1905 = CARTESIAN_POINT ( 'NONE',  ( 1.234999999999999654, 0.2149999999999999967, -0.7349999999999997646 ) ) ;
#1906 = VERTEX_POINT ( 'NONE', #3173 ) ;
#1907 = ORIENTED_EDGE ( 'NONE', *, *, #2127, .F. ) ;
#1908 = DIRECTION ( 'NONE',  ( 0.000000000000000000, 1.000000000000000000, 0.000000000000000000 ) ) ;
#1909 = CARTESIAN_POINT ( 'NONE',  ( -0.7889616633844750426, 0.3500000000000002554, -0.5689656325201035703 ) ) ;
#1910 = EDGE_CURVE ( 'NONE', #2852, #3093, #1123, .T. ) ;
#1911 = EDGE_LOOP ( 'NONE', ( #5435, #3255, #6147 ) ) ;
#1912 =( GEOMETRIC_REPRESENTATION_CONTEXT ( 3 ) GLOBAL_UNCERTAINTY_ASSIGNED_CONTEXT ( ( #710 ) ) GLOBAL_UNIT_ASSIGNED_CONTEXT ( ( #265, #4951, #2390 ) ) REPRESENTATION_CONTEXT ( 'NONE', 'WORKASPACE' ) );
#1913 = CARTESIAN_POINT ( 'NONE',  ( 0.2125000000000000222, 2.489731222669117727, -0.1575000000000000011 ) ) ;
#1914 = VECTOR ( 'NONE', #1495, 1000.000000000000000 ) ;
#1915 = FACE_OUTER_BOUND ( 'NONE', #3517, .T. ) ;
#1916 = ORIENTED_EDGE ( 'NONE', *, *, #6334, .F. ) ;
#1917 = PLANE ( 'NONE',  #2592 ) ;
#1918 = ORIENTED_EDGE ( 'NONE', *, *, #6033, .T. ) ;
#1919 = LINE ( 'NONE', #1156, #2682 ) ;
#1920 = LINE ( 'NONE', #5025, #72 ) ;
#1921 = AXIS2_PLACEMENT_3D ( 'NONE', #2645, #4740, #1668 ) ;
#1922 = VERTEX_POINT ( 'NONE', #1219 ) ;
#1923 = CIRCLE ( 'NONE', #6105, 0.1000000000000001582 ) ;
#1924 = EDGE_CURVE ( 'NONE', #6376, #5870, #6454, .T. ) ;
#1925 = DIRECTION ( 'NONE',  ( -0.000000000000000000, -1.000000000000000000, -0.000000000000000000 ) ) ;
#1926 = FACE_OUTER_BOUND ( 'NONE', #1112, .T. ) ;
#1927 = ORIENTED_EDGE ( 'NONE', *, *, #5021, .F. ) ;
#1928 = CARTESIAN_POINT ( 'NONE',  ( 0.5500000000000029310, 0.2249999999999999500, -0.7999999999999998224 ) ) ;
#1929 = AXIS2_PLACEMENT_3D ( 'NONE', #5900, #573, #3265 ) ;
#1930 = ORIENTED_EDGE ( 'NONE', *, *, #6333, .T. ) ;
#1931 = DIRECTION ( 'NONE',  ( 0.7025510745092516940, 0.000000000000000000, -0.7116333239147081269 ) ) ;
#1932 = AXIS2_PLACEMENT_3D ( 'NONE', #5256, #4701, #1018 ) ;
#1933 = CARTESIAN_POINT ( 'NONE',  ( 1.064999999999999503, 0.2250000000000000056, -0.4999999999999995559 ) ) ;
#1934 = DIRECTION ( 'NONE',  ( -0.000000000000000000, -1.000000000000000000, -0.000000000000000000 ) ) ;
#1935 = EDGE_CURVE ( 'NONE', #1454, #6350, #62, .T. ) ;
#1936 = CARTESIAN_POINT ( 'NONE',  ( 0.4086633323914709570, 0.000000000000000000, -0.6147448925490746063 ) ) ;
#1937 = ORIENTED_EDGE ( 'NONE', *, *, #4161, .T. ) ;
#1938 = EDGE_CURVE ( 'NONE', #4374, #3683, #1728, .T. ) ;
#1939 = DIRECTION ( 'NONE',  ( -6.195440985631456303E-16, 0.000000000000000000, 1.000000000000000000 ) ) ;
#1940 = ORIENTED_EDGE ( 'NONE', *, *, #3464, .F. ) ;
#1941 = CARTESIAN_POINT ( 'NONE',  ( -0.4086633323914709570, 0.02499999999999984873, 0.6147448925490746063 ) ) ;
#1942 = ORIENTED_EDGE ( 'NONE', *, *, #5738, .F. ) ;
#1943 = FACE_OUTER_BOUND ( 'NONE', #5350, .T. ) ;
#1944 = CARTESIAN_POINT ( 'NONE',  ( 0.7889616633844763749, 0.3500000000000000333, -0.5689656325201035703 ) ) ;
#1945 = EDGE_CURVE ( 'NONE', #1264, #997, #5862, .T. ) ;
#1946 = ORIENTED_EDGE ( 'NONE', *, *, #6121, .T. ) ;
#1947 = EDGE_CURVE ( 'NONE', #6375, #5710, #3686, .T. ) ;
#1948 = LINE ( 'NONE', #492, #628 ) ;
#1949 = EDGE_CURVE ( 'NONE', #579, #2979, #5394, .T. ) ;
#1950 = PLANE ( 'NONE',  #4527 ) ;
#1951 = EDGE_LOOP ( 'NONE', ( #1476, #6678, #5483, #220 ) ) ;
#1952 = ORIENTED_EDGE ( 'NONE', *, *, #6084, .T. ) ;
#1953 = CARTESIAN_POINT ( 'NONE',  ( -1.499999999999999556, 0.07499999999999999722, -0.2749999999999993006 ) ) ;
#1954 = CARTESIAN_POINT ( 'NONE',  ( 0.000000000000000000, 0.5149999999999999023, 0.000000000000000000 ) ) ;
#1955 = DIRECTION ( 'NONE',  ( 1.606225440719265874E-16, -0.000000000000000000, 1.000000000000000000 ) ) ;
#1956 = DIRECTION ( 'NONE',  ( 0.7025510745092516940, 0.000000000000000000, 0.7116333239147081269 ) ) ;
#1957 = ORIENTED_EDGE ( 'NONE', *, *, #4766, .F. ) ;
#1958 = ORIENTED_EDGE ( 'NONE', *, *, #2958, .T. ) ;
#1959 = DIRECTION ( 'NONE',  ( -0.000000000000000000, -1.000000000000000000, -0.000000000000000000 ) ) ;
#1960 = CARTESIAN_POINT ( 'NONE',  ( -1.299999999999999378, 1.851433752247375164, -0.7349999999999997646 ) ) ;
#1961 = ORIENTED_EDGE ( 'NONE', *, *, #1935, .F. ) ;
#1962 = DIRECTION ( 'NONE',  ( 0.000000000000000000, -1.000000000000000000, 0.000000000000000000 ) ) ;
#1963 = ORIENTED_EDGE ( 'NONE', *, *, #1528, .F. ) ;
#1964 = CARTESIAN_POINT ( 'NONE',  ( -0.6624999999999999778, 2.489731222669117727, 0.08250000000000001776 ) ) ;
#1965 = ORIENTED_EDGE ( 'NONE', *, *, #338, .F. ) ;
#1966 = EDGE_CURVE ( 'NONE', #5477, #3751, #4866, .T. ) ;
#1967 = DIRECTION ( 'NONE',  ( 0.000000000000000000, 0.000000000000000000, -1.000000000000000000 ) ) ;
#1968 = ORIENTED_EDGE ( 'NONE', *, *, #6586, .T. ) ;
#1969 = CARTESIAN_POINT ( 'NONE',  ( -0.2125000000000000222, 0.02499999999999984873, 0.1575000000000000011 ) ) ;
#1970 = ORIENTED_EDGE ( 'NONE', *, *, #4816, .T. ) ;
#1971 = CARTESIAN_POINT ( 'NONE',  ( -0.4670526090495507598, 0.5149999999999999023, 0.03020581678025704986 ) ) ;
#1972 = LINE ( 'NONE', #4057, #1466 ) ;
#1973 = DIRECTION ( 'NONE',  ( 0.000000000000000000, 1.000000000000000000, 0.000000000000000000 ) ) ;
#1974 = DIRECTION ( 'NONE',  ( 0.000000000000000000, 1.000000000000000000, 0.000000000000000000 ) ) ;
#1975 = DIRECTION ( 'NONE',  ( 0.000000000000000000, 0.000000000000000000, -1.000000000000000000 ) ) ;
#1976 = ORIENTED_EDGE ( 'NONE', *, *, #2111, .T. ) ;
#1977 = EDGE_CURVE ( 'NONE', #2332, #4470, #6422, .T. ) ;
#1978 = DIRECTION ( 'NONE',  ( 0.000000000000000000, 1.000000000000000000, 0.000000000000000000 ) ) ;
#1979 = ORIENTED_EDGE ( 'NONE', *, *, #874, .T. ) ;
#1980 = CARTESIAN_POINT ( 'NONE',  ( 0.3250000000000000111, 0.000000000000000000, 0.5299999999999999156 ) ) ;
#1981 = CARTESIAN_POINT ( 'NONE',  ( -1.499999999999999556, -0.4699747468305839893, 0.2749999999999993006 ) ) ;
#1982 = CARTESIAN_POINT ( 'NONE',  ( 0.9445302004049205280, 0.3499999999999999778, -0.8475878694638663280 ) ) ;
#1983 = EDGE_LOOP ( 'NONE', ( #6565, #5366, #6602, #5495 ) ) ;
#1984 = AXIS2_PLACEMENT_3D ( 'NONE', #2738, #5836, #1727 ) ;
#1985 = AXIS2_PLACEMENT_3D ( 'NONE', #731, #4351, #791 ) ;
#1986 = ORIENTED_EDGE ( 'NONE', *, *, #3475, .T. ) ;
#1987 = VERTEX_POINT ( 'NONE', #4339 ) ;
#1988 = EDGE_CURVE ( 'NONE', #5636, #4296, #4300, .T. ) ;
#1989 = AXIS2_PLACEMENT_3D ( 'NONE', #4498, #3370, #774 ) ;
#1990 = DIRECTION ( 'NONE',  ( 0.000000000000000000, 0.000000000000000000, -1.000000000000000000 ) ) ;
#1991 = VECTOR ( 'NONE', #950, 1000.000000000000000 ) ;
#1992 = DIRECTION ( 'NONE',  ( -0.000000000000000000, -1.000000000000000000, -0.000000000000000000 ) ) ;
#1993 = VECTOR ( 'NONE', #1625, 1000.000000000000000 ) ;
#1994 = DIRECTION ( 'NONE',  ( 0.000000000000000000, 0.000000000000000000, 1.000000000000000000 ) ) ;
#1995 = ORIENTED_EDGE ( 'NONE', *, *, #2577, .F. ) ;
#1996 = AXIS2_PLACEMENT_3D ( 'NONE', #5759, #6756, #4613 ) ;
#1997 = AXIS2_PLACEMENT_3D ( 'NONE', #3431, #334, #4531 ) ;
#1998 = CARTESIAN_POINT ( 'NONE',  ( -1.149999999999999689, 0.07499999999999999722, 0.2000000000000000389 ) ) ;
#1999 = CARTESIAN_POINT ( 'NONE',  ( -0.2125000000000000222, 2.489731222669117727, -0.1575000000000000011 ) ) ;
#2000 = CARTESIAN_POINT ( 'NONE',  ( 1.234999999999999654, 0.02500000000000000139, 0.7349999999999997646 ) ) ;
#2001 = VECTOR ( 'NONE', #6390, 1000.000000000000000 ) ;
#2002 = ORIENTED_EDGE ( 'NONE', *, *, #4932, .T. ) ;
#2003 = DIRECTION ( 'NONE',  ( -0.000000000000000000, -0.000000000000000000, 1.000000000000000000 ) ) ;
#2004 = ORIENTED_EDGE ( 'NONE', *, *, #4492, .T. ) ;
#2005 = FACE_OUTER_BOUND ( 'NONE', #1464, .T. ) ;
#2006 = CARTESIAN_POINT ( 'NONE',  ( 0.2402395371030253968, 0.5149999999999999023, 0.4033170028571940735 ) ) ;
#2007 = ORIENTED_EDGE ( 'NONE', *, *, #5401, .T. ) ;
#2008 = VECTOR ( 'NONE', #4872, 1000.000000000000000 ) ;
#2009 = FACE_OUTER_BOUND ( 'NONE', #5817, .T. ) ;
#2010 = EDGE_CURVE ( 'NONE', #6350, #6557, #6487, .T. ) ;
#2011 = AXIS2_PLACEMENT_3D ( 'NONE', #1752, #5963, #234 ) ;
#2012 = PLANE ( 'NONE',  #2329 ) ;
#2013 = ORIENTED_EDGE ( 'NONE', *, *, #530, .T. ) ;
#2014 = DIRECTION ( 'NONE',  ( 0.000000000000000000, -1.000000000000000000, -0.000000000000000000 ) ) ;
#2015 = ORIENTED_EDGE ( 'NONE', *, *, #1162, .T. ) ;
#2016 = FACE_OUTER_BOUND ( 'NONE', #4222, .T. ) ;
#2017 = ORIENTED_EDGE ( 'NONE', *, *, #5952, .T. ) ;
#2018 = ADVANCED_FACE ( 'NONE', ( #4806 ), #3304, .F. ) ;
#2019 = EDGE_CURVE ( 'NONE', #2999, #3886, #5364, .T. ) ;
#2020 = AXIS2_PLACEMENT_3D ( 'NONE', #690, #2226, #4239 ) ;
#2021 = CARTESIAN_POINT ( 'NONE',  ( -0.5999999999999994227, 0.000000000000000000, 0.4299999999999997158 ) ) ;
#2022 = ORIENTED_EDGE ( 'NONE', *, *, #3447, .T. ) ;
#2023 = CARTESIAN_POINT ( 'NONE',  ( -0.7499999999999995559, 0.3250000000000000111, -0.2592837430570318902 ) ) ;
#2024 = FILL_AREA_STYLE ('',( #6750 ) ) ;
#2025 = LINE ( 'NONE', #1475, #1674 ) ;
#2026 = AXIS2_PLACEMENT_3D ( 'NONE', #2856, #4921, #2343 ) ;
#2027 = VECTOR ( 'NONE', #6092, 1000.000000000000000 ) ;
#2028 = ORIENTED_EDGE ( 'NONE', *, *, #5564, .T. ) ;
#2029 = EDGE_CURVE ( 'NONE', #5254, #1755, #5212, .T. ) ;
#2030 = EDGE_CURVE ( 'NONE', #2876, #6280, #650, .T. ) ;
#2031 = DIRECTION ( 'NONE',  ( 0.000000000000000000, 1.000000000000000000, 0.000000000000000000 ) ) ;
#2032 = CARTESIAN_POINT ( 'NONE',  ( -0.04249999999999988509, 0.000000000000000000, -0.3549999999999997602 ) ) ;
#2033 = AXIS2_PLACEMENT_3D ( 'NONE', #472, #1959, #1990 ) ;
#2034 = EDGE_CURVE ( 'NONE', #1742, #5579, #3980, .T. ) ;
#2035 = LINE ( 'NONE', #6307, #2453 ) ;
#2036 = EDGE_LOOP ( 'NONE', ( #1556, #6277, #968, #3808, #5116, #2676, #1750 ) ) ;
#2037 = CARTESIAN_POINT ( 'NONE',  ( 0.8427657606103799992, 0.3499999999999999778, -0.8999999999999995781 ) ) ;
#2038 = DIRECTION ( 'NONE',  ( 0.5807029557109352202, 0.000000000000000000, 0.8141155183563223430 ) ) ;
#2039 = VECTOR ( 'NONE', #166, 1000.000000000000000 ) ;
#2040 = DIRECTION ( 'NONE',  ( -0.000000000000000000, -1.000000000000000000, -0.000000000000000000 ) ) ;
#2041 = CARTESIAN_POINT ( 'NONE',  ( -0.3250000000000000111, 2.489731222669117727, 0.5299999999999999156 ) ) ;
#2042 = CARTESIAN_POINT ( 'NONE',  ( 0.4086633323914709015, 2.489731222669117727, 0.6147448925490747174 ) ) ;
#2043 = VECTOR ( 'NONE', #2040, 1000.000000000000000 ) ;
#2044 = ORIENTED_EDGE ( 'NONE', *, *, #1947, .F. ) ;
#2045 = VERTEX_POINT ( 'NONE', #778 ) ;
#2046 = EDGE_LOOP ( 'NONE', ( #3275, #1313, #2471, #2938 ) ) ;
#2047 = CARTESIAN_POINT ( 'NONE',  ( 0.000000000000000000, 0.5799999999999998490, 0.000000000000000000 ) ) ;
#2048 = VERTEX_POINT ( 'NONE', #3443 ) ;
#2049 = CARTESIAN_POINT ( 'NONE',  ( 0.4651012171537800555, 0.5149999999999999023, 0.05028626221636196131 ) ) ;
#2050 = ORIENTED_EDGE ( 'NONE', *, *, #4230, .T. ) ;
#2051 = DIRECTION ( 'NONE',  ( -1.000000000000000000, 0.000000000000000000, 0.000000000000000000 ) ) ;
#2052 = CARTESIAN_POINT ( 'NONE',  ( 0.9999999999999995559, 0.2149999999999999967, -0.7999999999999996003 ) ) ;
#2053 = EDGE_LOOP ( 'NONE', ( #743, #5777, #781, #3955, #3770, #6634 ) ) ;
#2054 = CARTESIAN_POINT ( 'NONE',  ( -0.6624999999999996447, 0.02499999999999984873, -0.6849999999999997202 ) ) ;
#2055 = VERTEX_POINT ( 'NONE', #3484 ) ;
#2056 = FACE_OUTER_BOUND ( 'NONE', #1242, .T. ) ;
#2057 = ORIENTED_EDGE ( 'NONE', *, *, #1517, .T. ) ;
#2058 = EDGE_CURVE ( 'NONE', #2521, #3486, #5527, .T. ) ;
#2059 = LINE ( 'NONE', #1045, #2494 ) ;
#2060 = LINE ( 'NONE', #2492, #835 ) ;
#2061 = DIRECTION ( 'NONE',  ( 0.000000000000000000, 0.000000000000000000, 1.000000000000000000 ) ) ;
#2062 = ADVANCED_FACE ( 'NONE', ( #2424 ), #4476, .F. ) ;
#2063 = CARTESIAN_POINT ( 'NONE',  ( 1.149999999999999689, 0.07499999999999999722, 0.2000000000000000389 ) ) ;
#2064 = EDGE_CURVE ( 'NONE', #6799, #5504, #6007, .T. ) ;
#2065 = ORIENTED_EDGE ( 'NONE', *, *, #3068, .T. ) ;
#2066 = ORIENTED_EDGE ( 'NONE', *, *, #480, .T. ) ;
#2067 = DIRECTION ( 'NONE',  ( -0.000000000000000000, -1.000000000000000000, -0.000000000000000000 ) ) ;
#2068 = LINE ( 'NONE', #3062, #631 ) ;
#2069 = DIRECTION ( 'NONE',  ( 0.7071067811865472397, -0.000000000000000000, 0.7071067811865479058 ) ) ;
#2070 = EDGE_CURVE ( 'NONE', #2759, #2974, #6556, .T. ) ;
#2071 = ADVANCED_FACE ( 'NONE', ( #3405 ), #314, .T. ) ;
#2072 = LINE ( 'NONE', #1054, #4184 ) ;
#2073 = ORIENTED_EDGE ( 'NONE', *, *, #5402, .T. ) ;
#2074 = CARTESIAN_POINT ( 'NONE',  ( 0.2402395371030253968, 0.5149999999999999023, -0.4033170028571940735 ) ) ;
#2075 = EDGE_CURVE ( 'NONE', #6581, #223, #2898, .T. ) ;
#2076 = DIRECTION ( 'NONE',  ( 0.000000000000000000, 0.000000000000000000, -1.000000000000000000 ) ) ;
#2077 = ORIENTED_EDGE ( 'NONE', *, *, #5619, .F. ) ;
#2078 = CARTESIAN_POINT ( 'NONE',  ( 0.3250000000000000111, 0.000000000000000000, -0.5299999999999999156 ) ) ;
#2079 = VERTEX_POINT ( 'NONE', #853 ) ;
#2080 = ORIENTED_EDGE ( 'NONE', *, *, #6374, .F. ) ;
#2081 = DIRECTION ( 'NONE',  ( 0.000000000000000000, 0.000000000000000000, -1.000000000000000000 ) ) ;
#2082 = ORIENTED_EDGE ( 'NONE', *, *, #954, .F. ) ;
#2083 = DIRECTION ( 'NONE',  ( 1.000000000000000000, 0.000000000000000000, -2.562659680420284750E-15 ) ) ;
#2084 = DIRECTION ( 'NONE',  ( -0.000000000000000000, 1.000000000000000000, -0.000000000000000000 ) ) ;
#2085 = EDGE_LOOP ( 'NONE', ( #2194, #1515, #398, #2002 ) ) ;
#2086 = EDGE_CURVE ( 'NONE', #99, #929, #5187, .T. ) ;
#2087 = CARTESIAN_POINT ( 'NONE',  ( -1.299999999999999600, 0.2250000000000000056, -0.4999999999999995559 ) ) ;
#2088 = ADVANCED_FACE ( 'NONE', ( #6066 ), #882, .T. ) ;
#2089 = LINE ( 'NONE', #2722, #3949 ) ;
#2090 = VECTOR ( 'NONE', #2173, 999.9999999999998863 ) ;
#2091 = ORIENTED_EDGE ( 'NONE', *, *, #5486, .T. ) ;
#2092 = DIRECTION ( 'NONE',  ( -0.000000000000000000, 1.000000000000000000, 0.000000000000000000 ) ) ;
#2093 = DIRECTION ( 'NONE',  ( -0.000000000000000000, -1.000000000000000000, -0.000000000000000000 ) ) ;
#2094 = ORIENTED_EDGE ( 'NONE', *, *, #5952, .F. ) ;
#2095 = VECTOR ( 'NONE', #1576, 1000.000000000000000 ) ;
#2096 = CARTESIAN_POINT ( 'NONE',  ( -0.7499999999999995559, 0.3499999999999999778, 0.2592837430570318902 ) ) ;
#2097 = CARTESIAN_POINT ( 'NONE',  ( 0.9999999999999995559, 0.2149999999999999967, 0.7999999999999996003 ) ) ;
#2098 = LINE ( 'NONE', #6404, #2095 ) ;
#2099 = ORIENTED_EDGE ( 'NONE', *, *, #1910, .T. ) ;
#2100 = EDGE_CURVE ( 'NONE', #2852, #187, #1793, .T. ) ;
#2101 = DIRECTION ( 'NONE',  ( 0.7071067811865477948, 0.000000000000000000, 0.7071067811865473507 ) ) ;
#2102 = DIRECTION ( 'NONE',  ( -1.000000000000000000, 0.000000000000000000, 2.562659680420284750E-15 ) ) ;
#2103 = DIRECTION ( 'NONE',  ( 0.000000000000000000, 0.000000000000000000, 1.000000000000000000 ) ) ;
#2104 = VERTEX_POINT ( 'NONE', #378 ) ;
#2105 = CARTESIAN_POINT ( 'NONE',  ( 0.4395198120705038347, 0.5149999999999996803, 0.1730166995796434404 ) ) ;
#2106 = ORIENTED_EDGE ( 'NONE', *, *, #5010, .F. ) ;
#2107 = EDGE_CURVE ( 'NONE', #2532, #1663, #2339, .T. ) ;
#2108 = VECTOR ( 'NONE', #2686, 1000.000000000000000 ) ;
#2109 = DIRECTION ( 'NONE',  ( 0.000000000000000000, 0.000000000000000000, 1.000000000000000000 ) ) ;
#2110 = FACE_OUTER_BOUND ( 'NONE', #5702, .T. ) ;
#2111 = EDGE_CURVE ( 'NONE', #1095, #3854, #3944, .T. ) ;
#2112 = VECTOR ( 'NONE', #6580, 1000.000000000000000 ) ;
#2113 = CARTESIAN_POINT ( 'NONE',  ( -0.5699999999999995071, 1.661001497005149652, 0.1913252839170866137 ) ) ;
#2114 = VERTEX_POINT ( 'NONE', #6617 ) ;
#2115 = VECTOR ( 'NONE', #1798, 1000.000000000000000 ) ;
#2116 = ORIENTED_EDGE ( 'NONE', *, *, #3339, .T. ) ;
#2117 = DIRECTION ( 'NONE',  ( 0.000000000000000000, 1.000000000000000000, 0.000000000000000000 ) ) ;
#2118 = VERTEX_POINT ( 'NONE', #1342 ) ;
#2119 = ORIENTED_EDGE ( 'NONE', *, *, #4583, .T. ) ;
#2120 = DIRECTION ( 'NONE',  ( -0.000000000000000000, -1.000000000000000000, -0.000000000000000000 ) ) ;
#2121 = PLANE ( 'NONE',  #5568 ) ;
#2122 = VECTOR ( 'NONE', #6548, 1000.000000000000000 ) ;
#2123 = VECTOR ( 'NONE', #56, 1000.000000000000000 ) ;
#2124 = DIRECTION ( 'NONE',  ( 0.7025510745092516940, -0.000000000000000000, -0.7116333239147081269 ) ) ;
#2125 = FACE_OUTER_BOUND ( 'NONE', #4031, .T. ) ;
#2126 = VERTEX_POINT ( 'NONE', #3377 ) ;
#2127 = EDGE_CURVE ( 'NONE', #5051, #809, #4297, .T. ) ;
#2128 = CARTESIAN_POINT ( 'NONE',  ( -1.499999999999999778, 0.02499999999999995628, 0.3499999999999993117 ) ) ;
#2129 = VECTOR ( 'NONE', #3288, 1000.000000000000000 ) ;
#2130 = DIRECTION ( 'NONE',  ( 0.7025510745092516940, 0.000000000000000000, -0.7116333239147081269 ) ) ;
#2131 = CARTESIAN_POINT ( 'NONE',  ( 4.336808689942017736E-16, 0.3250000000000000111, 0.7999999999999997113 ) ) ;
#2132 =( NAMED_UNIT ( * ) SI_UNIT ( $, .STERADIAN. ) SOLID_ANGLE_UNIT ( ) );
#2133 = DIRECTION ( 'NONE',  ( -0.7071067811865465735, -0.000000000000000000, 0.7071067811865483499 ) ) ;
#2134 =( GEOMETRIC_REPRESENTATION_CONTEXT ( 3 ) GLOBAL_UNCERTAINTY_ASSIGNED_CONTEXT ( ( #2838 ) ) GLOBAL_UNIT_ASSIGNED_CONTEXT ( ( #3481, #2522, #6201 ) ) REPRESENTATION_CONTEXT ( 'NONE', 'WORKASPACE' ) );
#2135 = CARTESIAN_POINT ( 'NONE',  ( 1.299999999999999378, 1.851433752247375164, 0.5499999999999997113 ) ) ;
#2136 = DIRECTION ( 'NONE',  ( 1.084202172485504828E-15, 0.000000000000000000, 1.000000000000000000 ) ) ;
#2137 = ORIENTED_EDGE ( 'NONE', *, *, #12, .F. ) ;
#2138 = ORIENTED_EDGE ( 'NONE', *, *, #6529, .T. ) ;
#2139 = CIRCLE ( 'NONE', #3010, 0.07499999999999998335 ) ;
#2140 = EDGE_CURVE ( 'NONE', #2048, #689, #6037, .T. ) ;
#2141 =( GEOMETRIC_REPRESENTATION_CONTEXT ( 3 ) GLOBAL_UNCERTAINTY_ASSIGNED_CONTEXT ( ( #3772 ) ) GLOBAL_UNIT_ASSIGNED_CONTEXT ( ( #3412, #3851, #4412 ) ) REPRESENTATION_CONTEXT ( 'NONE', 'WORKASPACE' ) );
#2142 = PLANE ( 'NONE',  #4561 ) ;
#2143 = FACE_OUTER_BOUND ( 'NONE', #859, .T. ) ;
#2144 = VECTOR ( 'NONE', #811, 1000.000000000000000 ) ;
#2145 = DIRECTION ( 'NONE',  ( 0.000000000000000000, 0.000000000000000000, 1.000000000000000000 ) ) ;
#2146 = ORIENTED_EDGE ( 'NONE', *, *, #5466, .F. ) ;
#2147 = CARTESIAN_POINT ( 'NONE',  ( 0.1720104733052812973, 0.3500000000000000333, -0.7303844438303087605 ) ) ;
#2148 = ORIENTED_EDGE ( 'NONE', *, *, #2658, .F. ) ;
#2149 = CIRCLE ( 'NONE', #4558, 0.1000000000000000472 ) ;
#2150 = EDGE_CURVE ( 'NONE', #2957, #5791, #805, .T. ) ;
#2151 = CARTESIAN_POINT ( 'NONE',  ( -0.9770577591781610671, 0.2250000000000000056, 0.4816767617725544737 ) ) ;
#2152 = LINE ( 'NONE', #4371, #4519 ) ;
#2153 = ORIENTED_EDGE ( 'NONE', *, *, #4804, .T. ) ;
#2154 = DIRECTION ( 'NONE',  ( 1.000000000000000000, 0.000000000000000000, 1.224646799147353207E-16 ) ) ;
#2155 = VERTEX_POINT ( 'NONE', #5465 ) ;
#2156 = EDGE_CURVE ( 'NONE', #3674, #3527, #753, .T. ) ;
#2157 = EDGE_CURVE ( 'NONE', #1264, #673, #5692, .T. ) ;
#2158 = ORIENTED_EDGE ( 'NONE', *, *, #3080, .T. ) ;
#2159 = DIRECTION ( 'NONE',  ( -0.000000000000000000, -1.000000000000000000, -0.000000000000000000 ) ) ;
#2160 = VECTOR ( 'NONE', #2924, 1000.000000000000000 ) ;
#2161 = ORIENTED_EDGE ( 'NONE', *, *, #3505, .T. ) ;
#2162 = CARTESIAN_POINT ( 'NONE',  ( -0.7499999999999995559, 1.661001497005149652, 0.7999999999999997113 ) ) ;
#2163 = LINE ( 'NONE', #3179, #5232 ) ;
#2164 = VECTOR ( 'NONE', #3801, 1000.000000000000000 ) ;
#2165 = CARTESIAN_POINT ( 'NONE',  ( 0.04250000000000038469, 0.02499999999999984873, 0.5699999999999998401 ) ) ;
#2166 = LINE ( 'NONE', #1100, #692 ) ;
#2167 = VERTEX_POINT ( 'NONE', #3642 ) ;
#2168 = DIRECTION ( 'NONE',  ( 0.000000000000000000, 1.000000000000000000, 0.000000000000000000 ) ) ;
#2169 = EDGE_CURVE ( 'NONE', #3854, #1079, #3132, .T. ) ;
#2170 = DIRECTION ( 'NONE',  ( 0.000000000000000000, 0.000000000000000000, 1.000000000000000000 ) ) ;
#2171 = DIRECTION ( 'NONE',  ( -0.000000000000000000, -1.000000000000000000, -0.000000000000000000 ) ) ;
#2172 = PLANE ( 'NONE',  #5891 ) ;
#2173 = DIRECTION ( 'NONE',  ( 0.7071067811865472397, -0.000000000000000000, 0.7071067811865479058 ) ) ;
#2174 = ORIENTED_EDGE ( 'NONE', *, *, #3742, .T. ) ;
#2175 = ORIENTED_EDGE ( 'NONE', *, *, #5923, .F. ) ;
#2176 = PLANE ( 'NONE',  #948 ) ;
#2177 = DIRECTION ( 'NONE',  ( 0.000000000000000000, 1.000000000000000000, 0.000000000000000000 ) ) ;
#2178 = DIRECTION ( 'NONE',  ( -0.000000000000000000, -1.000000000000000000, -0.000000000000000000 ) ) ;
#2179 = ORIENTED_EDGE ( 'NONE', *, *, #6484, .F. ) ;
#2180 = CARTESIAN_POINT ( 'NONE',  ( 0.7889616633844751536, 0.3499999999999997002, 0.5689656325201042364 ) ) ;
#2181 = VERTEX_POINT ( 'NONE', #1482 ) ;
#2182 = LINE ( 'NONE', #617, #3530 ) ;
#2183 = DIRECTION ( 'NONE',  ( 6.505213034913017138E-15, 0.000000000000000000, -1.000000000000000000 ) ) ;
#2184 = DIRECTION ( 'NONE',  ( 0.000000000000000000, 0.000000000000000000, 1.000000000000000000 ) ) ;
#2185 = ORIENTED_EDGE ( 'NONE', *, *, #4372, .T. ) ;
#2186 = EDGE_CURVE ( 'NONE', #5579, #2114, #4084, .T. ) ;
#2187 = CARTESIAN_POINT ( 'NONE',  ( -1.069999999999999840, 0.3250000000000000111, -0.1913252839170866415 ) ) ;
#2188 = DIRECTION ( 'NONE',  ( 0.000000000000000000, 0.000000000000000000, -1.000000000000000000 ) ) ;
#2189 = LINE ( 'NONE', #3112, #5227 ) ;
#2190 = EDGE_CURVE ( 'NONE', #6482, #4876, #1542, .T. ) ;
#2191 = FILL_AREA_STYLE_COLOUR ( '', #1257 ) ;
#2192 = LINE ( 'NONE', #5265, #1270 ) ;
#2193 = CARTESIAN_POINT ( 'NONE',  ( 1.234999999999999654, 0.05000000000000000278, 0.7349999999999997646 ) ) ;
#2194 = ORIENTED_EDGE ( 'NONE', *, *, #540, .T. ) ;
#2195 = DIRECTION ( 'NONE',  ( -0.000000000000000000, -0.000000000000000000, -1.000000000000000000 ) ) ;
#2196 = PLANE ( 'NONE',  #5534 ) ;
#2197 = CARTESIAN_POINT ( 'NONE',  ( 0.5500000000000029310, 1.326135777277262395, -0.7999999999999998224 ) ) ;
#2198 = ORIENTED_EDGE ( 'NONE', *, *, #1200, .F. ) ;
#2199 = DIRECTION ( 'NONE',  ( 0.000000000000000000, 0.000000000000000000, -1.000000000000000000 ) ) ;
#2200 = FACE_OUTER_BOUND ( 'NONE', #2602, .T. ) ;
#2201 = ADVANCED_FACE ( 'NONE', ( #3581 ), #5208, .F. ) ;
#2202 = CARTESIAN_POINT ( 'NONE',  ( 0.4086633323914709015, 0.000000000000000000, 0.6147448925490747174 ) ) ;
#2203 = ORIENTED_EDGE ( 'NONE', *, *, #2467, .T. ) ;
#2204 = AXIS2_PLACEMENT_3D ( 'NONE', #2757, #86, #1716 ) ;
#2205 = LINE ( 'NONE', #643, #5673 ) ;
#2206 = ORIENTED_EDGE ( 'NONE', *, *, #4808, .T. ) ;
#2207 = CARTESIAN_POINT ( 'NONE',  ( 1.157057759178160783, 0.3250000000000000111, -0.5496352209124993893 ) ) ;
#2208 = EDGE_CURVE ( 'NONE', #2581, #1567, #2630, .T. ) ;
#2209 = UNCERTAINTY_MEASURE_WITH_UNIT (LENGTH_MEASURE( 1.000000000000000082E-05 ), #3907, 'distance_accuracy_value', 'NONE');
#2210 = ORIENTED_EDGE ( 'NONE', *, *, #1531, .F. ) ;
#2211 = AXIS2_PLACEMENT_3D ( 'NONE', #3695, #5921, #594 ) ;
#2212 = VECTOR ( 'NONE', #569, 1000.000000000000000 ) ;
#2213 = SURFACE_STYLE_USAGE ( .BOTH. , #4830 ) ;
#2214 = DIRECTION ( 'NONE',  ( -0.000000000000000000, -1.000000000000000000, -0.000000000000000000 ) ) ;
#2215 = EDGE_LOOP ( 'NONE', ( #3415, #4243, #6644, #3078 ) ) ;
#2216 = VERTEX_POINT ( 'NONE', #4655 ) ;
#2217 = DIRECTION ( 'NONE',  ( -0.000000000000000000, -1.000000000000000000, -0.000000000000000000 ) ) ;
#2218 = VERTEX_POINT ( 'NONE', #5248 ) ;
#2219 = VECTOR ( 'NONE', #654, 1000.000000000000000 ) ;
#2220 = CARTESIAN_POINT ( 'NONE',  ( 0.2912443665155568517, 0.3499999999999999778, 0.7303844438303084274 ) ) ;
#2221 = VERTEX_POINT ( 'NONE', #6659 ) ;
#2222 = EDGE_CURVE ( 'NONE', #1241, #5731, #4075, .T. ) ;
#2223 = VECTOR ( 'NONE', #847, 1000.000000000000000 ) ;
#2224 = CIRCLE ( 'NONE', #6070, 0.1250000000000002220 ) ;
#2225 = EDGE_LOOP ( 'NONE', ( #4962, #5905, #4997, #4149 ) ) ;
#2226 = DIRECTION ( 'NONE',  ( 1.000000000000000000, -0.000000000000000000, 0.000000000000000000 ) ) ;
#2227 = CARTESIAN_POINT ( 'NONE',  ( -0.9999999999999995559, 0.2149999999999999967, 0.7999999999999996003 ) ) ;
#2228 = CYLINDRICAL_SURFACE ( 'NONE', #2211, 0.1249999999999998890 ) ;
#2229 = ORIENTED_EDGE ( 'NONE', *, *, #5894, .F. ) ;
#2230 = CARTESIAN_POINT ( 'NONE',  ( -0.4086633323914709015, 0.000000000000000000, -0.6147448925490747174 ) ) ;
#2231 = FACE_OUTER_BOUND ( 'NONE', #5561, .T. ) ;
#2232 = CARTESIAN_POINT ( 'NONE',  ( 0.1375000000000000389, 0.000000000000000000, 0.08250000000000001776 ) ) ;
#2233 = VECTOR ( 'NONE', #3225, 1000.000000000000000 ) ;
#2234 = AXIS2_PLACEMENT_3D ( 'NONE', #6791, #5586, #6542 ) ;
#2235 = DIRECTION ( 'NONE',  ( 0.000000000000000000, 1.000000000000000000, 0.000000000000000000 ) ) ;
#2236 = ADVANCED_FACE ( 'NONE', ( #4147 ), #6718, .F. ) ;
#2237 = FACE_BOUND ( 'NONE', #1838, .T. ) ;
#2238 = VECTOR ( 'NONE', #1800, 1000.000000000000000 ) ;
#2239 = DIRECTION ( 'NONE',  ( -0.000000000000000000, -1.000000000000000000, -0.000000000000000000 ) ) ;
#2240 =( LENGTH_UNIT ( ) NAMED_UNIT ( * ) SI_UNIT ( .MILLI., .METRE. ) );
#2241 = EDGE_CURVE ( 'NONE', #2740, #4069, #1513, .T. ) ;
#2242 = ORIENTED_EDGE ( 'NONE', *, *, #3950, .F. ) ;
#2243 = VECTOR ( 'NONE', #5039, 1000.000000000000000 ) ;
#2244 = PRODUCT_RELATED_PRODUCT_CATEGORY ( 'part', '', ( #862 ) ) ;
#2245 = DIRECTION ( 'NONE',  ( 0.000000000000000000, 0.000000000000000000, 1.000000000000000000 ) ) ;
#2246 = CARTESIAN_POINT ( 'NONE',  ( 0.9500000000000003997, 0.02499999999999984873, -0.6599999999999998090 ) ) ;
#2247 = VERTEX_POINT ( 'NONE', #6270 ) ;
#2248 = EDGE_CURVE ( 'NONE', #4193, #3820, #3544, .T. ) ;
#2249 = PLANE ( 'NONE',  #4304 ) ;
#2250 = VECTOR ( 'NONE', #2936, 1000.000000000000227 ) ;
#2251 = CARTESIAN_POINT ( 'NONE',  ( 0.1375000000000000389, 0.02499999999999984873, 0.08250000000000001776 ) ) ;
#2252 = ORIENTED_EDGE ( 'NONE', *, *, #1418, .F. ) ;
#2253 = AXIS2_PLACEMENT_3D ( 'NONE', #1981, #1004, #503 ) ;
#2254 = EDGE_CURVE ( 'NONE', #3744, #5038, #3034, .T. ) ;
#2255 = CARTESIAN_POINT ( 'NONE',  ( -0.3375000000000001332, 2.489731222669117727, -0.7849999999999998090 ) ) ;
#2256 = MECHANICAL_DESIGN_GEOMETRIC_PRESENTATION_REPRESENTATION (  '', ( #1266 ), #5892 ) ;
#2257 = ORIENTED_EDGE ( 'NONE', *, *, #3172, .T. ) ;
#2258 = VERTEX_POINT ( 'NONE', #3511 ) ;
#2259 = ORIENTED_EDGE ( 'NONE', *, *, #1726, .F. ) ;
#2260 = CARTESIAN_POINT ( 'NONE',  ( 1.499999999999999556, -0.4699747468305839893, -0.2749999999999993006 ) ) ;
#2261 = AXIS2_PLACEMENT_3D ( 'NONE', #361, #871, #6124 ) ;
#2262 = AXIS2_PLACEMENT_3D ( 'NONE', #6702, #1425, #5643 ) ;
#2263 = ORIENTED_EDGE ( 'NONE', *, *, #6794, .F. ) ;
#2264 = LINE ( 'NONE', #1256, #2565 ) ;
#2265 = VERTEX_POINT ( 'NONE', #3610 ) ;
#2266 = VECTOR ( 'NONE', #4145, 1000.000000000000000 ) ;
#2267 = EDGE_CURVE ( 'NONE', #1755, #2104, #444, .T. ) ;
#2268 = ORIENTED_EDGE ( 'NONE', *, *, #2320, .T. ) ;
#2269 = SURFACE_STYLE_USAGE ( .BOTH. , #727 ) ;
#2270 = DIRECTION ( 'NONE',  ( 0.000000000000000000, -1.000000000000000000, 0.000000000000000000 ) ) ;
#2271 = DIRECTION ( 'NONE',  ( -2.562659680420284750E-15, 0.000000000000000000, -1.000000000000000000 ) ) ;
#2272 = VERTEX_POINT ( 'NONE', #913 ) ;
#2273 = LINE ( 'NONE', #4881, #4960 ) ;
#2274 = CARTESIAN_POINT ( 'NONE',  ( -1.499999999999999556, 0.07499999999999999722, -0.5499999999999992673 ) ) ;
#2275 = PLANE ( 'NONE',  #1369 ) ;
#2276 = VECTOR ( 'NONE', #6029, 1000.000000000000000 ) ;
#2277 = LINE ( 'NONE', #1207, #3792 ) ;
#2278 = MANIFOLD_SOLID_BREP ( 'Revolve2', #1267 ) ;
#2279 = DIRECTION ( 'NONE',  ( -0.000000000000000000, -1.000000000000000000, -0.000000000000000000 ) ) ;
#2280 = CARTESIAN_POINT ( 'NONE',  ( 1.149999999999999689, -0.4699747468305839893, 0.2000000000000000389 ) ) ;
#2281 =( NAMED_UNIT ( * ) PLANE_ANGLE_UNIT ( ) SI_UNIT ( $, .RADIAN. ) );
#2282 = VERTEX_POINT ( 'NONE', #5279 ) ;
#2283 = EDGE_CURVE ( 'NONE', #4704, #2716, #5102, .T. ) ;
#2284 = DIRECTION ( 'NONE',  ( 0.000000000000000000, 1.000000000000000000, 0.000000000000000000 ) ) ;
#2285 = ADVANCED_FACE ( 'NONE', ( #1687 ), #6306, .F. ) ;
#2286 = CARTESIAN_POINT ( 'NONE',  ( 1.424999999999999600, 0.07499999999999999722, -0.1999999999999993450 ) ) ;
#2287 = CARTESIAN_POINT ( 'NONE',  ( -0.3374999999999986899, 0.000000000000000000, 0.7849999999999999201 ) ) ;
#2288 = ORIENTED_EDGE ( 'NONE', *, *, #3629, .F. ) ;
#2289 = CARTESIAN_POINT ( 'NONE',  ( -0.9593865445117156776, 0.3499999999999999778, -0.2040443338732237100 ) ) ;
#2290 = ORIENTED_EDGE ( 'NONE', *, *, #358, .F. ) ;
#2291 = DIRECTION ( 'NONE',  ( 0.000000000000000000, 1.000000000000000000, 0.000000000000000000 ) ) ;
#2292 = CARTESIAN_POINT ( 'NONE',  ( -0.7499999999999995559, 0.3250000000000000111, 0.2592837430570318902 ) ) ;
#2293 = CARTESIAN_POINT ( 'NONE',  ( 0.6750000000000000444, 2.489731222669117727, 0.5299999999999999156 ) ) ;
#2294 = ADVANCED_FACE ( 'NONE', ( #5901 ), #4180, .T. ) ;
#2295 = LINE ( 'NONE', #3408, #2115 ) ;
#2296 = VERTEX_POINT ( 'NONE', #1581 ) ;
#2297 = CARTESIAN_POINT ( 'NONE',  ( -1.424999999999999600, 0.02499999999999995628, -0.1999999999999993450 ) ) ;
#2298 = EDGE_CURVE ( 'NONE', #1922, #2733, #3775, .T. ) ;
#2299 = ORIENTED_EDGE ( 'NONE', *, *, #2825, .T. ) ;
#2300 = APPLICATION_CONTEXT ( 'automotive_design' ) ;
#2301 = PLANE ( 'NONE',  #6399 ) ;
#2302 = VERTEX_POINT ( 'NONE', #1186 ) ;
#2303 = CARTESIAN_POINT ( 'NONE',  ( -0.3250000000000000111, 2.489731222669117727, 0.5299999999999999156 ) ) ;
#2304 = VERTEX_POINT ( 'NONE', #5387 ) ;
#2305 = DIRECTION ( 'NONE',  ( 1.000000000000000000, 0.000000000000000000, -0.000000000000000000 ) ) ;
#2306 = LINE ( 'NONE', #1321, #3760 ) ;
#2307 = EDGE_CURVE ( 'NONE', #5352, #2527, #3230, .T. ) ;
#2308 = LINE ( 'NONE', #4354, #1070 ) ;
#2309 = ADVANCED_FACE ( 'NONE', ( #3197 ), #1154, .T. ) ;
#2310 = PLANE ( 'NONE',  #3882 ) ;
#2311 = LINE ( 'NONE', #4388, #4982 ) ;
#2312 = DIRECTION ( 'NONE',  ( -0.000000000000000000, -1.000000000000000000, -0.000000000000000000 ) ) ;
#2313 = VERTEX_POINT ( 'NONE', #1084 ) ;
#2314 = DIRECTION ( 'NONE',  ( -0.000000000000000000, -1.000000000000000000, -0.000000000000000000 ) ) ;
#2315 = DIRECTION ( 'NONE',  ( 1.000000000000000000, 0.000000000000000000, 2.562659680420284750E-15 ) ) ;
#2316 = CARTESIAN_POINT ( 'NONE',  ( -0.3250000000000000111, 2.489731222669117727, -0.5299999999999999156 ) ) ;
#2317 = VERTEX_POINT ( 'NONE', #3165 ) ;
#2318 = VECTOR ( 'NONE', #5928, 1000.000000000000000 ) ;
#2319 = CARTESIAN_POINT ( 'NONE',  ( -0.9593865445117153445, 0.3499999999999999223, -0.1039760693198450298 ) ) ;
#2320 = EDGE_CURVE ( 'NONE', #3392, #4374, #55, .T. ) ;
#2321 = CARTESIAN_POINT ( 'NONE',  ( -1.191698729810777735, 0.02499999999999999792, -0.7349999999999997646 ) ) ;
#2322 = CARTESIAN_POINT ( 'NONE',  ( 0.3250000000000000111, 0.000000000000000000, 0.3549999999999997047 ) ) ;
#2323 = ORIENTED_EDGE ( 'NONE', *, *, #3331, .F. ) ;
#2324 = FACE_OUTER_BOUND ( 'NONE', #5563, .T. ) ;
#2325 = ORIENTED_EDGE ( 'NONE', *, *, #412, .F. ) ;
#2326 = EDGE_CURVE ( 'NONE', #1987, #4734, #574, .T. ) ;
#2327 = DIRECTION ( 'NONE',  ( 0.000000000000000000, 0.000000000000000000, -1.000000000000000000 ) ) ;
#2328 = EDGE_CURVE ( 'NONE', #2876, #6133, #4329, .T. ) ;
#2329 = AXIS2_PLACEMENT_3D ( 'NONE', #932, #2441, #432 ) ;
#2330 = ADVANCED_FACE ( 'NONE', ( #2143 ), #1212, .T. ) ;
#2331 = DIRECTION ( 'NONE',  ( 0.000000000000000000, 0.000000000000000000, 1.000000000000000000 ) ) ;
#2332 = VERTEX_POINT ( 'NONE', #1619 ) ;
#2333 = PLANE ( 'NONE',  #5778 ) ;
#2334 = VECTOR ( 'NONE', #5298, 1000.000000000000000 ) ;
#2335 = VERTEX_POINT ( 'NONE', #5318 ) ;
#2336 = DIRECTION ( 'NONE',  ( -1.000000000000000000, 0.000000000000000000, 0.000000000000000000 ) ) ;
#2337 = DIRECTION ( 'NONE',  ( 0.000000000000000000, 0.000000000000000000, -1.000000000000000000 ) ) ;
#2338 = CARTESIAN_POINT ( 'NONE',  ( -1.064999999999999503, 0.2250000000000000056, 0.4999999999999995559 ) ) ;
#2339 = CIRCLE ( 'NONE', #2666, 0.1249999999999998890 ) ;
#2340 = VECTOR ( 'NONE', #1843, 1000.000000000000000 ) ;
#2341 = DIRECTION ( 'NONE',  ( 0.000000000000000000, 0.000000000000000000, 1.000000000000000000 ) ) ;
#2342 = MANIFOLD_SOLID_BREP ( 'Boss-Extrude5', #4442 ) ;
#2343 = DIRECTION ( 'NONE',  ( -1.084202172485504828E-15, 0.000000000000000000, -1.000000000000000000 ) ) ;
#2344 = ADVANCED_FACE ( 'NONE', ( #3336 ), #6348, .F. ) ;
#2345 = DIRECTION ( 'NONE',  ( 0.000000000000000000, 1.000000000000000000, 0.000000000000000000 ) ) ;
#2346 = VECTOR ( 'NONE', #6031, 1000.000000000000227 ) ;
#2347 = PRESENTATION_LAYER_ASSIGNMENT (  '', '', ( #3429 ) ) ;
#2348 = VECTOR ( 'NONE', #279, 1000.000000000000000 ) ;
#2349 = CARTESIAN_POINT ( 'NONE',  ( 0.9770577591781610671, 0.2250000000000000056, -0.4816767617725544737 ) ) ;
#2350 = LINE ( 'NONE', #1211, #3139 ) ;
#2351 = VECTOR ( 'NONE', #297, 1000.000000000000000 ) ;
#2352 = CARTESIAN_POINT ( 'NONE',  ( 0.7374999999999998224, 0.02499999999999984873, -0.08250000000000000389 ) ) ;
#2353 = LINE ( 'NONE', #6608, #5196 ) ;
#2354 = ORIENTED_EDGE ( 'NONE', *, *, #6701, .T. ) ;
#2355 = AXIS2_PLACEMENT_3D ( 'NONE', #2162, #559, #107 ) ;
#2356 = LINE ( 'NONE', #4900, #4882 ) ;
#2357 = DIRECTION ( 'NONE',  ( 0.000000000000000000, 1.000000000000000000, 0.000000000000000000 ) ) ;
#2358 = DIRECTION ( 'NONE',  ( -0.000000000000000000, 1.000000000000000000, -0.000000000000000000 ) ) ;
#2359 = ORIENTED_EDGE ( 'NONE', *, *, #662, .F. ) ;
#2360 = DIRECTION ( 'NONE',  ( 0.000000000000000000, 1.000000000000000000, 0.000000000000000000 ) ) ;
#2361 = EDGE_LOOP ( 'NONE', ( #2499, #5655, #3220, #4590 ) ) ;
#2362 = FACE_OUTER_BOUND ( 'NONE', #5688, .T. ) ;
#2363 = EDGE_CURVE ( 'NONE', #2922, #2272, #6480, .T. ) ;
#2364 = CIRCLE ( 'NONE', #2698, 0.09999999999999993616 ) ;
#2365 = CARTESIAN_POINT ( 'NONE',  ( 0.8427657606103799992, 0.3250000000000000111, -0.8999999999999995781 ) ) ;
#2366 = EDGE_CURVE ( 'NONE', #3807, #708, #6578, .T. ) ;
#2367 = EDGE_LOOP ( 'NONE', ( #1940, #2685, #3657, #2793 ) ) ;
#2368 = FILL_AREA_STYLE_COLOUR ( '', #4668 ) ;
#2369 = EDGE_CURVE ( 'NONE', #1120, #6163, #5209, .T. ) ;
#2370 = CARTESIAN_POINT ( 'NONE',  ( 1.499999999999999556, -0.4699747468305839893, 0.5499999999999992673 ) ) ;
#2371 = AXIS2_PLACEMENT_3D ( 'NONE', #4985, #5989, #6473 ) ;
#2372 = VERTEX_POINT ( 'NONE', #6058 ) ;
#2373 = DIRECTION ( 'NONE',  ( -1.000000000000000000, 0.000000000000000000, 2.562659680420284750E-15 ) ) ;
#2374 = EDGE_LOOP ( 'NONE', ( #5735, #6186, #6508, #1533 ) ) ;
#2375 = CYLINDRICAL_SURFACE ( 'NONE', #592, 0.1249999999999998890 ) ;
#2376 = VECTOR ( 'NONE', #1724, 1000.000000000000000 ) ;
#2377 = DIRECTION ( 'NONE',  ( 0.000000000000000000, -1.000000000000000000, -0.000000000000000000 ) ) ;
#2378 = AXIS2_PLACEMENT_3D ( 'NONE', #6598, #228, #6572 ) ;
#2379 = VECTOR ( 'NONE', #6742, 1000.000000000000114 ) ;
#2380 = CIRCLE ( 'NONE', #2490, 0.6056558297508549682 ) ;
#2381 = FACE_OUTER_BOUND ( 'NONE', #3348, .T. ) ;
#2382 = LINE ( 'NONE', #4356, #5345 ) ;
#2383 = CARTESIAN_POINT ( 'NONE',  ( 0.3537307147608607649, 0.3499999999999999778, 0.1247286140794534731 ) ) ;
#2384 = CARTESIAN_POINT ( 'NONE',  ( -1.157057759178160783, 0.3250000000000000111, -0.5496352209124993893 ) ) ;
#2385 = DIRECTION ( 'NONE',  ( 0.8141155183563224540, 0.000000000000000000, -0.5807029557109352202 ) ) ;
#2386 = DIRECTION ( 'NONE',  ( -0.7071067811865467956, 0.000000000000000000, -0.7071067811865483499 ) ) ;
#2387 = AXIS2_PLACEMENT_3D ( 'NONE', #4723, #14, #2101 ) ;
#2388 = EDGE_CURVE ( 'NONE', #3504, #2489, #303, .T. ) ;
#2389 = LINE ( 'NONE', #205, #1378 ) ;
#2390 =( NAMED_UNIT ( * ) SI_UNIT ( $, .STERADIAN. ) SOLID_ANGLE_UNIT ( ) );
#2391 = VECTOR ( 'NONE', #2133, 1000.000000000000114 ) ;
#2392 = ORIENTED_EDGE ( 'NONE', *, *, #5937, .F. ) ;
#2393 = CARTESIAN_POINT ( 'NONE',  ( -0.6750000000000000444, 2.489731222669117727, -0.5299999999999999156 ) ) ;
#2394 = ORIENTED_EDGE ( 'NONE', *, *, #5564, .F. ) ;
#2395 = ORIENTED_EDGE ( 'NONE', *, *, #315, .F. ) ;
#2396 = CARTESIAN_POINT ( 'NONE',  ( 0.000000000000000000, 0.000000000000000000, 0.000000000000000000 ) ) ;
#2397 = CARTESIAN_POINT ( 'NONE',  ( 1.149999999999999467, 0.07499999999999999722, -0.5499999999999999334 ) ) ;
#2398 = CARTESIAN_POINT ( 'NONE',  ( 0.1175000000000002848, 2.489731222669117727, 0.4949999999999997735 ) ) ;
#2399 = SPHERICAL_SURFACE ( 'NONE', #1667, 0.04999999999999998196 ) ;
#2400 = ORIENTED_EDGE ( 'NONE', *, *, #4146, .F. ) ;
#2401 = FACE_OUTER_BOUND ( 'NONE', #1883, .T. ) ;
#2402 = ORIENTED_EDGE ( 'NONE', *, *, #5705, .T. ) ;
#2403 = EDGE_CURVE ( 'NONE', #2974, #4867, #2579, .T. ) ;
#2404 = LINE ( 'NONE', #6078, #6715 ) ;
#2405 = EDGE_LOOP ( 'NONE', ( #1961, #1503, #2017, #216 ) ) ;
#2406 = ORIENTED_EDGE ( 'NONE', *, *, #1424, .T. ) ;
#2407 = DIRECTION ( 'NONE',  ( -0.7071067811865477948, 0.000000000000000000, -0.7071067811865473507 ) ) ;
#2408 = DIRECTION ( 'NONE',  ( 0.000000000000000000, 1.000000000000000000, 0.000000000000000000 ) ) ;
#2409 = ORIENTED_EDGE ( 'NONE', *, *, #905, .F. ) ;
#2410 = ADVANCED_FACE ( 'NONE', ( #6030 ), #1886, .T. ) ;
#2411 = CARTESIAN_POINT ( 'NONE',  ( 0.5699999999999995071, 0.3250000000000000111, -0.1913252839170866137 ) ) ;
#2412 = DIRECTION ( 'NONE',  ( 8.363055544496858865E-16, -0.000000000000000000, -1.000000000000000000 ) ) ;
#2413 = CARTESIAN_POINT ( 'NONE',  ( 1.149999999999999689, 0.07499999999999999722, -0.2000000000000000389 ) ) ;
#2414 = CARTESIAN_POINT ( 'NONE',  ( -0.9445302004049205280, 0.3250000000000000111, 0.8475878694638663280 ) ) ;
#2415 = EDGE_LOOP ( 'NONE', ( #6590, #6191, #918, #4907 ) ) ;
#2416 = PLANE ( 'NONE',  #4452 ) ;
#2417 = ADVANCED_FACE ( 'NONE', ( #1303 ), #1279, .F. ) ;
#2418 = ORIENTED_EDGE ( 'NONE', *, *, #2363, .F. ) ;
#2419 = FACE_OUTER_BOUND ( 'NONE', #976, .T. ) ;
#2420 = ORIENTED_EDGE ( 'NONE', *, *, #5873, .T. ) ;
#2421 = ORIENTED_EDGE ( 'NONE', *, *, #1712, .F. ) ;
#2422 = ORIENTED_EDGE ( 'NONE', *, *, #4725, .F. ) ;
#2423 = FACE_OUTER_BOUND ( 'NONE', #388, .T. ) ;
#2424 = FACE_OUTER_BOUND ( 'NONE', #571, .T. ) ;
#2425 = ADVANCED_FACE ( 'NONE', ( #3871 ), #4926, .T. ) ;
#2426 = CYLINDRICAL_SURFACE ( 'NONE', #3747, 0.1000000000000001582 ) ;
#2427 = ORIENTED_EDGE ( 'NONE', *, *, #5767, .T. ) ;
#2428 = PLANE ( 'NONE',  #1350 ) ;
#2429 = VECTOR ( 'NONE', #3828, 1000.000000000000000 ) ;
#2430 = ORIENTED_EDGE ( 'NONE', *, *, #5453, .F. ) ;
#2431 = CARTESIAN_POINT ( 'NONE',  ( 1.499999999999999556, -0.4699747468305839893, -0.5499999999999992673 ) ) ;
#2432 = CARTESIAN_POINT ( 'NONE',  ( 1.499999999999999556, 0.07499999999999999722, -0.5499999999999992673 ) ) ;
#2433 = ORIENTED_EDGE ( 'NONE', *, *, #4692, .T. ) ;
#2434 = DIRECTION ( 'NONE',  ( 0.000000000000000000, 0.000000000000000000, 1.000000000000000000 ) ) ;
#2435 = ORIENTED_EDGE ( 'NONE', *, *, #5106, .F. ) ;
#2436 = CARTESIAN_POINT ( 'NONE',  ( 0.9276533538734088591, 0.3499999999999999778, 0.3646351321769972786 ) ) ;
#2437 = EDGE_CURVE ( 'NONE', #3168, #4810, #6639, .T. ) ;
#2438 = EDGE_LOOP ( 'NONE', ( #5159, #5950, #5709, #1128 ) ) ;
#2439 = CIRCLE ( 'NONE', #4169, 0.07499999999999998335 ) ;
#2440 = PLANE ( 'NONE',  #3347 ) ;
#2441 = DIRECTION ( 'NONE',  ( 0.000000000000000000, -1.000000000000000000, 0.000000000000000000 ) ) ;
#2442 = CARTESIAN_POINT ( 'NONE',  ( -0.1174999999999998407, 0.02499999999999984873, -0.4949999999999997735 ) ) ;
#2443 = EDGE_LOOP ( 'NONE', ( #5333, #675, #2325, #4379, #4842, #1124 ) ) ;
#2444 = CARTESIAN_POINT ( 'NONE',  ( 0.8249999999999999556, 0.000000000000000000, 0.7849999999999998090 ) ) ;
#2445 = DIRECTION ( 'NONE',  ( -0.000000000000000000, -1.000000000000000000, -0.000000000000000000 ) ) ;
#2446 = VECTOR ( 'NONE', #3687, 1000.000000000000000 ) ;
#2447 = VECTOR ( 'NONE', #6047, 1000.000000000000000 ) ;
#2448 = ORIENTED_EDGE ( 'NONE', *, *, #4586, .T. ) ;
#2449 = FACE_OUTER_BOUND ( 'NONE', #2632, .T. ) ;
#2450 = CARTESIAN_POINT ( 'NONE',  ( 1.149999999999999689, 0.07499999999999999722, -0.2000000000000000389 ) ) ;
#2451 = ORIENTED_EDGE ( 'NONE', *, *, #1924, .T. ) ;
#2452 = ADVANCED_FACE ( 'NONE', ( #3973 ), #206, .T. ) ;
#2453 = VECTOR ( 'NONE', #5250, 1000.000000000000000 ) ;
#2454 = CARTESIAN_POINT ( 'NONE',  ( -0.6625000000000000888, 2.489731222669117727, 0.7849999999999999201 ) ) ;
#2455 = VECTOR ( 'NONE', #2808, 1000.000000000000000 ) ;
#2456 = ORIENTED_EDGE ( 'NONE', *, *, #3704, .T. ) ;
#2457 = MANIFOLD_SOLID_BREP ( 'Combine2', #1157 ) ;
#2458 = SURFACE_STYLE_FILL_AREA ( #909 ) ;
#2459 = EDGE_CURVE ( 'NONE', #2489, #1729, #1161, .T. ) ;
#2460 = AXIS2_PLACEMENT_3D ( 'NONE', #4491, #6600, #172 ) ;
#2461 = DIRECTION ( 'NONE',  ( -2.562659680420284750E-15, 0.000000000000000000, 1.000000000000000000 ) ) ;
#2462 = CARTESIAN_POINT ( 'NONE',  ( 0.2125000000000000222, 0.02499999999999984873, -0.08250000000000001776 ) ) ;
#2463 = DIRECTION ( 'NONE',  ( 0.000000000000000000, 1.000000000000000000, 0.000000000000000000 ) ) ;
#2464 = ORIENTED_EDGE ( 'NONE', *, *, #3294, .F. ) ;
#2465 = FACE_OUTER_BOUND ( 'NONE', #1684, .T. ) ;
#2466 = FACE_OUTER_BOUND ( 'NONE', #1063, .T. ) ;
#2467 = EDGE_CURVE ( 'NONE', #4017, #4703, #1538, .T. ) ;
#2468 = ORIENTED_EDGE ( 'NONE', *, *, #5519, .F. ) ;
#2469 = PLANE ( 'NONE',  #3012 ) ;
#2470 = CARTESIAN_POINT ( 'NONE',  ( -0.2125000000000000222, 0.000000000000000000, -0.1575000000000000011 ) ) ;
#2471 = ORIENTED_EDGE ( 'NONE', *, *, #98, .T. ) ;
#2472 = CARTESIAN_POINT ( 'NONE',  ( -1.234999999999999654, 0.2149999999999999967, 0.7999999999999997113 ) ) ;
#2473 = EDGE_CURVE ( 'NONE', #2772, #5053, #4643, .T. ) ;
#2474 = PRESENTATION_LAYER_ASSIGNMENT (  '', '', ( #6204 ) ) ;
#2475 = CARTESIAN_POINT ( 'NONE',  ( -0.4588248752848643197, 0.5149999999999999023, -0.09856257781750905889 ) ) ;
#2476 = VECTOR ( 'NONE', #479, 1000.000000000000000 ) ;
#2477 = ORIENTED_EDGE ( 'NONE', *, *, #5336, .F. ) ;
#2478 = VECTOR ( 'NONE', #3702, 1000.000000000000000 ) ;
#2479 = FACE_OUTER_BOUND ( 'NONE', #2438, .T. ) ;
#2480 = VECTOR ( 'NONE', #2291, 1000.000000000000000 ) ;
#2481 = CARTESIAN_POINT ( 'NONE',  ( 1.424999999999999600, 0.07499999999999999722, -0.1999999999999993450 ) ) ;
#2482 = DIRECTION ( 'NONE',  ( 0.000000000000000000, -0.000000000000000000, -1.000000000000000000 ) ) ;
#2483 = ORIENTED_EDGE ( 'NONE', *, *, #4154, .T. ) ;
#2484 = DIRECTION ( 'NONE',  ( -0.000000000000000000, -1.000000000000000000, -0.000000000000000000 ) ) ;
#2485 = VERTEX_POINT ( 'NONE', #3087 ) ;
#2486 = FACE_OUTER_BOUND ( 'NONE', #2215, .T. ) ;
#2487 = VECTOR ( 'NONE', #5613, 1000.000000000000114 ) ;
#2488 = VECTOR ( 'NONE', #4780, 1000.000000000000000 ) ;
#2489 = VERTEX_POINT ( 'NONE', #5715 ) ;
#2490 = AXIS2_PLACEMENT_3D ( 'NONE', #1363, #4376, #2331 ) ;
#2491 = FACE_OUTER_BOUND ( 'NONE', #67, .T. ) ;
#2492 = CARTESIAN_POINT ( 'NONE',  ( 1.249999999999999778, 0.3250000000000000111, -0.2592837430570318347 ) ) ;
#2493 = CARTESIAN_POINT ( 'NONE',  ( 0.6750000000000000444, 0.000000000000000000, 0.5299999999999999156 ) ) ;
#2494 = VECTOR ( 'NONE', #3634, 1000.000000000000000 ) ;
#2495 = ORIENTED_EDGE ( 'NONE', *, *, #2169, .F. ) ;
#2496 = FACE_OUTER_BOUND ( 'NONE', #856, .T. ) ;
#2497 = FILL_AREA_STYLE_COLOUR ( '', #1445 ) ;
#2498 = DIRECTION ( 'NONE',  ( -0.000000000000000000, -1.000000000000000000, -0.000000000000000000 ) ) ;
#2499 = ORIENTED_EDGE ( 'NONE', *, *, #1111, .F. ) ;
#2500 = PLANE ( 'NONE',  #178 ) ;
#2501 = FACE_OUTER_BOUND ( 'NONE', #6456, .T. ) ;
#2502 = DIRECTION ( 'NONE',  ( -1.000000000000000000, 0.000000000000000000, -6.672013369141570147E-16 ) ) ;
#2503 = ORIENTED_EDGE ( 'NONE', *, *, #3421, .F. ) ;
#2504 = ADVANCED_FACE ( 'NONE', ( #972 ), #3635, .F. ) ;
#2505 = CARTESIAN_POINT ( 'NONE',  ( 1.149999999999999689, 0.02499999999999999792, -0.2000000000000000389 ) ) ;
#2506 = ORIENTED_EDGE ( 'NONE', *, *, #4888, .F. ) ;
#2507 = ORIENTED_EDGE ( 'NONE', *, *, #4756, .T. ) ;
#2508 = CARTESIAN_POINT ( 'NONE',  ( -0.3374999999999986899, 0.000000000000000000, 0.7849999999999999201 ) ) ;
#2509 = CARTESIAN_POINT ( 'NONE',  ( 0.4395198120705038347, 0.5149999999999996803, 0.1730166995796434404 ) ) ;
#2510 = CARTESIAN_POINT ( 'NONE',  ( -0.04249999999999994060, 0.02499999999999984873, 0.5699999999999998401 ) ) ;
#2511 = DIRECTION ( 'NONE',  ( 0.000000000000000000, 1.000000000000000000, 0.000000000000000000 ) ) ;
#2512 = VERTEX_POINT ( 'NONE', #4073 ) ;
#2513 = SPHERICAL_SURFACE ( 'NONE', #3416, 0.04999999999999998196 ) ;
#2514 = ORIENTED_EDGE ( 'NONE', *, *, #4685, .T. ) ;
#2515 = CARTESIAN_POINT ( 'NONE',  ( -0.9593865445117155666, 0.3499999999999999778, -0.1247286140794536535 ) ) ;
#2516 = EDGE_LOOP ( 'NONE', ( #5886, #5416, #5808, #4798, #2206, #1333 ) ) ;
#2517 = DIRECTION ( 'NONE',  ( 0.000000000000000000, -1.000000000000000000, 0.000000000000000000 ) ) ;
#2518 = CARTESIAN_POINT ( 'NONE',  ( -0.1174999999999998268, 0.000000000000000000, -0.4299999999999997158 ) ) ;
#2519 = DIRECTION ( 'NONE',  ( -1.000000000000000000, 0.000000000000000000, -0.000000000000000000 ) ) ;
#2520 = ORIENTED_EDGE ( 'NONE', *, *, #3256, .F. ) ;
#2521 = VERTEX_POINT ( 'NONE', #2590 ) ;
#2522 =( NAMED_UNIT ( * ) PLANE_ANGLE_UNIT ( ) SI_UNIT ( $, .RADIAN. ) );
#2523 = ADVANCED_FACE ( 'NONE', ( #6749 ), #4686, .T. ) ;
#2524 = LINE ( 'NONE', #3094, #2266 ) ;
#2525 = EDGE_CURVE ( 'NONE', #5616, #6249, #2060, .T. ) ;
#2526 = DIRECTION ( 'NONE',  ( 0.000000000000000000, 1.000000000000000000, -0.000000000000000000 ) ) ;
#2527 = VERTEX_POINT ( 'NONE', #876 ) ;
#2528 = CARTESIAN_POINT ( 'NONE',  ( 0.9770577591781610671, 1.661001497005149652, 0.4816767617725544737 ) ) ;
#2529 = DIRECTION ( 'NONE',  ( -0.000000000000000000, -1.000000000000000000, -0.000000000000000000 ) ) ;
#2530 = EDGE_LOOP ( 'NONE', ( #5633, #5368, #2542, #588 ) ) ;
#2531 = DIRECTION ( 'NONE',  ( 0.000000000000000000, -1.000000000000000000, 0.000000000000000000 ) ) ;
#2532 = VERTEX_POINT ( 'NONE', #4007 ) ;
#2533 = EDGE_CURVE ( 'NONE', #4977, #6249, #3507, .T. ) ;
#2534 = ADVANCED_FACE ( 'NONE', ( #5056 ), #367, .T. ) ;
#2535 = VERTEX_POINT ( 'NONE', #6650 ) ;
#2536 = LINE ( 'NONE', #1389, #477 ) ;
#2537 = CARTESIAN_POINT ( 'NONE',  ( 0.4680279112968440680, 0.5150000000000002354, 6.098637220230962441E-17 ) ) ;
#2538 = VECTOR ( 'NONE', #3043, 1000.000000000000000 ) ;
#2539 = CARTESIAN_POINT ( 'NONE',  ( -0.9999999999999995559, 0.2149999999999999134, -0.7999999999999998224 ) ) ;
#2540 = EDGE_CURVE ( 'NONE', #5117, #426, #4110, .T. ) ;
#2541 = CARTESIAN_POINT ( 'NONE',  ( -1.149999999999999467, 0.02499999999999995628, 0.5499999999999999334 ) ) ;
#2542 = ORIENTED_EDGE ( 'NONE', *, *, #4028, .T. ) ;
#2543 = CARTESIAN_POINT ( 'NONE',  ( -1.424999999999999600, -0.4699747468305839893, 0.1999999999999993450 ) ) ;
#2544 = ORIENTED_EDGE ( 'NONE', *, *, #2473, .T. ) ;
#2545 = CARTESIAN_POINT ( 'NONE',  ( -1.149999999999999467, 0.02499999999999995628, -0.5499999999999999334 ) ) ;
#2546 = EDGE_LOOP ( 'NONE', ( #3689, #454, #1082, #5588 ) ) ;
#2547 = ADVANCED_FACE ( 'NONE', ( #1926 ), #4577, .F. ) ;
#2548 = PLANE ( 'NONE',  #1487 ) ;
#2549 = DIRECTION ( 'NONE',  ( 0.000000000000000000, 0.000000000000000000, 1.000000000000000000 ) ) ;
#2550 = LINE ( 'NONE', #1506, #1359 ) ;
#2551 = CARTESIAN_POINT ( 'NONE',  ( 0.000000000000000000, 0.5149999999999999023, 0.000000000000000000 ) ) ;
#2552 = VECTOR ( 'NONE', #728, 1000.000000000000000 ) ;
#2553 = AXIS2_PLACEMENT_3D ( 'NONE', #6670, #5181, #389 ) ;
#2554 = ORIENTED_EDGE ( 'NONE', *, *, #2467, .F. ) ;
#2555 = LINE ( 'NONE', #4649, #5776 ) ;
#2556 = LINE ( 'NONE', #4654, #3023 ) ;
#2557 = DIRECTION ( 'NONE',  ( 0.000000000000000000, -1.000000000000000000, -0.000000000000000000 ) ) ;
#2558 = VECTOR ( 'NONE', #3207, 1000.000000000000000 ) ;
#2559 = AXIS2_PLACEMENT_3D ( 'NONE', #1404, #6266, #3539 ) ;
#2560 = DIRECTION ( 'NONE',  ( -0.000000000000000000, -1.000000000000000000, -0.000000000000000000 ) ) ;
#2561 = ORIENTED_EDGE ( 'NONE', *, *, #3150, .F. ) ;
#2562 = VECTOR ( 'NONE', #4246, 1000.000000000000000 ) ;
#2563 = DIRECTION ( 'NONE',  ( -0.000000000000000000, -1.000000000000000000, -0.000000000000000000 ) ) ;
#2564 = FACE_OUTER_BOUND ( 'NONE', #5379, .T. ) ;
#2565 = VECTOR ( 'NONE', #4344, 1000.000000000000000 ) ;
#2566 = ORIENTED_EDGE ( 'NONE', *, *, #979, .T. ) ;
#2567 = CARTESIAN_POINT ( 'NONE',  ( 0.7499999999999995559, 0.3250000000000000111, -0.2592837430570318902 ) ) ;
#2568 = LINE ( 'NONE', #2042, #584 ) ;
#2569 = ORIENTED_EDGE ( 'NONE', *, *, #3819, .T. ) ;
#2570 = LINE ( 'NONE', #3459, #6616 ) ;
#2571 = ADVANCED_FACE ( 'NONE', ( #906 ), #6160, .F. ) ;
#2572 = CARTESIAN_POINT ( 'NONE',  ( 0.9593865445117154556, 0.3499999999999994227, 6.776263578034402713E-18 ) ) ;
#2573 = FACE_OUTER_BOUND ( 'NONE', #1416, .T. ) ;
#2574 = EDGE_LOOP ( 'NONE', ( #5725, #3879, #50, #4494 ) ) ;
#2575 = VECTOR ( 'NONE', #5462, 1000.000000000000000 ) ;
#2576 = EDGE_CURVE ( 'NONE', #4103, #2372, #1473, .T. ) ;
#2577 = EDGE_CURVE ( 'NONE', #2167, #5312, #2139, .T. ) ;
#2578 = PLANE ( 'NONE',  #1058 ) ;
#2579 = CIRCLE ( 'NONE', #4089, 0.1249999999999998890 ) ;
#2580 = DIRECTION ( 'NONE',  ( -0.000000000000000000, -1.000000000000000000, -0.000000000000000000 ) ) ;
#2581 = VERTEX_POINT ( 'NONE', #2518 ) ;
#2582 = LINE ( 'NONE', #5050, #3064 ) ;
#2583 = ORIENTED_EDGE ( 'NONE', *, *, #4420, .T. ) ;
#2584 = CARTESIAN_POINT ( 'NONE',  ( -0.1174999999999997990, 0.02499999999999984873, -0.4299999999999997158 ) ) ;
#2585 = VERTEX_POINT ( 'NONE', #6711 ) ;
#2586 = AXIS2_PLACEMENT_3D ( 'NONE', #3733, #601, #2651 ) ;
#2587 = EDGE_CURVE ( 'NONE', #5598, #5117, #5685, .T. ) ;
#2588 = EDGE_CURVE ( 'NONE', #4470, #5330, #1505, .T. ) ;
#2589 = DIRECTION ( 'NONE',  ( 0.000000000000000000, -1.000000000000000000, -0.000000000000000000 ) ) ;
#2590 = CARTESIAN_POINT ( 'NONE',  ( -0.5999999999999994227, 0.000000000000000000, -0.3549999999999997602 ) ) ;
#2591 = FACE_OUTER_BOUND ( 'NONE', #4293, .T. ) ;
#2592 = AXIS2_PLACEMENT_3D ( 'NONE', #5193, #1465, #967 ) ;
#2593 = AXIS2_PLACEMENT_3D ( 'NONE', #4201, #1035, #3253 ) ;
#2594 = EDGE_LOOP ( 'NONE', ( #6049, #4735, #3923, #2949, #2435, #4455 ) ) ;
#2595 = ADVANCED_FACE ( 'NONE', ( #1715 ), #5241, .F. ) ;
#2596 = AXIS2_PLACEMENT_3D ( 'NONE', #3471, #2445, #4532 ) ;
#2597 = EDGE_LOOP ( 'NONE', ( #5031, #5835, #5802, #6741 ) ) ;
#2598 = FACE_OUTER_BOUND ( 'NONE', #1890, .T. ) ;
#2599 = VECTOR ( 'NONE', #881, 1000.000000000000000 ) ;
#2600 = EDGE_CURVE ( 'NONE', #3746, #2581, #4280, .T. ) ;
#2601 = LINE ( 'NONE', #5761, #2123 ) ;
#2602 = EDGE_LOOP ( 'NONE', ( #2395, #4092, #1979, #1554 ) ) ;
#2603 = CARTESIAN_POINT ( 'NONE',  ( 0.3374999999999999112, 0.000000000000000000, 0.6849999999999998312 ) ) ;
#2604 = AXIS2_PLACEMENT_3D ( 'NONE', #2096, #2589, #2689 ) ;
#2605 = CARTESIAN_POINT ( 'NONE',  ( -0.7499999999999995559, 0.2249999999999999778, 0.7999999999999998224 ) ) ;
#2606 = CARTESIAN_POINT ( 'NONE',  ( 0.5913366676085289875, 0.000000000000000000, 0.6147448925490746063 ) ) ;
#2607 = ORIENTED_EDGE ( 'NONE', *, *, #457, .T. ) ;
#2608 = ORIENTED_EDGE ( 'NONE', *, *, #6245, .T. ) ;
#2609 = CARTESIAN_POINT ( 'NONE',  ( -0.6625000000000000888, 0.000000000000000000, -0.7849999999999999201 ) ) ;
#2610 = ORIENTED_EDGE ( 'NONE', *, *, #6607, .F. ) ;
#2611 = CARTESIAN_POINT ( 'NONE',  ( -0.2912443665155568517, 0.3499999999999999778, 0.7303844438303084274 ) ) ;
#2612 = CARTESIAN_POINT ( 'NONE',  ( 1.149999999999999467, 0.07499999999999999722, 0.5499999999999999334 ) ) ;
#2613 = VERTEX_POINT ( 'NONE', #121 ) ;
#2614 = EDGE_CURVE ( 'NONE', #2903, #687, #537, .T. ) ;
#2615 = VERTEX_POINT ( 'NONE', #3188 ) ;
#2616 = DIRECTION ( 'NONE',  ( 0.000000000000000000, 0.000000000000000000, -1.000000000000000000 ) ) ;
#2617 = DIRECTION ( 'NONE',  ( 0.000000000000000000, 0.000000000000000000, 1.000000000000000000 ) ) ;
#2618 = ORIENTED_EDGE ( 'NONE', *, *, #2727, .T. ) ;
#2619 = CARTESIAN_POINT ( 'NONE',  ( 0.5913366676085289875, 0.02499999999999984873, 0.6147448925490746063 ) ) ;
#2620 = LINE ( 'NONE', #465, #5754 ) ;
#2621 = ADVANCED_FACE ( 'NONE', ( #5306, #2237, #4719, #84, #4321 ), #2172, .T. ) ;
#2622 = ORIENTED_EDGE ( 'NONE', *, *, #669, .T. ) ;
#2623 = CARTESIAN_POINT ( 'NONE',  ( 1.069999999999999618, 1.661001497005149652, 0.1913252839170866137 ) ) ;
#2624 = DIRECTION ( 'NONE',  ( -0.7025510745092516940, 0.000000000000000000, 0.7116333239147081269 ) ) ;
#2625 = PLANE ( 'NONE',  #5863 ) ;
#2626 = ORIENTED_EDGE ( 'NONE', *, *, #480, .F. ) ;
#2627 = ORIENTED_EDGE ( 'NONE', *, *, #3244, .T. ) ;
#2628 = EDGE_CURVE ( 'NONE', #2922, #4301, #4211, .T. ) ;
#2629 = PLANE ( 'NONE',  #2387 ) ;
#2630 = LINE ( 'NONE', #2032, #4174 ) ;
#2631 = DIRECTION ( 'NONE',  ( 0.000000000000000000, -0.000000000000000000, 1.000000000000000000 ) ) ;
#2632 = EDGE_LOOP ( 'NONE', ( #4521, #4360, #4604, #5732 ) ) ;
#2633 = CARTESIAN_POINT ( 'NONE',  ( 0.4294796478723776345, 0.3499999999999999778, -0.7303844438303084274 ) ) ;
#2634 = ORIENTED_EDGE ( 'NONE', *, *, #6121, .F. ) ;
#2635 = DIRECTION ( 'NONE',  ( 0.000000000000000000, 0.000000000000000000, -1.000000000000000000 ) ) ;
#2636 = ADVANCED_FACE ( 'NONE', ( #1106 ), #2726, .T. ) ;
#2637 = DIRECTION ( 'NONE',  ( -1.000000000000000000, 0.000000000000000000, 1.858632295689436004E-15 ) ) ;
#2638 = DIRECTION ( 'NONE',  ( -0.000000000000000000, 1.000000000000000000, -0.000000000000000000 ) ) ;
#2639 = ORIENTED_EDGE ( 'NONE', *, *, #5360, .F. ) ;
#2640 = ORIENTED_EDGE ( 'NONE', *, *, #3805, .T. ) ;
#2641 = PLANE ( 'NONE',  #4298 ) ;
#2642 = VERTEX_POINT ( 'NONE', #6403 ) ;
#2643 = CARTESIAN_POINT ( 'NONE',  ( -0.6624999999999996447, 2.489731222669117727, 0.6849999999999997202 ) ) ;
#2644 = CARTESIAN_POINT ( 'NONE',  ( -0.7499999999999995559, 0.3250000000000000111, -0.2592837430570318902 ) ) ;
#2645 = CARTESIAN_POINT ( 'NONE',  ( -1.234999999999999654, 0.02500000000000000139, -0.7349999999999997646 ) ) ;
#2646 = CARTESIAN_POINT ( 'NONE',  ( 1.064999999999999503, 0.2149999999999999967, -0.4999999999999995559 ) ) ;
#2647 = EDGE_CURVE ( 'NONE', #3683, #4273, #2701, .T. ) ;
#2648 = DIRECTION ( 'NONE',  ( -0.7025510745092516940, 0.000000000000000000, 0.7116333239147081269 ) ) ;
#2649 = DIRECTION ( 'NONE',  ( 0.000000000000000000, 0.000000000000000000, -1.000000000000000000 ) ) ;
#2650 = CARTESIAN_POINT ( 'NONE',  ( 0.6624999999999999778, 2.489731222669117727, 0.1575000000000000011 ) ) ;
#2651 = DIRECTION ( 'NONE',  ( 0.000000000000000000, 0.000000000000000000, -1.000000000000000000 ) ) ;
#2652 = CARTESIAN_POINT ( 'NONE',  ( -0.04249999999999988509, 0.02499999999999984873, -0.3549999999999997602 ) ) ;
#2653 = ORIENTED_EDGE ( 'NONE', *, *, #2587, .F. ) ;
#2654 = EDGE_LOOP ( 'NONE', ( #2252, #4203 ) ) ;
#2655 = VECTOR ( 'NONE', #1453, 1000.000000000000000 ) ;
#2656 = ORIENTED_EDGE ( 'NONE', *, *, #3003, .F. ) ;
#2657 = DIRECTION ( 'NONE',  ( 0.7025510745092516940, 0.000000000000000000, 0.7116333239147081269 ) ) ;
#2658 = EDGE_CURVE ( 'NONE', #997, #5051, #4671, .T. ) ;
#2659 = ADVANCED_FACE ( 'NONE', ( #10 ), #1145, .F. ) ;
#2660 = CIRCLE ( 'NONE', #1437, 0.07499999999999998335 ) ;
#2661 = ADVANCED_FACE ( 'NONE', ( #5348 ), #6442, .F. ) ;
#2662 = CARTESIAN_POINT ( 'NONE',  ( -0.9999999999999995559, 0.2149999999999999134, 0.7999999999999998224 ) ) ;
#2663 = ORIENTED_EDGE ( 'NONE', *, *, #1595, .F. ) ;
#2664 = CARTESIAN_POINT ( 'NONE',  ( 0.9593865445117155666, 0.3499999999999999223, -0.1039760693198450714 ) ) ;
#2665 = ORIENTED_EDGE ( 'NONE', *, *, #6596, .T. ) ;
#2666 = AXIS2_PLACEMENT_3D ( 'NONE', #4402, #3877, #3841 ) ;
#2667 = AXIS2_PLACEMENT_3D ( 'NONE', #2980, #2484, #6677 ) ;
#2668 = CARTESIAN_POINT ( 'NONE',  ( 1.234999999999999654, 1.851433752247375164, 0.7999999999999998224 ) ) ;
#2669 = FACE_OUTER_BOUND ( 'NONE', #346, .T. ) ;
#2670 = EDGE_CURVE ( 'NONE', #113, #579, #666, .T. ) ;
#2671 = EDGE_CURVE ( 'NONE', #6497, #884, #4787, .T. ) ;
#2672 = FILL_AREA_STYLE ('',( #6316 ) ) ;
#2673 = CARTESIAN_POINT ( 'NONE',  ( 1.149999999999999689, 0.02499999999999995628, -0.2000000000000000389 ) ) ;
#2674 = ORIENTED_EDGE ( 'NONE', *, *, #6319, .F. ) ;
#2675 = CIRCLE ( 'NONE', #4410, 0.07499999999999998335 ) ;
#2676 = ORIENTED_EDGE ( 'NONE', *, *, #1237, .T. ) ;
#2677 = CARTESIAN_POINT ( 'NONE',  ( -1.234999999999999654, 1.851433752247375164, -0.7999999999999998224 ) ) ;
#2678 = VERTEX_POINT ( 'NONE', #3670 ) ;
#2679 = DIRECTION ( 'NONE',  ( 0.000000000000000000, 0.000000000000000000, 1.000000000000000000 ) ) ;
#2680 = CARTESIAN_POINT ( 'NONE',  ( -1.499999999999999778, 0.07499999999999999722, -0.3499999999999993117 ) ) ;
#2681 = EDGE_CURVE ( 'NONE', #2247, #2613, #189, .T. ) ;
#2682 = VECTOR ( 'NONE', #4425, 1000.000000000000000 ) ;
#2683 = PLANE ( 'NONE',  #1921 ) ;
#2684 = DIRECTION ( 'NONE',  ( 0.000000000000000000, -1.000000000000000000, 0.000000000000000000 ) ) ;
#2685 = ORIENTED_EDGE ( 'NONE', *, *, #3264, .T. ) ;
#2686 = DIRECTION ( 'NONE',  ( 0.000000000000000000, 0.000000000000000000, -1.000000000000000000 ) ) ;
#2687 = AXIS2_PLACEMENT_3D ( 'NONE', #2744, #71, #2188 ) ;
#2688 = CARTESIAN_POINT ( 'NONE',  ( -0.8427657606103799992, 0.3250000000000000111, 0.7749999999999996891 ) ) ;
#2689 = DIRECTION ( 'NONE',  ( -0.000000000000000000, 0.000000000000000000, -1.000000000000000000 ) ) ;
#2690 = VECTOR ( 'NONE', #3069, 1000.000000000000000 ) ;
#2691 = DIRECTION ( 'NONE',  ( -0.000000000000000000, 0.000000000000000000, 1.000000000000000000 ) ) ;
#2692 = LINE ( 'NONE', #48, #2318 ) ;
#2693 = EDGE_LOOP ( 'NONE', ( #500, #344, #3889, #319 ) ) ;
#2694 = SURFACE_STYLE_FILL_AREA ( #124 ) ;
#2695 = ORIENTED_EDGE ( 'NONE', *, *, #3986, .T. ) ;
#2696 = VERTEX_POINT ( 'NONE', #1077 ) ;
#2697 = AXIS2_PLACEMENT_3D ( 'NONE', #5512, #3603, #5095 ) ;
#2698 = AXIS2_PLACEMENT_3D ( 'NONE', #5217, #26, #6386 ) ;
#2699 = DIRECTION ( 'NONE',  ( 1.000000000000000000, 0.000000000000000000, -2.562659680420284750E-15 ) ) ;
#2700 = DIRECTION ( 'NONE',  ( 0.000000000000000000, 0.000000000000000000, -1.000000000000000000 ) ) ;
#2701 = CIRCLE ( 'NONE', #2586, 0.1250000000000002220 ) ;
#2702 = AXIS2_PLACEMENT_3D ( 'NONE', #2383, #3426, #5548 ) ;
#2703 = CARTESIAN_POINT ( 'NONE',  ( 0.6750000000000000444, 0.02499999999999984873, -0.5299999999999999156 ) ) ;
#2704 = EDGE_LOOP ( 'NONE', ( #1797, #1337, #417, #6766 ) ) ;
#2705 = CARTESIAN_POINT ( 'NONE',  ( 0.9276533538734088591, 0.3499999999999999778, 0.3646351321769972786 ) ) ;
#2706 = EDGE_CURVE ( 'NONE', #4867, #4478, #3260, .T. ) ;
#2707 = ORIENTED_EDGE ( 'NONE', *, *, #2403, .F. ) ;
#2708 = CIRCLE ( 'NONE', #2262, 0.1250000000000002220 ) ;
#2709 = AXIS2_PLACEMENT_3D ( 'NONE', #1251, #3979, #777 ) ;
#2710 = FACE_OUTER_BOUND ( 'NONE', #4023, .T. ) ;
#2711 = CARTESIAN_POINT ( 'NONE',  ( -0.6749999999999993783, 2.489731222669117727, 0.4299999999999997158 ) ) ;
#2712 = EDGE_CURVE ( 'NONE', #3392, #4019, #5271, .T. ) ;
#2713 = EDGE_LOOP ( 'NONE', ( #819, #1415, #5282, #1872 ) ) ;
#2714 = LINE ( 'NONE', #2609, #4070 ) ;
#2715 = CIRCLE ( 'NONE', #6554, 0.4677028131658454990 ) ;
#2716 = VERTEX_POINT ( 'NONE', #6023 ) ;
#2717 = CARTESIAN_POINT ( 'NONE',  ( -1.299999999999999378, 0.02500000000000000139, 0.7349999999999997646 ) ) ;
#2718 = EDGE_CURVE ( 'NONE', #5523, #2155, #2382, .T. ) ;
#2719 = AXIS2_PLACEMENT_3D ( 'NONE', #4152, #921, #3649 ) ;
#2720 = DIRECTION ( 'NONE',  ( 8.363055544496858865E-16, -0.000000000000000000, -1.000000000000000000 ) ) ;
#2721 = LINE ( 'NONE', #1605, #3022 ) ;
#2722 = CARTESIAN_POINT ( 'NONE',  ( 1.299999999999999378, 1.851433752247375164, -0.5499999999999997113 ) ) ;
#2723 = PLANE ( 'NONE',  #1779 ) ;
#2724 = FACE_OUTER_BOUND ( 'NONE', #827, .T. ) ;
#2725 = DIRECTION ( 'NONE',  ( 0.000000000000000000, 1.000000000000000000, -0.000000000000000000 ) ) ;
#2726 = CYLINDRICAL_SURFACE ( 'NONE', #1697, 0.09999999999999993616 ) ;
#2727 = EDGE_CURVE ( 'NONE', #3791, #4704, #1582, .T. ) ;
#2728 = LINE ( 'NONE', #6301, #2233 ) ;
#2729 = ORIENTED_EDGE ( 'NONE', *, *, #4161, .F. ) ;
#2730 = VERTEX_POINT ( 'NONE', #796 ) ;
#2731 = DIRECTION ( 'NONE',  ( 0.000000000000000000, 0.000000000000000000, 1.000000000000000000 ) ) ;
#2732 = DIRECTION ( 'NONE',  ( 0.000000000000000000, -0.000000000000000000, 1.000000000000000000 ) ) ;
#2733 = VERTEX_POINT ( 'NONE', #1781 ) ;
#2734 = FACE_OUTER_BOUND ( 'NONE', #2085, .T. ) ;
#2735 = VERTEX_POINT ( 'NONE', #1748 ) ;
#2736 = CARTESIAN_POINT ( 'NONE',  ( -0.1738536163239007004, 0.5149999999999999023, -0.4354682067959151359 ) ) ;
#2737 = ORIENTED_EDGE ( 'NONE', *, *, #5611, .F. ) ;
#2738 = CARTESIAN_POINT ( 'NONE',  ( -1.249999999999999556, 0.3250000000000000111, 0.000000000000000000 ) ) ;
#2739 = DIRECTION ( 'NONE',  ( -1.000000000000000000, 0.000000000000000000, 2.562659680420284750E-15 ) ) ;
#2740 = VERTEX_POINT ( 'NONE', #259 ) ;
#2741 = ORIENTED_EDGE ( 'NONE', *, *, #1339, .F. ) ;
#2742 = FACE_OUTER_BOUND ( 'NONE', #1951, .T. ) ;
#2743 = ORIENTED_EDGE ( 'NONE', *, *, #2830, .T. ) ;
#2744 = CARTESIAN_POINT ( 'NONE',  ( 1.064999999999999503, 0.2149999999999999967, 0.5649999999999995026 ) ) ;
#2745 = ORIENTED_EDGE ( 'NONE', *, *, #1546, .F. ) ;
#2746 = EDGE_CURVE ( 'NONE', #2055, #3564, #3925, .T. ) ;
#2747 = ADVANCED_FACE ( 'NONE', ( #3827 ), #5447, .F. ) ;
#2748 = CARTESIAN_POINT ( 'NONE',  ( -0.1174999999999998407, 0.02499999999999984873, 0.4949999999999997735 ) ) ;
#2749 = PLANE ( 'NONE',  #1876 ) ;
#2750 = EDGE_LOOP ( 'NONE', ( #1789, #4377, #6533, #983 ) ) ;
#2751 = LINE ( 'NONE', #80, #1234 ) ;
#2752 = CARTESIAN_POINT ( 'NONE',  ( 0.000000000000000000, 0.5195520701168854227, 0.000000000000000000 ) ) ;
#2753 = CARTESIAN_POINT ( 'NONE',  ( 1.299999999999999600, 0.02500000000000000139, -0.7349999999999997646 ) ) ;
#2754 = EDGE_CURVE ( 'NONE', #3018, #1195, #3389, .T. ) ;
#2755 = CARTESIAN_POINT ( 'NONE',  ( -0.1174999999999998268, 0.000000000000000000, -0.4299999999999997158 ) ) ;
#2756 = EDGE_CURVE ( 'NONE', #5194, #6163, #5957, .T. ) ;
#2757 = CARTESIAN_POINT ( 'NONE',  ( 0.3374999999999999112, 0.02499999999999984873, -0.6849999999999998312 ) ) ;
#2758 = ORIENTED_EDGE ( 'NONE', *, *, #2328, .F. ) ;
#2759 = VERTEX_POINT ( 'NONE', #4387 ) ;
#2760 = ADVANCED_FACE ( 'NONE', ( #836 ), #738, .F. ) ;
#2761 = CARTESIAN_POINT ( 'NONE',  ( -0.6624999999999999778, 2.489731222669117727, -0.1575000000000000011 ) ) ;
#2762 = CARTESIAN_POINT ( 'NONE',  ( -0.8249999999999999556, 2.489731222669117727, -0.6599999999999998090 ) ) ;
#2763 = VERTEX_POINT ( 'NONE', #4886 ) ;
#2764 = DIRECTION ( 'NONE',  ( -5.421010862427514281E-16, 0.000000000000000000, 1.000000000000000000 ) ) ;
#2765 = CARTESIAN_POINT ( 'NONE',  ( -0.4651012171537801110, 0.5149999999999999023, 0.05028626221636225274 ) ) ;
#2766 = ORIENTED_EDGE ( 'NONE', *, *, #2190, .T. ) ;
#2767 = AXIS2_PLACEMENT_3D ( 'NONE', #5374, #4242, #37 ) ;
#2768 = FACE_OUTER_BOUND ( 'NONE', #6093, .T. ) ;
#2769 = DIRECTION ( 'NONE',  ( 0.5807029557109358864, 0.000000000000000000, -0.8141155183563220099 ) ) ;
#2770 = EDGE_LOOP ( 'NONE', ( #4633, #6154, #106, #4087 ) ) ;
#2771 = CARTESIAN_POINT ( 'NONE',  ( 1.424999999999999600, 0.07499999999999999722, -0.1999999999999993450 ) ) ;
#2772 = VERTEX_POINT ( 'NONE', #3802 ) ;
#2773 = AXIS2_PLACEMENT_3D ( 'NONE', #1775, #2853, #4917 ) ;
#2774 = CARTESIAN_POINT ( 'NONE',  ( 0.7499999999999995559, 0.2249999999999999778, -0.7999999999999998224 ) ) ;
#2775 = ORIENTED_EDGE ( 'NONE', *, *, #4933, .F. ) ;
#2776 = AXIS2_PLACEMENT_3D ( 'NONE', #5914, #3277, #683 ) ;
#2777 = ORIENTED_EDGE ( 'NONE', *, *, #5607, .T. ) ;
#2778 = CARTESIAN_POINT ( 'NONE',  ( -1.249999999999999556, 0.3499999999999999778, 0.000000000000000000 ) ) ;
#2779 = CARTESIAN_POINT ( 'NONE',  ( 0.7374999999999998224, 0.000000000000000000, -0.08250000000000000389 ) ) ;
#2780 = EDGE_CURVE ( 'NONE', #3818, #846, #293, .T. ) ;
#2781 = CARTESIAN_POINT ( 'NONE',  ( 0.04250000000000012101, 0.000000000000000000, -0.5699999999999998401 ) ) ;
#2782 = ORIENTED_EDGE ( 'NONE', *, *, #4466, .F. ) ;
#2783 = CARTESIAN_POINT ( 'NONE',  ( 1.234999999999999654, 0.05000000000000000278, -0.7349999999999997646 ) ) ;
#2784 = LINE ( 'NONE', #3666, #2562 ) ;
#2785 = AXIS2_PLACEMENT_3D ( 'NONE', #5356, #4254, #1649 ) ;
#2786 = EDGE_CURVE ( 'NONE', #2979, #708, #3361, .T. ) ;
#2787 = VECTOR ( 'NONE', #401, 1000.000000000000000 ) ;
#2788 = DIRECTION ( 'NONE',  ( 1.000000000000000000, 0.000000000000000000, 0.000000000000000000 ) ) ;
#2789 = PLANE ( 'NONE',  #1480 ) ;
#2790 = VECTOR ( 'NONE', #4568, 1000.000000000000000 ) ;
#2791 = VECTOR ( 'NONE', #2130, 1000.000000000000114 ) ;
#2792 = CARTESIAN_POINT ( 'NONE',  ( 1.499999999999999778, 0.02499999999999995628, -0.3499999999999993117 ) ) ;
#2793 = ORIENTED_EDGE ( 'NONE', *, *, #2846, .F. ) ;
#2794 = ADVANCED_FACE ( 'NONE', ( #2885 ), #2310, .F. ) ;
#2795 = AXIS2_PLACEMENT_3D ( 'NONE', #1247, #4362, #1824 ) ;
#2796 =( GEOMETRIC_REPRESENTATION_CONTEXT ( 3 ) GLOBAL_UNCERTAINTY_ASSIGNED_CONTEXT ( ( #2209 ) ) GLOBAL_UNIT_ASSIGNED_CONTEXT ( ( #3907, #238, #311 ) ) REPRESENTATION_CONTEXT ( 'NONE', 'WORKASPACE' ) );
#2797 = CARTESIAN_POINT ( 'NONE',  ( 1.299999999999999378, 0.02500000000000000139, 0.7349999999999997646 ) ) ;
#2798 = DIRECTION ( 'NONE',  ( 1.084202172485504828E-15, 0.000000000000000000, -1.000000000000000000 ) ) ;
#2799 = DIRECTION ( 'NONE',  ( -1.000000000000000000, 0.000000000000000000, 2.562659680420284750E-15 ) ) ;
#2800 = ORIENTED_EDGE ( 'NONE', *, *, #5992, .T. ) ;
#2801 = EDGE_CURVE ( 'NONE', #4755, #5290, #6101, .T. ) ;
#2802 = VECTOR ( 'NONE', #785, 1000.000000000000000 ) ;
#2803 = EDGE_LOOP ( 'NONE', ( #6425, #4949, #5526, #4121, #2451, #433, #956, #3793, #726, #5263, #6355, #2622, #1659, #4678, #123, #3918, #5762, #4127, #4403, #1210, #4571, #1930, #4098, #1392, #990, #341, #2392, #270 ) ) ;
#2804 = CARTESIAN_POINT ( 'NONE',  ( -0.9276533538734091922, 0.3499999999999997002, -0.3646351321769979448 ) ) ;
#2805 = ORIENTED_EDGE ( 'NONE', *, *, #3978, .T. ) ;
#2806 = VECTOR ( 'NONE', #2279, 1000.000000000000000 ) ;
#2807 = FACE_OUTER_BOUND ( 'NONE', #4052, .T. ) ;
#2808 = DIRECTION ( 'NONE',  ( -0.000000000000000000, -1.000000000000000000, -0.000000000000000000 ) ) ;
#2809 = VECTOR ( 'NONE', #5083, 1000.000000000000000 ) ;
#2810 = ORIENTED_EDGE ( 'NONE', *, *, #4135, .F. ) ;
#2811 = EDGE_CURVE ( 'NONE', #877, #6622, #1236, .T. ) ;
#2812 = CARTESIAN_POINT ( 'NONE',  ( 4.336808689942017736E-16, 0.02500000000000000139, 0.7999999999999997113 ) ) ;
#2813 = AXIS2_PLACEMENT_3D ( 'NONE', #3382, #1227, #221 ) ;
#2814 = ORIENTED_EDGE ( 'NONE', *, *, #4334, .T. ) ;
#2815 = DIRECTION ( 'NONE',  ( 0.000000000000000000, 1.000000000000000000, 0.000000000000000000 ) ) ;
#2816 = AXIS2_PLACEMENT_3D ( 'NONE', #6377, #1115, #608 ) ;
#2817 = ORIENTED_EDGE ( 'NONE', *, *, #5992, .F. ) ;
#2818 = CARTESIAN_POINT ( 'NONE',  ( -1.149999999999999689, 0.07499999999999999722, -0.2000000000000000389 ) ) ;
#2819 = VECTOR ( 'NONE', #3131, 1000.000000000000000 ) ;
#2820 = LINE ( 'NONE', #4380, #1655 ) ;
#2821 = ORIENTED_EDGE ( 'NONE', *, *, #6067, .T. ) ;
#2822 = CARTESIAN_POINT ( 'NONE',  ( 0.5699999999999995071, 1.661001497005149652, -0.1913252839170866137 ) ) ;
#2823 = FACE_OUTER_BOUND ( 'NONE', #6128, .T. ) ;
#2824 = CARTESIAN_POINT ( 'NONE',  ( -0.1174999999999998407, 2.489731222669117727, 0.4949999999999997735 ) ) ;
#2825 = EDGE_CURVE ( 'NONE', #2955, #3718, #767, .T. ) ;
#2826 = VECTOR ( 'NONE', #5988, 1000.000000000000000 ) ;
#2827 = DIRECTION ( 'NONE',  ( 1.000000000000000000, -0.000000000000000000, 5.421010862427514281E-16 ) ) ;
#2828 = DIRECTION ( 'NONE',  ( -0.000000000000000000, -1.000000000000000000, -0.000000000000000000 ) ) ;
#2829 = LINE ( 'NONE', #768, #4044 ) ;
#2830 = EDGE_CURVE ( 'NONE', #4273, #1079, #5507, .T. ) ;
#2831 = EDGE_LOOP ( 'NONE', ( #3163, #483 ) ) ;
#2832 = ORIENTED_EDGE ( 'NONE', *, *, #5047, .T. ) ;
#2833 = LINE ( 'NONE', #4391, #4113 ) ;
#2834 = CARTESIAN_POINT ( 'NONE',  ( -0.04249999999999988509, 2.489731222669117727, -0.3549999999999997602 ) ) ;
#2835 = ADVANCED_FACE ( 'NONE', ( #4488 ), #5927, .T. ) ;
#2836 = CARTESIAN_POINT ( 'NONE',  ( -1.234999999999999654, 0.02500000000000000139, -0.7349999999999997646 ) ) ;
#2837 = ORIENTED_EDGE ( 'NONE', *, *, #3185, .T. ) ;
#2838 = UNCERTAINTY_MEASURE_WITH_UNIT (LENGTH_MEASURE( 1.000000000000000082E-05 ), #3481, 'distance_accuracy_value', 'NONE');
#2839 = CARTESIAN_POINT ( 'NONE',  ( 0.1738536163239005339, 0.5149999999999999023, 0.4354682067959152469 ) ) ;
#2840 = ADVANCED_FACE ( 'NONE', ( #700 ), #2789, .T. ) ;
#2841 = CYLINDRICAL_SURFACE ( 'NONE', #1483, 0.5000000000000000000 ) ;
#2842 = DIRECTION ( 'NONE',  ( 0.000000000000000000, 1.000000000000000000, 0.000000000000000000 ) ) ;
#2843 = CARTESIAN_POINT ( 'NONE',  ( -0.1375000000000000389, 0.02499999999999984873, 0.08250000000000001776 ) ) ;
#2844 = VERTEX_POINT ( 'NONE', #4599 ) ;
#2845 = CARTESIAN_POINT ( 'NONE',  ( 1.234999999999999654, 2.032879073410320814E-17, -0.7349999999999997646 ) ) ;
#2846 = EDGE_CURVE ( 'NONE', #5940, #6227, #5608, .T. ) ;
#2847 = ORIENTED_EDGE ( 'NONE', *, *, #2587, .T. ) ;
#2848 = CARTESIAN_POINT ( 'NONE',  ( 0.9445302004049205280, 0.3250000000000000111, 0.8475878694638663280 ) ) ;
#2849 = DIRECTION ( 'NONE',  ( 1.000000000000000000, -0.000000000000000000, 0.000000000000000000 ) ) ;
#2850 = EDGE_LOOP ( 'NONE', ( #2935, #6631, #2179, #5470 ) ) ;
#2851 = DIRECTION ( 'NONE',  ( -0.000000000000000000, 1.000000000000000000, -0.000000000000000000 ) ) ;
#2852 = VERTEX_POINT ( 'NONE', #2510 ) ;
#2853 = DIRECTION ( 'NONE',  ( 0.000000000000000000, 1.000000000000000000, 0.000000000000000000 ) ) ;
#2854 = CARTESIAN_POINT ( 'NONE',  ( 1.499999999999999556, 0.02499999999999995628, -0.5499999999999992673 ) ) ;
#2855 = LINE ( 'NONE', #737, #6668 ) ;
#2856 = CARTESIAN_POINT ( 'NONE',  ( 1.499999999999999778, -0.4699747468305839893, -0.3499999999999993117 ) ) ;
#2857 = DIRECTION ( 'NONE',  ( -0.7025510745092516940, 0.000000000000000000, 0.7116333239147081269 ) ) ;
#2858 = CARTESIAN_POINT ( 'NONE',  ( 1.064999999999999503, 0.2149999999999999967, 0.4999999999999995559 ) ) ;
#2859 = PLANE ( 'NONE',  #910 ) ;
#2860 = EDGE_LOOP ( 'NONE', ( #1840, #3618, #2483, #2566 ) ) ;
#2861 = EDGE_CURVE ( 'NONE', #4374, #1095, #2708, .T. ) ;
#2862 = CARTESIAN_POINT ( 'NONE',  ( -0.4588248752848643197, 0.5149999999999999023, -0.09856257781750905889 ) ) ;
#2863 = EDGE_CURVE ( 'NONE', #2512, #6323, #3566, .T. ) ;
#2864 = EDGE_CURVE ( 'NONE', #3751, #3633, #459, .T. ) ;
#2865 = DIRECTION ( 'NONE',  ( 0.7025510745092516940, 0.000000000000000000, -0.7116333239147081269 ) ) ;
#2866 = AXIS2_PLACEMENT_3D ( 'NONE', #1905, #4020, #1967 ) ;
#2867 = DIRECTION ( 'NONE',  ( 0.000000000000000000, 0.000000000000000000, 1.000000000000000000 ) ) ;
#2868 = CARTESIAN_POINT ( 'NONE',  ( 0.2125000000000000222, 2.489731222669117727, 0.08250000000000001776 ) ) ;
#2869 = ORIENTED_EDGE ( 'NONE', *, *, #3155, .T. ) ;
#2870 = CARTESIAN_POINT ( 'NONE',  ( -0.2125000000000000222, 0.000000000000000000, 0.1575000000000000011 ) ) ;
#2871 = VECTOR ( 'NONE', #4454, 1000.000000000000000 ) ;
#2872 = EDGE_CURVE ( 'NONE', #3854, #4445, #2149, .T. ) ;
#2873 = ORIENTED_EDGE ( 'NONE', *, *, #3284, .T. ) ;
#2874 = FACE_OUTER_BOUND ( 'NONE', #4268, .T. ) ;
#2875 = CARTESIAN_POINT ( 'NONE',  ( -1.157057759178160783, 0.3250000000000000111, 0.5496352209124993893 ) ) ;
#2876 = VERTEX_POINT ( 'NONE', #2539 ) ;
#2877 = AXIS2_PLACEMENT_3D ( 'NONE', #3763, #2092, #6293 ) ;
#2878 = LINE ( 'NONE', #2781, #1228 ) ;
#2879 = EDGE_CURVE ( 'NONE', #2927, #3418, #1948, .T. ) ;
#2880 = LINE ( 'NONE', #6568, #4754 ) ;
#2881 = CARTESIAN_POINT ( 'NONE',  ( -1.149999999999999467, -0.4699747468305839893, 0.5499999999999999334 ) ) ;
#2882 = AXIS2_PLACEMENT_3D ( 'NONE', #6513, #4538, #6652 ) ;
#2883 = AXIS2_PLACEMENT_3D ( 'NONE', #3346, #3815, #5975 ) ;
#2884 = DIRECTION ( 'NONE',  ( -0.000000000000000000, -1.000000000000000000, -0.000000000000000000 ) ) ;
#2885 = FACE_OUTER_BOUND ( 'NONE', #2831, .T. ) ;
#2886 = CARTESIAN_POINT ( 'NONE',  ( 1.299999999999999378, 0.02499999999999984873, 0.5499999999999997113 ) ) ;
#2887 = PLANE ( 'NONE',  #783 ) ;
#2888 = DIRECTION ( 'NONE',  ( 0.000000000000000000, -1.000000000000000000, 0.000000000000000000 ) ) ;
#2889 = FACE_OUTER_BOUND ( 'NONE', #5933, .T. ) ;
#2890 = AXIS2_PLACEMENT_3D ( 'NONE', #247, #1288, #685 ) ;
#2891 = CARTESIAN_POINT ( 'NONE',  ( 0.1175000000000000350, 0.000000000000000000, -0.4299999999999997713 ) ) ;
#2892 = VERTEX_POINT ( 'NONE', #4566 ) ;
#2893 = EDGE_LOOP ( 'NONE', ( #6413, #3243, #633, #4993 ) ) ;
#2894 = VECTOR ( 'NONE', #4615, 1000.000000000000000 ) ;
#2895 = CARTESIAN_POINT ( 'NONE',  ( -0.2402395371030252302, 0.5149999999999999023, 0.4033170028571941290 ) ) ;
#2896 = DIRECTION ( 'NONE',  ( -0.000000000000000000, -1.000000000000000000, -0.000000000000000000 ) ) ;
#2897 = FACE_OUTER_BOUND ( 'NONE', #5769, .T. ) ;
#2898 = LINE ( 'NONE', #2322, #3422 ) ;
#2899 = CIRCLE ( 'NONE', #823, 0.07499999999999998335 ) ;
#2900 = ORIENTED_EDGE ( 'NONE', *, *, #4492, .F. ) ;
#2901 = ADVANCED_FACE ( 'NONE', ( #2009 ), #2578, .F. ) ;
#2902 = DIRECTION ( 'NONE',  ( -0.7071067811865480168, 0.000000000000000000, -0.7071067811865470176 ) ) ;
#2903 = VERTEX_POINT ( 'NONE', #4100 ) ;
#2904 = DIRECTION ( 'NONE',  ( -0.000000000000000000, -1.000000000000000000, -0.000000000000000000 ) ) ;
#2905 = VECTOR ( 'NONE', #2989, 1000.000000000000000 ) ;
#2906 = ORIENTED_EDGE ( 'NONE', *, *, #5064, .T. ) ;
#2907 = FACE_OUTER_BOUND ( 'NONE', #6352, .T. ) ;
#2908 = LINE ( 'NONE', #387, #5845 ) ;
#2909 = ORIENTED_EDGE ( 'NONE', *, *, #4429, .F. ) ;
#2910 = ORIENTED_EDGE ( 'NONE', *, *, #59, .T. ) ;
#2911 = DIRECTION ( 'NONE',  ( 0.000000000000000000, 1.000000000000000000, 0.000000000000000000 ) ) ;
#2912 = AXIS2_PLACEMENT_3D ( 'NONE', #2041, #1904, #5729 ) ;
#2913 = CARTESIAN_POINT ( 'NONE',  ( 1.249999999999999778, 0.3499999999999999778, -0.2592837430570318347 ) ) ;
#2914 = ADVANCED_FACE ( 'NONE', ( #3560 ), #1877, .F. ) ;
#2915 = VECTOR ( 'NONE', #3137, 1000.000000000000000 ) ;
#2916 = DIRECTION ( 'NONE',  ( 6.195440985631456303E-16, 0.000000000000000000, -1.000000000000000000 ) ) ;
#2917 = CARTESIAN_POINT ( 'NONE',  ( -0.6624999999999999778, 0.000000000000000000, -0.08250000000000001776 ) ) ;
#2918 = FACE_OUTER_BOUND ( 'NONE', #3520, .T. ) ;
#2919 = CARTESIAN_POINT ( 'NONE',  ( -1.249999999999999778, 0.3250000000000000111, 0.2592837430570318347 ) ) ;
#2920 = DIRECTION ( 'NONE',  ( -0.7071067811865477948, -0.000000000000000000, -0.7071067811865473507 ) ) ;
#2921 = AXIS2_PLACEMENT_3D ( 'NONE', #938, #3534, #904 ) ;
#2922 = VERTEX_POINT ( 'NONE', #5707 ) ;
#2923 = ADVANCED_FACE ( 'NONE', ( #2479 ), #2440, .F. ) ;
#2924 = DIRECTION ( 'NONE',  ( -0.000000000000000000, -1.000000000000000000, -0.000000000000000000 ) ) ;
#2925 = CARTESIAN_POINT ( 'NONE',  ( -0.8427657606103799992, 0.3499999999999999778, 0.7749999999999996891 ) ) ;
#2926 = VECTOR ( 'NONE', #2171, 1000.000000000000000 ) ;
#2927 = VERTEX_POINT ( 'NONE', #6223 ) ;
#2928 = CARTESIAN_POINT ( 'NONE',  ( 1.424999999999999600, 0.02499999999999995628, 0.1999999999999993450 ) ) ;
#2929 = ORIENTED_EDGE ( 'NONE', *, *, #6692, .F. ) ;
#2930 = LINE ( 'NONE', #1379, #6329 ) ;
#2931 = CARTESIAN_POINT ( 'NONE',  ( -0.6750000000000000444, 2.489731222669117727, -0.5299999999999999156 ) ) ;
#2932 = CARTESIAN_POINT ( 'NONE',  ( 1.424999999999999600, -0.4699747468305839893, -0.1999999999999993450 ) ) ;
#2933 = ORIENTED_EDGE ( 'NONE', *, *, #6514, .F. ) ;
#2934 = DIRECTION ( 'NONE',  ( 0.000000000000000000, 0.000000000000000000, -1.000000000000000000 ) ) ;
#2935 = ORIENTED_EDGE ( 'NONE', *, *, #1650, .T. ) ;
#2936 = DIRECTION ( 'NONE',  ( -0.5807029557109352202, 0.000000000000000000, 0.8141155183563223430 ) ) ;
#2937 = DIRECTION ( 'NONE',  ( 0.000000000000000000, 1.000000000000000000, -0.000000000000000000 ) ) ;
#2938 = ORIENTED_EDGE ( 'NONE', *, *, #3784, .T. ) ;
#2939 = VERTEX_POINT ( 'NONE', #6087 ) ;
#2940 = PLANE ( 'NONE',  #3638 ) ;
#2941 = ADVANCED_FACE ( 'NONE', ( #6151 ), #2977, .T. ) ;
#2942 = ORIENTED_EDGE ( 'NONE', *, *, #648, .T. ) ;
#2943 = DIRECTION ( 'NONE',  ( -0.000000000000000000, -1.000000000000000000, -0.000000000000000000 ) ) ;
#2944 = EDGE_CURVE ( 'NONE', #3564, #2104, #394, .T. ) ;
#2945 = ADVANCED_FACE ( 'NONE', ( #4524 ), #1361, .T. ) ;
#2946 = PLANE ( 'NONE',  #4894 ) ;
#2947 = CARTESIAN_POINT ( 'NONE',  ( 0.5699999999999995071, 0.2250000000000000056, -0.1913252839170866137 ) ) ;
#2948 = DIRECTION ( 'NONE',  ( 0.000000000000000000, 0.000000000000000000, 1.000000000000000000 ) ) ;
#2949 = ORIENTED_EDGE ( 'NONE', *, *, #5401, .F. ) ;
#2950 = DIRECTION ( 'NONE',  ( -0.000000000000000000, 1.000000000000000000, -0.000000000000000000 ) ) ;
#2951 = ORIENTED_EDGE ( 'NONE', *, *, #6491, .T. ) ;
#2952 = ADVANCED_FACE ( 'NONE', ( #4029 ), #2946, .F. ) ;
#2953 = CARTESIAN_POINT ( 'NONE',  ( -1.299999999999999600, 0.2149999999999999967, 0.4999999999999995559 ) ) ;
#2954 = DIRECTION ( 'NONE',  ( -8.363055544496858865E-16, -0.000000000000000000, -1.000000000000000000 ) ) ;
#2955 = VERTEX_POINT ( 'NONE', #3495 ) ;
#2956 = CARTESIAN_POINT ( 'NONE',  ( 1.149999999999999689, 0.07499999999999999722, -0.2000000000000000389 ) ) ;
#2957 = VERTEX_POINT ( 'NONE', #5082 ) ;
#2958 = EDGE_CURVE ( 'NONE', #2927, #209, #5115, .T. ) ;
#2959 = ORIENTED_EDGE ( 'NONE', *, *, #6484, .T. ) ;
#2960 = CARTESIAN_POINT ( 'NONE',  ( 1.149999999999999467, 0.07499999999999999722, 0.5499999999999999334 ) ) ;
#2961 = DIRECTION ( 'NONE',  ( -0.000000000000000000, -1.000000000000000000, -0.000000000000000000 ) ) ;
#2962 = ADVANCED_FACE ( 'NONE', ( #3180 ), #3694, .F. ) ;
#2963 = AXIS2_PLACEMENT_3D ( 'NONE', #6341, #3703, #4323 ) ;
#2964 = CARTESIAN_POINT ( 'NONE',  ( -1.424999999999999600, 0.02499999999999995628, 0.1999999999999993450 ) ) ;
#2965 = ORIENTED_EDGE ( 'NONE', *, *, #73, .T. ) ;
#2966 = DIRECTION ( 'NONE',  ( 0.000000000000000000, 1.000000000000000000, 0.000000000000000000 ) ) ;
#2967 = ORIENTED_EDGE ( 'NONE', *, *, #1069, .T. ) ;
#2968 = VECTOR ( 'NONE', #2412, 1000.000000000000000 ) ;
#2969 = CARTESIAN_POINT ( 'NONE',  ( -1.064999999999999503, 0.2149999999999999967, 0.5649999999999995026 ) ) ;
#2970 = ORIENTED_EDGE ( 'NONE', *, *, #3475, .F. ) ;
#2971 = CARTESIAN_POINT ( 'NONE',  ( -1.424999999999999600, 0.02499999999999995628, 0.2749999999999993006 ) ) ;
#2972 = LINE ( 'NONE', #4051, #140 ) ;
#2973 = ORIENTED_EDGE ( 'NONE', *, *, #4912, .F. ) ;
#2974 = VERTEX_POINT ( 'NONE', #630 ) ;
#2975 = FACE_OUTER_BOUND ( 'NONE', #6708, .T. ) ;
#2976 = CARTESIAN_POINT ( 'NONE',  ( 0.9593865445117160107, 0.3500000000000005329, -0.06241777867044751710 ) ) ;
#2977 = PLANE ( 'NONE',  #4444 ) ;
#2978 = LINE ( 'NONE', #2541, #4396 ) ;
#2979 = VERTEX_POINT ( 'NONE', #111 ) ;
#2980 = CARTESIAN_POINT ( 'NONE',  ( 1.064999999999999503, 0.2149999999999999967, -0.5649999999999995026 ) ) ;
#2981 = VERTEX_POINT ( 'NONE', #35 ) ;
#2982 = ADVANCED_FACE ( 'NONE', ( #3626 ), #6393, .T. ) ;
#2983 = DIRECTION ( 'NONE',  ( -0.7025510745092516940, -0.000000000000000000, 0.7116333239147081269 ) ) ;
#2984 = AXIS2_PLACEMENT_3D ( 'NONE', #5730, #1022, #5218 ) ;
#2985 = ORIENTED_EDGE ( 'NONE', *, *, #6205, .T. ) ;
#2986 = AXIS2_PLACEMENT_3D ( 'NONE', #3257, #661, #2305 ) ;
#2987 = ORIENTED_EDGE ( 'NONE', *, *, #6036, .F. ) ;
#2988 = PLANE ( 'NONE',  #1822 ) ;
#2989 = DIRECTION ( 'NONE',  ( 0.000000000000000000, 1.000000000000000000, 0.000000000000000000 ) ) ;
#2990 = VECTOR ( 'NONE', #5260, 1000.000000000000000 ) ;
#2991 = CARTESIAN_POINT ( 'NONE',  ( -0.7499999999999995559, 0.2250000000000000056, 0.7999999999999997113 ) ) ;
#2992 = VERTEX_POINT ( 'NONE', #1071 ) ;
#2993 = VERTEX_POINT ( 'NONE', #6328 ) ;
#2994 = CIRCLE ( 'NONE', #5432, 0.07499999999999991396 ) ;
#2995 = DIRECTION ( 'NONE',  ( 1.000000000000000000, 0.000000000000000000, 0.000000000000000000 ) ) ;
#2996 = DIRECTION ( 'NONE',  ( 0.000000000000000000, -0.6351406582922746180, -0.7723964941557257546 ) ) ;
#2997 = CIRCLE ( 'NONE', #930, 0.1000000000000001582 ) ;
#2998 = LINE ( 'NONE', #416, #5641 ) ;
#2999 = VERTEX_POINT ( 'NONE', #4241 ) ;
#3000 = CARTESIAN_POINT ( 'NONE',  ( 0.000000000000000000, 0.5149999999999999023, 0.000000000000000000 ) ) ;
#3001 = COLOUR_RGB ( '',0.2509803921568627416, 0.2509803921568627416, 0.2509803921568627416 ) ;
#3002 = VECTOR ( 'NONE', #2966, 1000.000000000000000 ) ;
#3003 = EDGE_CURVE ( 'NONE', #4639, #5827, #2192, .T. ) ;
#3004 = CYLINDRICAL_SURFACE ( 'NONE', #5362, 0.07499999999999992784 ) ;
#3005 = VERTEX_POINT ( 'NONE', #3761 ) ;
#3006 = FACE_OUTER_BOUND ( 'NONE', #5679, .T. ) ;
#3007 = VERTEX_POINT ( 'NONE', #5340 ) ;
#3008 = ORIENTED_EDGE ( 'NONE', *, *, #6737, .T. ) ;
#3009 = FACE_OUTER_BOUND ( 'NONE', #4973, .T. ) ;
#3010 = AXIS2_PLACEMENT_3D ( 'NONE', #439, #3571, #2549 ) ;
#3011 = CARTESIAN_POINT ( 'NONE',  ( 0.4294796478723776345, 0.3499999999999999778, -0.7303844438303084274 ) ) ;
#3012 = AXIS2_PLACEMENT_3D ( 'NONE', #1413, #452, #6726 ) ;
#3013 = AXIS2_PLACEMENT_3D ( 'NONE', #1575, #5753, #1181 ) ;
#3014 = DIRECTION ( 'NONE',  ( 0.000000000000000000, 1.000000000000000000, 0.000000000000000000 ) ) ;
#3015 = CIRCLE ( 'NONE', #2702, 0.6056558297508549682 ) ;
#3016 = LINE ( 'NONE', #3596, #2790 ) ;
#3017 = EDGE_CURVE ( 'NONE', #3457, #2974, #3661, .T. ) ;
#3018 = VERTEX_POINT ( 'NONE', #5741 ) ;
#3019 = FACE_OUTER_BOUND ( 'NONE', #246, .T. ) ;
#3020 = ORIENTED_EDGE ( 'NONE', *, *, #6737, .F. ) ;
#3021 = PLANE ( 'NONE',  #4869 ) ;
#3022 = VECTOR ( 'NONE', #2124, 1000.000000000000114 ) ;
#3023 = VECTOR ( 'NONE', #5061, 1000.000000000000000 ) ;
#3024 = DIRECTION ( 'NONE',  ( 0.000000000000000000, 0.000000000000000000, 1.000000000000000000 ) ) ;
#3025 = EDGE_CURVE ( 'NONE', #5293, #1859, #5846, .T. ) ;
#3026 = CARTESIAN_POINT ( 'NONE',  ( 1.149999999999999467, 0.02499999999999995628, 0.5499999999999999334 ) ) ;
#3027 = DIRECTION ( 'NONE',  ( -0.000000000000000000, 1.000000000000000000, -0.000000000000000000 ) ) ;
#3028 = AXIS2_PLACEMENT_3D ( 'NONE', #5418, #2314, #3902 ) ;
#3029 = ORIENTED_EDGE ( 'NONE', *, *, #664, .T. ) ;
#3030 = VECTOR ( 'NONE', #3613, 1000.000000000000000 ) ;
#3031 = DIRECTION ( 'NONE',  ( 6.195440985631456303E-16, 0.000000000000000000, -1.000000000000000000 ) ) ;
#3032 = EDGE_CURVE ( 'NONE', #92, #3992, #3725, .T. ) ;
#3033 = ADVANCED_FACE ( 'NONE', ( #593 ), #3114, .F. ) ;
#3034 = LINE ( 'NONE', #4118, #4522 ) ;
#3035 = ADVANCED_FACE ( 'NONE', ( #4270 ), #2683, .F. ) ;
#3036 = DIRECTION ( 'NONE',  ( -0.7071067811865470176, 0.000000000000000000, 0.7071067811865480168 ) ) ;
#3037 = VERTEX_POINT ( 'NONE', #2748 ) ;
#3038 = DIRECTION ( 'NONE',  ( -0.5807029557109352202, 0.000000000000000000, 0.8141155183563223430 ) ) ;
#3039 = ORIENTED_EDGE ( 'NONE', *, *, #6379, .F. ) ;
#3040 = PLANE ( 'NONE',  #3358 ) ;
#3041 = ORIENTED_EDGE ( 'NONE', *, *, #3185, .F. ) ;
#3042 = DIRECTION ( 'NONE',  ( 0.000000000000000000, 0.000000000000000000, -1.000000000000000000 ) ) ;
#3043 = DIRECTION ( 'NONE',  ( -1.084202172485504631E-15, 0.000000000000000000, -1.000000000000000000 ) ) ;
#3044 = ORIENTED_EDGE ( 'NONE', *, *, #1509, .F. ) ;
#3045 = LINE ( 'NONE', #356, #5521 ) ;
#3046 = CARTESIAN_POINT ( 'NONE',  ( 0.3066419522631322891, 0.5149999999999992362, -0.3595483853303097499 ) ) ;
#3047 = EDGE_CURVE ( 'NONE', #1113, #5450, #2721, .T. ) ;
#3048 = DIRECTION ( 'NONE',  ( -1.000000000000000000, 0.000000000000000000, 0.000000000000000000 ) ) ;
#3049 = CARTESIAN_POINT ( 'NONE',  ( -1.299999999999999600, 0.2149999999999999967, 0.7349999999999997646 ) ) ;
#3050 = ORIENTED_EDGE ( 'NONE', *, *, #2150, .F. ) ;
#3051 = DIRECTION ( 'NONE',  ( 0.000000000000000000, 1.000000000000000000, 0.000000000000000000 ) ) ;
#3052 = ORIENTED_EDGE ( 'NONE', *, *, #4502, .F. ) ;
#3053 = CARTESIAN_POINT ( 'NONE',  ( 0.3374999999999999112, 0.02499999999999984873, -0.7850000000000000311 ) ) ;
#3054 = EDGE_LOOP ( 'NONE', ( #19, #4105, #1870, #284 ) ) ;
#3055 = DIRECTION ( 'NONE',  ( 0.000000000000000000, 0.000000000000000000, -1.000000000000000000 ) ) ;
#3056 = CARTESIAN_POINT ( 'NONE',  ( -0.9999999999999995559, 0.2149999999999999967, 0.7999999999999996003 ) ) ;
#3057 = CARTESIAN_POINT ( 'NONE',  ( 0.3250000000000000111, 0.02499999999999984873, 0.3549999999999997047 ) ) ;
#3058 = VERTEX_POINT ( 'NONE', #6774 ) ;
#3059 = ORIENTED_EDGE ( 'NONE', *, *, #1743, .T. ) ;
#3060 = ORIENTED_EDGE ( 'NONE', *, *, #1784, .T. ) ;
#3061 = SURFACE_SIDE_STYLE ('',( #2458 ) ) ;
#3062 = CARTESIAN_POINT ( 'NONE',  ( -1.299999999999999600, 0.2149999999999999967, -0.4999999999999995559 ) ) ;
#3063 = DIRECTION ( 'NONE',  ( 0.000000000000000000, 1.000000000000000000, 0.000000000000000000 ) ) ;
#3064 = VECTOR ( 'NONE', #6777, 1000.000000000000000 ) ;
#3065 = CARTESIAN_POINT ( 'NONE',  ( 0.7374999999999998224, 2.489731222669117727, -0.08250000000000000389 ) ) ;
#3066 = DIRECTION ( 'NONE',  ( -0.000000000000000000, -1.000000000000000000, -0.000000000000000000 ) ) ;
#3067 = ORIENTED_EDGE ( 'NONE', *, *, #3852, .F. ) ;
#3068 = EDGE_CURVE ( 'NONE', #236, #1397, #5814, .T. ) ;
#3069 = DIRECTION ( 'NONE',  ( 1.000000000000000000, 0.000000000000000000, 0.000000000000000000 ) ) ;
#3070 = DIRECTION ( 'NONE',  ( -0.000000000000000000, 1.000000000000000000, 0.000000000000000000 ) ) ;
#3071 = CARTESIAN_POINT ( 'NONE',  ( -0.04249999999999994060, 0.000000000000000000, 0.5699999999999998401 ) ) ;
#3072 = DIRECTION ( 'NONE',  ( 0.000000000000000000, 0.000000000000000000, -1.000000000000000000 ) ) ;
#3073 = ORIENTED_EDGE ( 'NONE', *, *, #6334, .T. ) ;
#3074 = ORIENTED_EDGE ( 'NONE', *, *, #2075, .T. ) ;
#3075 = CARTESIAN_POINT ( 'NONE',  ( 0.7499999999999995559, 0.2250000000000000056, 0.2592837430570318902 ) ) ;
#3076 = CARTESIAN_POINT ( 'NONE',  ( -0.4588248752848643197, 0.5149999999999999023, 0.09856257781750915603 ) ) ;
#3077 = EDGE_CURVE ( 'NONE', #130, #3210, #5231, .T. ) ;
#3078 = ORIENTED_EDGE ( 'NONE', *, *, #4238, .T. ) ;
#3079 = CARTESIAN_POINT ( 'NONE',  ( 1.149999999999999467, -0.4699747468305839893, 0.5499999999999999334 ) ) ;
#3080 = EDGE_CURVE ( 'NONE', #3093, #2335, #1136, .T. ) ;
#3081 = DIRECTION ( 'NONE',  ( -0.7116333239147081269, 0.000000000000000000, 0.7025510745092516940 ) ) ;
#3082 = VERTEX_POINT ( 'NONE', #1 ) ;
#3083 = VERTEX_POINT ( 'NONE', #2087 ) ;
#3084 = DIRECTION ( 'NONE',  ( -1.000000000000000000, 0.000000000000000000, 2.562659680420284750E-15 ) ) ;
#3085 = ORIENTED_EDGE ( 'NONE', *, *, #1945, .T. ) ;
#3086 = CARTESIAN_POINT ( 'NONE',  ( 1.191698729810777735, 0.02499999999999999792, -0.7349999999999997646 ) ) ;
#3087 = CARTESIAN_POINT ( 'NONE',  ( 0.1175000000000002293, 0.000000000000000000, 0.4299999999999996603 ) ) ;
#3088 = DIRECTION ( 'NONE',  ( -1.000000000000000000, 0.000000000000000000, 0.000000000000000000 ) ) ;
#3089 = LINE ( 'NONE', #5204, #3966 ) ;
#3090 = AXIS2_PLACEMENT_3D ( 'NONE', #2398, #4961, #5003 ) ;
#3091 = AXIS2_PLACEMENT_3D ( 'NONE', #6397, #2195, #4274 ) ;
#3092 = ORIENTED_EDGE ( 'NONE', *, *, #543, .T. ) ;
#3093 = VERTEX_POINT ( 'NONE', #2165 ) ;
#3094 = CARTESIAN_POINT ( 'NONE',  ( -1.064999999999999503, 0.2149999999999999967, -0.4999999999999995559 ) ) ;
#3095 = CARTESIAN_POINT ( 'NONE',  ( 0.000000000000000000, 0.5195520701168854227, -0.4550000000000000155 ) ) ;
#3096 = CARTESIAN_POINT ( 'NONE',  ( -0.1174999999999998268, 2.489731222669117727, -0.4299999999999997158 ) ) ;
#3097 = ORIENTED_EDGE ( 'NONE', *, *, #1898, .T. ) ;
#3098 = VECTOR ( 'NONE', #2177, 1000.000000000000000 ) ;
#3099 = CIRCLE ( 'NONE', #1997, 0.5000000000000000000 ) ;
#3100 = CARTESIAN_POINT ( 'NONE',  ( 0.9276533538734081930, 0.3499999999999999223, -0.3646351321769973897 ) ) ;
#3101 = CARTESIAN_POINT ( 'NONE',  ( 1.149999999999999467, 0.02500000000000000139, -0.7349999999999997646 ) ) ;
#3102 = PLANE ( 'NONE',  #641 ) ;
#3103 = AXIS2_PLACEMENT_3D ( 'NONE', #2881, #5478, #257 ) ;
#3104 = DIRECTION ( 'NONE',  ( 0.000000000000000000, 0.000000000000000000, -1.000000000000000000 ) ) ;
#3105 = ADVANCED_FACE ( 'NONE', ( #1635 ), #1564, .T. ) ;
#3106 = LINE ( 'NONE', #989, #4173 ) ;
#3107 = ORIENTED_EDGE ( 'NONE', *, *, #4849, .T. ) ;
#3108 = ORIENTED_EDGE ( 'NONE', *, *, #2157, .T. ) ;
#3109 = CARTESIAN_POINT ( 'NONE',  ( -0.1375000000000000389, 0.000000000000000000, 0.08250000000000001776 ) ) ;
#3110 = ORIENTED_EDGE ( 'NONE', *, *, #5611, .T. ) ;
#3111 = DIRECTION ( 'NONE',  ( 0.7025510745092516940, 0.000000000000000000, -0.7116333239147081269 ) ) ;
#3112 = CARTESIAN_POINT ( 'NONE',  ( 1.299999999999999600, 1.851433752247375164, -0.1999999999999996503 ) ) ;
#3113 = ORIENTED_EDGE ( 'NONE', *, *, #1044, .T. ) ;
#3114 = PLANE ( 'NONE',  #516 ) ;
#3115 = CARTESIAN_POINT ( 'NONE',  ( -0.9999999999999995559, 0.2149999999999999967, 0.7999999999999996003 ) ) ;
#3116 = ORIENTED_EDGE ( 'NONE', *, *, #895, .F. ) ;
#3117 = CARTESIAN_POINT ( 'NONE',  ( -0.7374999999999998224, 0.02499999999999984873, -0.08250000000000000389 ) ) ;
#3118 = VECTOR ( 'NONE', #5473, 1000.000000000000000 ) ;
#3119 = ADVANCED_FACE ( 'NONE', ( #5920 ), #2333, .T. ) ;
#3120 = LINE ( 'NONE', #969, #5322 ) ;
#3121 = ORIENTED_EDGE ( 'NONE', *, *, #363, .T. ) ;
#3122 = VECTOR ( 'NONE', #6372, 1000.000000000000000 ) ;
#3123 = AXIS2_PLACEMENT_3D ( 'NONE', #6613, #1892, #1931 ) ;
#3124 = PLANE ( 'NONE',  #4693 ) ;
#3125 = CARTESIAN_POINT ( 'NONE',  ( 1.234999999999999654, 0.02499999999999999792, 0.7349999999999997646 ) ) ;
#3126 = CARTESIAN_POINT ( 'NONE',  ( -0.8427657606103799992, 0.3499999999999999778, -0.8999999999999995781 ) ) ;
#3127 = AXIS2_PLACEMENT_3D ( 'NONE', #3467, #5584, #868 ) ;
#3128 = AXIS2_PLACEMENT_3D ( 'NONE', #4401, #6584, #1860 ) ;
#3129 = VERTEX_POINT ( 'NONE', #5947 ) ;
#3130 = EDGE_CURVE ( 'NONE', #558, #6345, #4413, .T. ) ;
#3131 = DIRECTION ( 'NONE',  ( 1.000000000000000000, 0.000000000000000000, -1.858632295689436004E-15 ) ) ;
#3132 = LINE ( 'NONE', #4042, #4856 ) ;
#3133 = CIRCLE ( 'NONE', #953, 0.07499999999999998335 ) ;
#3134 = DIRECTION ( 'NONE',  ( 0.5807029557109352202, -0.000000000000000000, -0.8141155183563223430 ) ) ;
#3135 = ORIENTED_EDGE ( 'NONE', *, *, #4355, .F. ) ;
#3136 = FACE_OUTER_BOUND ( 'NONE', #2036, .T. ) ;
#3137 = DIRECTION ( 'NONE',  ( 0.000000000000000000, 1.000000000000000000, 0.000000000000000000 ) ) ;
#3138 = VERTEX_POINT ( 'NONE', #3317 ) ;
#3139 = VECTOR ( 'NONE', #3295, 1000.000000000000000 ) ;
#3140 = EDGE_CURVE ( 'NONE', #5053, #713, #1367, .T. ) ;
#3141 = LINE ( 'NONE', #4661, #4573 ) ;
#3142 = DIRECTION ( 'NONE',  ( -0.000000000000000000, -1.000000000000000000, -0.000000000000000000 ) ) ;
#3143 = ORIENTED_EDGE ( 'NONE', *, *, #4198, .T. ) ;
#3144 = EDGE_LOOP ( 'NONE', ( #4225, #1589, #4706, #3567 ) ) ;
#3145 = FACE_OUTER_BOUND ( 'NONE', #6592, .T. ) ;
#3146 = PLANE ( 'NONE',  #5094 ) ;
#3147 = DIRECTION ( 'NONE',  ( 2.562659680420284750E-15, 0.000000000000000000, -1.000000000000000000 ) ) ;
#3148 = EDGE_LOOP ( 'NONE', ( #1032, #3951, #5945, #90 ) ) ;
#3149 = CARTESIAN_POINT ( 'NONE',  ( -1.299999999999999600, 1.851433752247375164, 0.1999999999999996503 ) ) ;
#3150 = EDGE_CURVE ( 'NONE', #2118, #4647, #6496, .T. ) ;
#3151 = DIRECTION ( 'NONE',  ( -0.000000000000000000, 1.000000000000000000, -0.000000000000000000 ) ) ;
#3152 = ORIENTED_EDGE ( 'NONE', *, *, #1885, .T. ) ;
#3153 = DIRECTION ( 'NONE',  ( 0.000000000000000000, 1.000000000000000000, -0.000000000000000000 ) ) ;
#3154 = DIRECTION ( 'NONE',  ( 1.000000000000000000, 0.000000000000000000, 0.000000000000000000 ) ) ;
#3155 = EDGE_CURVE ( 'NONE', #6267, #87, #6015, .T. ) ;
#3156 = DIRECTION ( 'NONE',  ( 0.5807029557109358864, 0.000000000000000000, 0.8141155183563220099 ) ) ;
#3157 = EDGE_CURVE ( 'NONE', #6069, #2733, #1770, .T. ) ;
#3158 = DIRECTION ( 'NONE',  ( -0.5807029557109352202, 0.000000000000000000, -0.8141155183563223430 ) ) ;
#3159 = DIRECTION ( 'NONE',  ( 0.000000000000000000, 1.000000000000000000, 0.000000000000000000 ) ) ;
#3160 = ORIENTED_EDGE ( 'NONE', *, *, #3614, .F. ) ;
#3161 = PRESENTATION_STYLE_ASSIGNMENT (( #5351 ) ) ;
#3162 = ORIENTED_EDGE ( 'NONE', *, *, #4818, .T. ) ;
#3163 = ORIENTED_EDGE ( 'NONE', *, *, #4636, .F. ) ;
#3164 = CARTESIAN_POINT ( 'NONE',  ( -0.7499999999999995559, 0.3250000000000000111, -0.2592837430570318902 ) ) ;
#3165 = CARTESIAN_POINT ( 'NONE',  ( -1.278301270189221350, 0.02499999999999999792, -0.7349999999999997646 ) ) ;
#3166 = EDGE_CURVE ( 'NONE', #5523, #5598, #5474, .T. ) ;
#3167 = DIRECTION ( 'NONE',  ( 0.000000000000000000, 0.000000000000000000, 1.000000000000000000 ) ) ;
#3168 = VERTEX_POINT ( 'NONE', #2779 ) ;
#3169 = FACE_OUTER_BOUND ( 'NONE', #6255, .T. ) ;
#3170 = ORIENTED_EDGE ( 'NONE', *, *, #154, .F. ) ;
#3171 = DIRECTION ( 'NONE',  ( -0.000000000000000000, -1.000000000000000000, -0.000000000000000000 ) ) ;
#3172 = EDGE_CURVE ( 'NONE', #6736, #3138, #3853, .T. ) ;
#3173 = CARTESIAN_POINT ( 'NONE',  ( 1.149999999999999467, 0.02499999999999995628, -0.5499999999999999334 ) ) ;
#3174 = DIRECTION ( 'NONE',  ( 0.000000000000000000, 1.000000000000000000, 0.000000000000000000 ) ) ;
#3175 = ORIENTED_EDGE ( 'NONE', *, *, #4490, .T. ) ;
#3176 = DIRECTION ( 'NONE',  ( -0.000000000000000000, -1.000000000000000000, -0.000000000000000000 ) ) ;
#3177 = ORIENTED_EDGE ( 'NONE', *, *, #5078, .T. ) ;
#3178 = CARTESIAN_POINT ( 'NONE',  ( -0.7499999999999995559, 0.3499999999999999778, -0.2592837430570318902 ) ) ;
#3179 = CARTESIAN_POINT ( 'NONE',  ( -0.6750000000000000444, 0.02499999999999984873, -0.5299999999999999156 ) ) ;
#3180 = FACE_OUTER_BOUND ( 'NONE', #5783, .T. ) ;
#3181 = CARTESIAN_POINT ( 'NONE',  ( 0.9500000000000003997, 0.02499999999999984873, -0.6599999999999998090 ) ) ;
#3182 = ORIENTED_EDGE ( 'NONE', *, *, #5795, .T. ) ;
#3183 = CARTESIAN_POINT ( 'NONE',  ( 1.069999999999999840, 0.3250000000000000111, -0.1913252839170866415 ) ) ;
#3184 = CARTESIAN_POINT ( 'NONE',  ( 0.6625000000000005329, 0.000000000000000000, 0.7849999999999998090 ) ) ;
#3185 = EDGE_CURVE ( 'NONE', #3957, #6653, #5499, .T. ) ;
#3186 = VECTOR ( 'NONE', #4634, 1000.000000000000000 ) ;
#3187 = CARTESIAN_POINT ( 'NONE',  ( -1.149999999999999467, 0.07499999999999999722, 0.5499999999999999334 ) ) ;
#3188 = CARTESIAN_POINT ( 'NONE',  ( 0.6625000000000000888, 0.02499999999999984873, -0.1575000000000000011 ) ) ;
#3189 = CYLINDRICAL_SURFACE ( 'NONE', #5407, 0.06499999999999994671 ) ;
#3190 = EDGE_LOOP ( 'NONE', ( #3401, #1027, #3060, #380 ) ) ;
#3191 = EDGE_CURVE ( 'NONE', #5870, #5032, #4975, .T. ) ;
#3192 = FILL_AREA_STYLE_COLOUR ( '', #1477 ) ;
#3193 = ORIENTED_EDGE ( 'NONE', *, *, #4804, .F. ) ;
#3194 = VERTEX_POINT ( 'NONE', #826 ) ;
#3195 = VECTOR ( 'NONE', #1290, 1000.000000000000000 ) ;
#3196 = CARTESIAN_POINT ( 'NONE',  ( -0.6625000000000000888, 0.02499999999999984873, -0.7849999999999999201 ) ) ;
#3197 = FACE_OUTER_BOUND ( 'NONE', #4564, .T. ) ;
#3198 = VECTOR ( 'NONE', #3302, 1000.000000000000000 ) ;
#3199 = VECTOR ( 'NONE', #829, 1000.000000000000000 ) ;
#3200 = CARTESIAN_POINT ( 'NONE',  ( -0.6625000000000000888, 0.02499999999999984873, 0.7849999999999999201 ) ) ;
#3201 = ORIENTED_EDGE ( 'NONE', *, *, #1565, .T. ) ;
#3202 = LINE ( 'NONE', #547, #1462 ) ;
#3203 = EDGE_CURVE ( 'NONE', #1700, #1645, #1740, .T. ) ;
#3204 = ORIENTED_EDGE ( 'NONE', *, *, #5617, .F. ) ;
#3205 = CIRCLE ( 'NONE', #2553, 0.07499999999999996947 ) ;
#3206 = DIRECTION ( 'NONE',  ( 0.000000000000000000, 0.000000000000000000, 1.000000000000000000 ) ) ;
#3207 = DIRECTION ( 'NONE',  ( 1.000000000000000000, -0.000000000000000000, 0.000000000000000000 ) ) ;
#3208 = EDGE_LOOP ( 'NONE', ( #5157, #2448, #4722, #3474 ) ) ;
#3209 = CARTESIAN_POINT ( 'NONE',  ( -1.499999999999999778, 0.07499999999999999722, 0.3499999999999993117 ) ) ;
#3210 = VERTEX_POINT ( 'NONE', #251 ) ;
#3211 = ORIENTED_EDGE ( 'NONE', *, *, #4621, .T. ) ;
#3212 = CARTESIAN_POINT ( 'NONE',  ( 4.286263797015735979E-17, 0.5799999999999998490, -0.3499999999999999778 ) ) ;
#3213 = ORIENTED_EDGE ( 'NONE', *, *, #5098, .F. ) ;
#3214 = PLANE ( 'NONE',  #2355 ) ;
#3215 = EDGE_CURVE ( 'NONE', #3037, #2852, #1803, .T. ) ;
#3216 = VECTOR ( 'NONE', #2764, 1000.000000000000000 ) ;
#3217 = CARTESIAN_POINT ( 'NONE',  ( -1.299999999999999600, 0.07499999999999999722, -0.5499999999999996003 ) ) ;
#3218 = DIRECTION ( 'NONE',  ( 4.170008355713474686E-16, -0.000000000000000000, 1.000000000000000000 ) ) ;
#3219 = FACE_OUTER_BOUND ( 'NONE', #754, .T. ) ;
#3220 = ORIENTED_EDGE ( 'NONE', *, *, #6021, .T. ) ;
#3221 = CARTESIAN_POINT ( 'NONE',  ( 1.157057759178160783, 0.3250000000000000111, -0.5496352209124993893 ) ) ;
#3222 = CARTESIAN_POINT ( 'NONE',  ( -0.1174999999999998268, 2.489731222669117727, 0.4299999999999997158 ) ) ;
#3223 = CARTESIAN_POINT ( 'NONE',  ( -0.2125000000000000222, 0.02499999999999984873, -0.1575000000000000011 ) ) ;
#3224 = DIRECTION ( 'NONE',  ( -1.000000000000000000, 0.000000000000000000, -0.000000000000000000 ) ) ;
#3225 = DIRECTION ( 'NONE',  ( -1.000000000000000000, 0.000000000000000000, 0.000000000000000000 ) ) ;
#3226 = VERTEX_POINT ( 'NONE', #4914 ) ;
#3227 = VERTEX_POINT ( 'NONE', #285 ) ;
#3228 = CIRCLE ( 'NONE', #294, 0.1000000000000000472 ) ;
#3229 = DIRECTION ( 'NONE',  ( 0.000000000000000000, 0.000000000000000000, 1.000000000000000000 ) ) ;
#3230 = LINE ( 'NONE', #5797, #5545 ) ;
#3231 = CIRCLE ( 'NONE', #5565, 0.09999999999999993616 ) ;
#3232 = VECTOR ( 'NONE', #2828, 1000.000000000000000 ) ;
#3233 = VECTOR ( 'NONE', #1880, 1000.000000000000000 ) ;
#3234 = DIRECTION ( 'NONE',  ( -0.000000000000000000, -1.000000000000000000, 0.000000000000000000 ) ) ;
#3235 = CARTESIAN_POINT ( 'NONE',  ( 0.3066419522631320116, 0.5149999999999995692, 0.3595483853303096389 ) ) ;
#3236 = ORIENTED_EDGE ( 'NONE', *, *, #3, .T. ) ;
#3237 = AXIS2_PLACEMENT_3D ( 'NONE', #1208, #3291, #5413 ) ;
#3238 = ADVANCED_FACE ( 'NONE', ( #6431 ), #2301, .F. ) ;
#3239 = ADVANCED_FACE ( 'NONE', ( #4451 ), #1839, .F. ) ;
#3240 = AXIS2_PLACEMENT_3D ( 'NONE', #1902, #6625, #886 ) ;
#3241 = DIRECTION ( 'NONE',  ( 1.000000000000000000, 0.000000000000000000, -6.195440985631456303E-16 ) ) ;
#3242 = DIRECTION ( 'NONE',  ( 0.000000000000000000, 0.000000000000000000, -1.000000000000000000 ) ) ;
#3243 = ORIENTED_EDGE ( 'NONE', *, *, #1737, .F. ) ;
#3244 = EDGE_CURVE ( 'NONE', #2313, #2979, #145, .T. ) ;
#3245 = VERTEX_POINT ( 'NONE', #691 ) ;
#3246 = DIRECTION ( 'NONE',  ( 0.7025510745092516940, -0.000000000000000000, 0.7116333239147081269 ) ) ;
#3247 = AXIS2_PLACEMENT_3D ( 'NONE', #5556, #4992, #744 ) ;
#3248 = ORIENTED_EDGE ( 'NONE', *, *, #2150, .T. ) ;
#3249 = CARTESIAN_POINT ( 'NONE',  ( 0.4086633323914709570, 0.02499999999999984873, -0.6147448925490746063 ) ) ;
#3250 = ORIENTED_EDGE ( 'NONE', *, *, #3251, .F. ) ;
#3251 = EDGE_CURVE ( 'NONE', #5898, #2079, #5304, .T. ) ;
#3252 = VECTOR ( 'NONE', #4278, 1000.000000000000000 ) ;
#3253 = DIRECTION ( 'NONE',  ( 0.000000000000000000, 0.000000000000000000, 1.000000000000000000 ) ) ;
#3254 = CARTESIAN_POINT ( 'NONE',  ( -1.064999999999999503, 0.2149999999999999967, -0.4999999999999995559 ) ) ;
#3255 = ORIENTED_EDGE ( 'NONE', *, *, #2671, .T. ) ;
#3256 = EDGE_CURVE ( 'NONE', #6236, #5683, #4514, .T. ) ;
#3257 = CARTESIAN_POINT ( 'NONE',  ( -0.04249999999999988509, 2.489731222669117727, 0.3549999999999997602 ) ) ;
#3258 = CARTESIAN_POINT ( 'NONE',  ( -0.2125000000000000222, 2.489731222669117727, -0.08250000000000001776 ) ) ;
#3259 = PLANE ( 'NONE',  #2604 ) ;
#3260 = LINE ( 'NONE', #5380, #1804 ) ;
#3261 = DIRECTION ( 'NONE',  ( 0.000000000000000000, 0.000000000000000000, 1.000000000000000000 ) ) ;
#3262 =( NAMED_UNIT ( * ) SI_UNIT ( $, .STERADIAN. ) SOLID_ANGLE_UNIT ( ) );
#3263 = VERTEX_POINT ( 'NONE', #2505 ) ;
#3264 = EDGE_CURVE ( 'NONE', #3194, #2535, #4592, .T. ) ;
#3265 = DIRECTION ( 'NONE',  ( -0.7025510745092516940, 0.000000000000000000, 0.7116333239147081269 ) ) ;
#3266 = DIRECTION ( 'NONE',  ( -0.000000000000000000, -1.000000000000000000, -0.000000000000000000 ) ) ;
#3267 = VERTEX_POINT ( 'NONE', #1414 ) ;
#3268 = CARTESIAN_POINT ( 'NONE',  ( -0.3250000000000000111, 0.02499999999999984873, -0.5299999999999999156 ) ) ;
#3269 = ORIENTED_EDGE ( 'NONE', *, *, #4123, .F. ) ;
#3270 = CARTESIAN_POINT ( 'NONE',  ( -0.9593865445117157886, 0.3499999999999996447, -1.355252715606880543E-17 ) ) ;
#3271 = ORIENTED_EDGE ( 'NONE', *, *, #4544, .F. ) ;
#3272 = EDGE_CURVE ( 'NONE', #3007, #4307, #2908, .T. ) ;
#3273 = DIRECTION ( 'NONE',  ( 1.000000000000000000, 0.000000000000000000, 0.000000000000000000 ) ) ;
#3274 = CARTESIAN_POINT ( 'NONE',  ( 0.9500000000000003997, 2.489731222669117727, -0.6599999999999998090 ) ) ;
#3275 = ORIENTED_EDGE ( 'NONE', *, *, #2298, .T. ) ;
#3276 = EDGE_CURVE ( 'NONE', #2759, #970, #6603, .T. ) ;
#3277 = DIRECTION ( 'NONE',  ( 0.000000000000000000, 1.000000000000000000, 0.000000000000000000 ) ) ;
#3278 = ORIENTED_EDGE ( 'NONE', *, *, #1743, .F. ) ;
#3279 = CARTESIAN_POINT ( 'NONE',  ( 0.6624999999999999778, 2.489731222669117727, 0.08250000000000001776 ) ) ;
#3280 = ORIENTED_EDGE ( 'NONE', *, *, #2746, .T. ) ;
#3281 = EDGE_LOOP ( 'NONE', ( #2402, #546, #4194, #5011 ) ) ;
#3282 = CARTESIAN_POINT ( 'NONE',  ( 1.149999999999999467, 0.07499999999999999722, 0.5499999999999999334 ) ) ;
#3283 = DIRECTION ( 'NONE',  ( 0.000000000000000000, 0.000000000000000000, 1.000000000000000000 ) ) ;
#3284 = EDGE_CURVE ( 'NONE', #6032, #1336, #889, .T. ) ;
#3285 = ORIENTED_EDGE ( 'NONE', *, *, #5021, .T. ) ;
#3286 = SPHERICAL_SURFACE ( 'NONE', #6065, 0.04999999999999998196 ) ;
#3287 = EDGE_CURVE ( 'NONE', #6467, #4497, #2972, .T. ) ;
#3288 = DIRECTION ( 'NONE',  ( -0.000000000000000000, -1.000000000000000000, -0.000000000000000000 ) ) ;
#3289 = EDGE_CURVE ( 'NONE', #3504, #6179, #686, .T. ) ;
#3290 = DIRECTION ( 'NONE',  ( -6.195440985631456303E-16, 0.000000000000000000, -1.000000000000000000 ) ) ;
#3291 = DIRECTION ( 'NONE',  ( 0.7071067811865484609, -0.000000000000000000, 0.7071067811865466846 ) ) ;
#3292 = DIRECTION ( 'NONE',  ( 0.000000000000000000, 1.000000000000000000, 0.000000000000000000 ) ) ;
#3293 = UNCERTAINTY_MEASURE_WITH_UNIT (LENGTH_MEASURE( 1.000000000000000082E-05 ), #1167, 'distance_accuracy_value', 'NONE');
#3294 = EDGE_CURVE ( 'NONE', #3210, #1019, #861, .T. ) ;
#3295 = DIRECTION ( 'NONE',  ( -1.000000000000000000, 0.000000000000000000, 0.000000000000000000 ) ) ;
#3296 = SURFACE_STYLE_USAGE ( .BOTH. , #3709 ) ;
#3297 = VECTOR ( 'NONE', #6695, 1000.000000000000000 ) ;
#3298 = VERTEX_POINT ( 'NONE', #3953 ) ;
#3299 = CARTESIAN_POINT ( 'NONE',  ( -0.1738536163239003396, 0.5149999999999999023, 0.4354682067959153580 ) ) ;
#3300 = VERTEX_POINT ( 'NONE', #1941 ) ;
#3301 = VECTOR ( 'NONE', #397, 1000.000000000000000 ) ;
#3302 = DIRECTION ( 'NONE',  ( -1.000000000000000000, 0.000000000000000000, -1.858632295689436004E-15 ) ) ;
#3303 = VECTOR ( 'NONE', #786, 1000.000000000000114 ) ;
#3304 = PLANE ( 'NONE',  #3318 ) ;
#3305 = ORIENTED_EDGE ( 'NONE', *, *, #1479, .F. ) ;
#3306 = ORIENTED_EDGE ( 'NONE', *, *, #2190, .F. ) ;
#3307 = VECTOR ( 'NONE', #1753, 1000.000000000000000 ) ;
#3308 = EDGE_CURVE ( 'NONE', #2126, #1536, #6175, .T. ) ;
#3309 = DIRECTION ( 'NONE',  ( 0.000000000000000000, -1.000000000000000000, 0.000000000000000000 ) ) ;
#3310 = ORIENTED_EDGE ( 'NONE', *, *, #5821, .T. ) ;
#3311 = AXIS2_PLACEMENT_3D ( 'NONE', #4545, #4440, #5062 ) ;
#3312 = CARTESIAN_POINT ( 'NONE',  ( -0.6750000000000000444, 2.489731222669117727, 0.5299999999999999156 ) ) ;
#3313 = EDGE_CURVE ( 'NONE', #3263, #6490, #3554, .T. ) ;
#3314 = VECTOR ( 'NONE', #3643, 1000.000000000000000 ) ;
#3315 = ORIENTED_EDGE ( 'NONE', *, *, #337, .T. ) ;
#3316 = LINE ( 'NONE', #3453, #2250 ) ;
#3317 = CARTESIAN_POINT ( 'NONE',  ( 0.9999999999999995559, 0.2250000000000000056, -0.5649999999999995026 ) ) ;
#3318 = AXIS2_PLACEMENT_3D ( 'NONE', #2293, #1092, #101 ) ;
#3319 = FACE_OUTER_BOUND ( 'NONE', #4614, .T. ) ;
#3320 = EDGE_LOOP ( 'NONE', ( #4569, #3143, #4880, #3107, #1958, #6655 ) ) ;
#3321 = CYLINDRICAL_SURFACE ( 'NONE', #1882, 0.5000000000000002220 ) ;
#3322 = DIRECTION ( 'NONE',  ( -1.000000000000000000, -0.000000000000000000, 1.606225440719265874E-16 ) ) ;
#3323 = DIRECTION ( 'NONE',  ( -0.7071067811865465735, 0.000000000000000000, -0.7071067811865483499 ) ) ;
#3324 =( GEOMETRIC_REPRESENTATION_CONTEXT ( 3 ) GLOBAL_UNCERTAINTY_ASSIGNED_CONTEXT ( ( #96 ) ) GLOBAL_UNIT_ASSIGNED_CONTEXT ( ( #5420, #644, #4432 ) ) REPRESENTATION_CONTEXT ( 'NONE', 'WORKASPACE' ) );
#3325 = AXIS2_PLACEMENT_3D ( 'NONE', #1300, #2950, #5904 ) ;
#3326 = EDGE_CURVE ( 'NONE', #2181, #1397, #5013, .T. ) ;
#3327 = CARTESIAN_POINT ( 'NONE',  ( 0.6625000000000005329, 0.000000000000000000, 0.7849999999999999201 ) ) ;
#3328 = CARTESIAN_POINT ( 'NONE',  ( 0.9999999999999995559, 0.2149999999999999967, 0.7999999999999996003 ) ) ;
#3329 = VECTOR ( 'NONE', #3154, 1000.000000000000000 ) ;
#3330 = CARTESIAN_POINT ( 'NONE',  ( 0.5913366676085289875, 2.489731222669117727, 0.6147448925490746063 ) ) ;
#3331 = EDGE_CURVE ( 'NONE', #6107, #6771, #5411, .T. ) ;
#3332 = EDGE_LOOP ( 'NONE', ( #5699, #5134, #2065, #1869 ) ) ;
#3333 = AXIS2_PLACEMENT_3D ( 'NONE', #2286, #1787, #2315 ) ;
#3334 = VECTOR ( 'NONE', #449, 1000.000000000000000 ) ;
#3335 = CARTESIAN_POINT ( 'NONE',  ( -0.3999999999999999667, 0.000000000000000000, -0.4299999999999997158 ) ) ;
#3336 = FACE_OUTER_BOUND ( 'NONE', #1456, .T. ) ;
#3337 = FACE_OUTER_BOUND ( 'NONE', #362, .T. ) ;
#3338 = ORIENTED_EDGE ( 'NONE', *, *, #3025, .F. ) ;
#3339 = EDGE_CURVE ( 'NONE', #5861, #4574, #2404, .T. ) ;
#3340 = STYLED_ITEM ( 'NONE', ( #5877 ), #51 ) ;
#3341 = PLANE ( 'NONE',  #5337 ) ;
#3342 = CARTESIAN_POINT ( 'NONE',  ( -0.5913366676085289875, 0.000000000000000000, -0.6147448925490746063 ) ) ;
#3343 = DIRECTION ( 'NONE',  ( 0.000000000000000000, 0.000000000000000000, -1.000000000000000000 ) ) ;
#3344 = CIRCLE ( 'NONE', #3561, 0.07499999999999998335 ) ;
#3345 = ORIENTED_EDGE ( 'NONE', *, *, #2647, .F. ) ;
#3346 = CARTESIAN_POINT ( 'NONE',  ( -0.5699999999999995071, 0.3250000000000000111, 0.1913252839170866137 ) ) ;
#3347 = AXIS2_PLACEMENT_3D ( 'NONE', #5152, #3048, #6739 ) ;
#3348 = EDGE_LOOP ( 'NONE', ( #1891, #89, #120, #4472 ) ) ;
#3349 = CARTESIAN_POINT ( 'NONE',  ( 1.299999999999999600, 0.02499999999999984873, -0.1999999999999996503 ) ) ;
#3350 = AXIS2_PLACEMENT_3D ( 'NONE', #5002, #213, #2865 ) ;
#3351 = VERTEX_POINT ( 'NONE', #3490 ) ;
#3352 = DIRECTION ( 'NONE',  ( 0.000000000000000000, 0.000000000000000000, 1.000000000000000000 ) ) ;
#3353 = AXIS2_PLACEMENT_3D ( 'NONE', #5618, #3055, #1504 ) ;
#3354 = ORIENTED_EDGE ( 'NONE', *, *, #2369, .F. ) ;
#3355 = CARTESIAN_POINT ( 'NONE',  ( -1.157057759178160783, 0.3499999999999999778, 0.5496352209124993893 ) ) ;
#3356 = DIRECTION ( 'NONE',  ( 1.000000000000000000, 0.000000000000000000, -2.562659680420284750E-15 ) ) ;
#3357 = CARTESIAN_POINT ( 'NONE',  ( -1.149999999999999689, 0.07499999999999999722, -0.2000000000000000389 ) ) ;
#3358 = AXIS2_PLACEMENT_3D ( 'NONE', #4589, #6762, #518 ) ;
#3359 = EDGE_CURVE ( 'NONE', #3018, #3880, #5635, .T. ) ;
#3360 = CARTESIAN_POINT ( 'NONE',  ( 0.1175000000000000350, 2.489731222669117727, -0.4299999999999997713 ) ) ;
#3361 = LINE ( 'NONE', #1273, #1812 ) ;
#3362 = CARTESIAN_POINT ( 'NONE',  ( 1.149999999999999467, 0.07499999999999999722, -0.5499999999999999334 ) ) ;
#3363 = EDGE_CURVE ( 'NONE', #2955, #894, #5073, .T. ) ;
#3364 = ADVANCED_FACE ( 'NONE', ( #3006 ), #425, .F. ) ;
#3365 = CARTESIAN_POINT ( 'NONE',  ( 0.8249999999999999556, 0.02499999999999984873, 0.6599999999999998090 ) ) ;
#3366 = ORIENTED_EDGE ( 'NONE', *, *, #4563, .F. ) ;
#3367 = B_SPLINE_SURFACE_WITH_KNOTS ( 'NONE', 3, 1, ( 
 ( #4257, #5323 ),
 ( #5283, #97 ),
 ( #1586, #3235 ),
 ( #2180, #131 ),
 ( #2705, #2105 ),
 ( #4801, #5763 ),
 ( #3612, #6244 ),
 ( #6381, #4223 ),
 ( #6351, #1622 ),
 ( #3712, #4828 ),
 ( #2664, #5252 ),
 ( #3646, #6793 ),
 ( #3100, #5727 ),
 ( #20, #5834 ),
 ( #1653, #3745 ),
 ( #2633, #2074 ),
 ( #1158, #58 ),
 ( #2147, #5872 ),
 ( #5359, #4122 ),
 ( #4185, #646 ),
 ( #4728, #2736 ),
 ( #1516, #5213 ),
 ( #4150, #6274 ),
 ( #6309, #1547 ),
 ( #2804, #1791 ),
 ( #2289, #2862 ),
 ( #2319, #1689 ),
 ( #4366, #5906 ),
 ( #3270, #3402 ),
 ( #3779, #5518 ),
 ( #750, #2765 ),
 ( #776, #3809 ),
 ( #1190, #4294 ),
 ( #1283, #4398 ),
 ( #6516, #3875 ),
 ( #6003, #2895 ),
 ( #3837, #3299 ),
 ( #6483, #1722 ),
 ( #6553, #5391 ),
 ( #5935, #4861 ),
 ( #712, #2839 ),
 ( #5000, #1216 ) ),
 .UNSPECIFIED., .T., .F., .F.,
 ( 4, 1, 1, 1, 2, 1, 1, 1, 2, 1, 1, 1, 2, 1, 1, 1, 2, 1, 1, 1, 2, 1, 1, 1, 2, 1, 1, 1, 2, 1, 1, 1, 4 ),
 ( 2, 2 ),
 ( 0.000000000000000000, 0.04049817698819008216, 0.08099635397638016432, 0.1214945309645702465, 0.1619927079527603286, 0.1725888448515589813, 0.1831849817503576339, 0.1937811186491562865, 0.2043772555479549391, 0.2448754325361450768, 0.2853736095243351034, 0.3258717865125252411, 0.3663699635007153232, 0.3997774726255365341, 0.4331849817503576894, 0.4665924908751789002, 0.5000000000000001110, 0.5404981769881902487, 0.5809963539763802753, 0.6214945309645703020, 0.6619927079527604397, 0.6725888448515591200, 0.6831849817503576894, 0.6937811186491563697, 0.7043772555479550501, 0.7448754325361451878, 0.7853736095243351034, 0.8258717865125252411, 0.8663699635007153788, 0.8997774726255365341, 0.9331849817503576894, 0.9665924908751788447, 1.000000000000000000 ),
 ( 0.000000000000000000, 1.000000000000000000 ),
 .UNSPECIFIED. ) ;
#3368 = CARTESIAN_POINT ( 'NONE',  ( -0.6749999999999993783, 0.02499999999999984873, -0.4299999999999997158 ) ) ;
#3369 = SURFACE_STYLE_USAGE ( .BOTH. , #3477 ) ;
#3370 = DIRECTION ( 'NONE',  ( 1.858632295689436004E-15, 0.000000000000000000, 1.000000000000000000 ) ) ;
#3371 = VERTEX_POINT ( 'NONE', #5575 ) ;
#3372 = ADVANCED_FACE ( 'NONE', ( #354 ), #957, .F. ) ;
#3373 = ORIENTED_EDGE ( 'NONE', *, *, #4399, .T. ) ;
#3374 = DIRECTION ( 'NONE',  ( 0.000000000000000000, 0.000000000000000000, -1.000000000000000000 ) ) ;
#3375 = DIRECTION ( 'NONE',  ( -1.000000000000000000, 0.000000000000000000, 0.000000000000000000 ) ) ;
#3376 = EDGE_CURVE ( 'NONE', #1019, #4001, #6728, .T. ) ;
#3377 = CARTESIAN_POINT ( 'NONE',  ( -1.299999999999999600, 0.2149999999999999967, -0.7349999999999997646 ) ) ;
#3378 = DIRECTION ( 'NONE',  ( -0.5807029557109358864, 0.000000000000000000, 0.8141155183563220099 ) ) ;
#3379 = VERTEX_POINT ( 'NONE', #4702 ) ;
#3380 = CARTESIAN_POINT ( 'NONE',  ( -1.234999999999999654, 0.2149999999999999967, 0.7349999999999997646 ) ) ;
#3381 = ORIENTED_EDGE ( 'NONE', *, *, #5096, .F. ) ;
#3382 = CARTESIAN_POINT ( 'NONE',  ( -1.499999999999999556, 0.07499999999999999722, -0.2749999999999993006 ) ) ;
#3383 = ORIENTED_EDGE ( 'NONE', *, *, #3805, .F. ) ;
#3384 = DIRECTION ( 'NONE',  ( -0.000000000000000000, -1.000000000000000000, -0.000000000000000000 ) ) ;
#3385 = ORIENTED_EDGE ( 'NONE', *, *, #1347, .T. ) ;
#3386 = DIRECTION ( 'NONE',  ( -1.000000000000000000, 0.000000000000000000, 0.000000000000000000 ) ) ;
#3387 = DIRECTION ( 'NONE',  ( 0.000000000000000000, 0.000000000000000000, -1.000000000000000000 ) ) ;
#3388 = DIRECTION ( 'NONE',  ( 0.000000000000000000, -1.000000000000000000, -0.000000000000000000 ) ) ;
#3389 = LINE ( 'NONE', #200, #2806 ) ;
#3390 = LINE ( 'NONE', #5508, #5996 ) ;
#3391 = PLANE ( 'NONE',  #917 ) ;
#3392 = VERTEX_POINT ( 'NONE', #3650 ) ;
#3393 = CYLINDRICAL_SURFACE ( 'NONE', #2460, 0.1250000000000002220 ) ;
#3394 = EDGE_CURVE ( 'NONE', #5636, #5006, #5806, .T. ) ;
#3395 = VERTEX_POINT ( 'NONE', #2606 ) ;
#3396 = CARTESIAN_POINT ( 'NONE',  ( -1.149999999999999467, 0.07499999999999999722, 0.5499999999999999334 ) ) ;
#3397 = EDGE_CURVE ( 'NONE', #2585, #236, #2568, .T. ) ;
#3398 = DIRECTION ( 'NONE',  ( 0.000000000000000000, 0.000000000000000000, -1.000000000000000000 ) ) ;
#3399 = CARTESIAN_POINT ( 'NONE',  ( -0.9999999999999995559, 0.2149999999999999967, -0.7999999999999996003 ) ) ;
#3400 = ORIENTED_EDGE ( 'NONE', *, *, #5482, .T. ) ;
#3401 = ORIENTED_EDGE ( 'NONE', *, *, #5767, .F. ) ;
#3402 = CARTESIAN_POINT ( 'NONE',  ( -0.4680279112968440125, 0.5149999999999997913, 1.558540622947912624E-16 ) ) ;
#3403 = LINE ( 'NONE', #5491, #6660 ) ;
#3404 = VECTOR ( 'NONE', #6114, 1000.000000000000000 ) ;
#3405 = FACE_OUTER_BOUND ( 'NONE', #327, .T. ) ;
#3406 = ADVANCED_FACE ( 'NONE', ( #4126 ), #6798, .T. ) ;
#3407 = ORIENTED_EDGE ( 'NONE', *, *, #4420, .F. ) ;
#3408 = CARTESIAN_POINT ( 'NONE',  ( -1.149999999999999689, -0.4699747468305839893, -0.2000000000000000389 ) ) ;
#3409 = ORIENTED_EDGE ( 'NONE', *, *, #4000, .F. ) ;
#3410 = CARTESIAN_POINT ( 'NONE',  ( 0.3537307147608607649, 0.3499999999999999778, 0.7303844438303085385 ) ) ;
#3411 = ORIENTED_EDGE ( 'NONE', *, *, #5269, .F. ) ;
#3412 =( LENGTH_UNIT ( ) NAMED_UNIT ( * ) SI_UNIT ( .MILLI., .METRE. ) );
#3413 = CARTESIAN_POINT ( 'NONE',  ( 0.2125000000000000222, 0.02499999999999984873, 0.1575000000000000011 ) ) ;
#3414 = VECTOR ( 'NONE', #2270, 1000.000000000000000 ) ;
#3415 = ORIENTED_EDGE ( 'NONE', *, *, #93, .F. ) ;
#3416 = AXIS2_PLACEMENT_3D ( 'NONE', #4603, #1975, #5376 ) ;
#3417 = FACE_OUTER_BOUND ( 'NONE', #3556, .T. ) ;
#3418 = VERTEX_POINT ( 'NONE', #3209 ) ;
#3419 = CARTESIAN_POINT ( 'NONE',  ( 1.249999999999999778, 0.3499999999999999778, 0.2592837430570318347 ) ) ;
#3420 = CARTESIAN_POINT ( 'NONE',  ( -0.9999999999999995559, 0.2250000000000000056, -0.7999999999999996003 ) ) ;
#3421 = EDGE_CURVE ( 'NONE', #2218, #5600, #5289, .T. ) ;
#3422 = VECTOR ( 'NONE', #5036, 1000.000000000000000 ) ;
#3423 = VECTOR ( 'NONE', #4405, 1000.000000000000114 ) ;
#3424 = VECTOR ( 'NONE', #3715, 1000.000000000000000 ) ;
#3425 = DIRECTION ( 'NONE',  ( -0.000000000000000000, -1.000000000000000000, -0.000000000000000000 ) ) ;
#3426 = DIRECTION ( 'NONE',  ( 0.000000000000000000, 1.000000000000000000, 0.000000000000000000 ) ) ;
#3427 = CARTESIAN_POINT ( 'NONE',  ( 0.3250000000000000111, 0.02499999999999984873, -0.5299999999999999156 ) ) ;
#3428 = VECTOR ( 'NONE', #2239, 1000.000000000000000 ) ;
#3429 = STYLED_ITEM ( 'NONE', ( #510 ), #2278 ) ;
#3430 = AXIS2_PLACEMENT_3D ( 'NONE', #2688, #5925, #2649 ) ;
#3431 = CARTESIAN_POINT ( 'NONE',  ( 0.7499999999999995559, 0.3499999999999999778, 0.2592837430570318902 ) ) ;
#3432 = PLANE ( 'NONE',  #732 ) ;
#3433 = VERTEX_POINT ( 'NONE', #481 ) ;
#3434 = EDGE_CURVE ( 'NONE', #5038, #4325, #5257, .T. ) ;
#3435 = CARTESIAN_POINT ( 'NONE',  ( 4.441828391852931352E-17, 0.5954479298831145684, -0.3627028131658454613 ) ) ;
#3436 = AXIS2_PLACEMENT_3D ( 'NONE', #3279, #3884, #184 ) ;
#3437 = CARTESIAN_POINT ( 'NONE',  ( 0.6624999999999999778, 0.000000000000000000, -0.08250000000000001776 ) ) ;
#3438 = ORIENTED_EDGE ( 'NONE', *, *, #565, .T. ) ;
#3439 = CARTESIAN_POINT ( 'NONE',  ( -1.424999999999999600, 0.07499999999999999722, 0.1999999999999993450 ) ) ;
#3440 = ORIENTED_EDGE ( 'NONE', *, *, #5642, .F. ) ;
#3441 = DIRECTION ( 'NONE',  ( 0.000000000000000000, 0.000000000000000000, 1.000000000000000000 ) ) ;
#3442 = LINE ( 'NONE', #1933, #5237 ) ;
#3443 = CARTESIAN_POINT ( 'NONE',  ( -0.6750000000000000444, 0.02499999999999984873, -0.5299999999999999156 ) ) ;
#3444 = ADVANCED_FACE ( 'NONE', ( #4773 ), #5768, .T. ) ;
#3445 = CARTESIAN_POINT ( 'NONE',  ( 0.3249999999999999001, 0.000000000000000000, -0.3549999999999997047 ) ) ;
#3446 = ORIENTED_EDGE ( 'NONE', *, *, #5941, .F. ) ;
#3447 = EDGE_CURVE ( 'NONE', #1204, #5254, #65, .T. ) ;
#3448 = CARTESIAN_POINT ( 'NONE',  ( 0.5500000000000029310, 0.2249999999999999500, -0.8499999999999998668 ) ) ;
#3449 = EDGE_CURVE ( 'NONE', #3433, #1113, #707, .T. ) ;
#3450 = AXIS2_PLACEMENT_3D ( 'NONE', #4749, #3767, #5895 ) ;
#3451 = MECHANICAL_DESIGN_GEOMETRIC_PRESENTATION_REPRESENTATION (  '', ( #5990 ), #6094 ) ;
#3452 = ORIENTED_EDGE ( 'NONE', *, *, #6479, .F. ) ;
#3453 = CARTESIAN_POINT ( 'NONE',  ( -1.157057759178160783, 0.3499999999999999778, -0.5496352209124993893 ) ) ;
#3454 = CARTESIAN_POINT ( 'NONE',  ( -0.6625000000000000888, 2.489731222669117727, -0.7849999999999999201 ) ) ;
#3455 = VECTOR ( 'NONE', #3051, 1000.000000000000000 ) ;
#3456 = AXIS2_PLACEMENT_3D ( 'NONE', #5677, #1973, #3525 ) ;
#3457 = VERTEX_POINT ( 'NONE', #1093 ) ;
#3458 = ORIENTED_EDGE ( 'NONE', *, *, #1795, .T. ) ;
#3459 = CARTESIAN_POINT ( 'NONE',  ( -0.1174999999999998268, 2.489731222669117727, -0.4299999999999997158 ) ) ;
#3460 = VECTOR ( 'NONE', #1275, 1000.000000000000000 ) ;
#3461 = ORIENTED_EDGE ( 'NONE', *, *, #4904, .T. ) ;
#3462 = EDGE_CURVE ( 'NONE', #3647, #4103, #6317, .T. ) ;
#3463 = CARTESIAN_POINT ( 'NONE',  ( 0.8427657606103799992, 0.3499999999999999778, -0.8999999999999995781 ) ) ;
#3464 = EDGE_CURVE ( 'NONE', #3194, #5940, #5419, .T. ) ;
#3465 = DIRECTION ( 'NONE',  ( 2.950209993157834926E-16, 0.000000000000000000, -1.000000000000000000 ) ) ;
#3466 = VECTOR ( 'NONE', #1089, 1000.000000000000000 ) ;
#3467 = CARTESIAN_POINT ( 'NONE',  ( -0.8249999999999999556, 2.489731222669117727, 0.6599999999999998090 ) ) ;
#3468 = EDGE_CURVE ( 'NONE', #3886, #6275, #5839, .T. ) ;
#3469 = CARTESIAN_POINT ( 'NONE',  ( -0.3250000000000000111, 0.02499999999999984873, 0.5299999999999999156 ) ) ;
#3470 = LINE ( 'NONE', #4464, #385 ) ;
#3471 = CARTESIAN_POINT ( 'NONE',  ( -1.064999999999999503, 0.2149999999999999967, 0.5649999999999995026 ) ) ;
#3472 = CIRCLE ( 'NONE', #5122, 0.3627028131658454613 ) ;
#3473 = CARTESIAN_POINT ( 'NONE',  ( 1.064999999999999503, 0.2149999999999999967, -0.4999999999999995559 ) ) ;
#3474 = ORIENTED_EDGE ( 'NONE', *, *, #949, .F. ) ;
#3475 = EDGE_CURVE ( 'NONE', #673, #890, #6287, .T. ) ;
#3476 = DIRECTION ( 'NONE',  ( 0.000000000000000000, 1.000000000000000000, 0.000000000000000000 ) ) ;
#3477 = SURFACE_SIDE_STYLE ('',( #5557 ) ) ;
#3478 = ORIENTED_EDGE ( 'NONE', *, *, #2403, .T. ) ;
#3479 = FACE_BOUND ( 'NONE', #5982, .T. ) ;
#3480 = ORIENTED_EDGE ( 'NONE', *, *, #5137, .T. ) ;
#3481 =( LENGTH_UNIT ( ) NAMED_UNIT ( * ) SI_UNIT ( .MILLI., .METRE. ) );
#3482 = CARTESIAN_POINT ( 'NONE',  ( -0.5913366676085289875, 0.000000000000000000, -0.6147448925490746063 ) ) ;
#3483 = DIRECTION ( 'NONE',  ( 0.000000000000000000, 1.000000000000000000, 0.000000000000000000 ) ) ;
#3484 = CARTESIAN_POINT ( 'NONE',  ( 0.9999999999999995559, 0.2149999999999999967, 0.5649999999999995026 ) ) ;
#3485 = DIRECTION ( 'NONE',  ( 0.000000000000000000, 0.000000000000000000, -1.000000000000000000 ) ) ;
#3486 = VERTEX_POINT ( 'NONE', #208 ) ;
#3487 = DIRECTION ( 'NONE',  ( 0.000000000000000000, 0.000000000000000000, 1.000000000000000000 ) ) ;
#3488 = EDGE_CURVE ( 'NONE', #6275, #1906, #27, .T. ) ;
#3489 = ORIENTED_EDGE ( 'NONE', *, *, #5424, .T. ) ;
#3490 = CARTESIAN_POINT ( 'NONE',  ( 0.9999999999999995559, 0.2149999999999999134, -0.7999999999999998224 ) ) ;
#3491 = ORIENTED_EDGE ( 'NONE', *, *, #4474, .F. ) ;
#3492 = LINE ( 'NONE', #1969, #4857 ) ;
#3493 = CARTESIAN_POINT ( 'NONE',  ( 0.4588248752848643197, 0.5149999999999999023, 0.09856257781750897562 ) ) ;
#3494 = VERTEX_POINT ( 'NONE', #6764 ) ;
#3495 = CARTESIAN_POINT ( 'NONE',  ( -0.5999999999999994227, 0.02499999999999984873, 0.3549999999999997602 ) ) ;
#3496 = EDGE_CURVE ( 'NONE', #951, #2045, #3106, .T. ) ;
#3497 = CARTESIAN_POINT ( 'NONE',  ( -1.234999999999999654, 0.05000000000000000278, -0.7349999999999997646 ) ) ;
#3498 = CARTESIAN_POINT ( 'NONE',  ( 1.499999999999999556, 0.02499999999999995628, -0.5499999999999992673 ) ) ;
#3499 = ORIENTED_EDGE ( 'NONE', *, *, #1377, .T. ) ;
#3500 = CARTESIAN_POINT ( 'NONE',  ( 1.234999999999999654, 0.02499999999999999792, 0.7349999999999997646 ) ) ;
#3501 = VERTEX_POINT ( 'NONE', #5177 ) ;
#3502 = LINE ( 'NONE', #4003, #3542 ) ;
#3503 = DIRECTION ( 'NONE',  ( 0.5807029557109352202, 0.000000000000000000, -0.8141155183563224540 ) ) ;
#3504 = VERTEX_POINT ( 'NONE', #4155 ) ;
#3505 = EDGE_CURVE ( 'NONE', #150, #970, #6247, .T. ) ;
#3506 = DIRECTION ( 'NONE',  ( -6.195440985631447429E-16, 0.000000000000000000, 1.000000000000000000 ) ) ;
#3507 = LINE ( 'NONE', #1435, #3662 ) ;
#3508 = LINE ( 'NONE', #1006, #4638 ) ;
#3509 = ADVANCED_FACE ( 'NONE', ( #1553 ), #4733, .F. ) ;
#3510 = CARTESIAN_POINT ( 'NONE',  ( 1.499999999999999556, 0.07499999999999999722, -0.5499999999999992673 ) ) ;
#3511 = CARTESIAN_POINT ( 'NONE',  ( -1.424999999999999600, 0.07499999999999999722, -0.1999999999999993450 ) ) ;
#3512 = CARTESIAN_POINT ( 'NONE',  ( 4.336808689942017736E-16, 0.02500000000000000139, -0.7999999999999997113 ) ) ;
#3513 = ORIENTED_EDGE ( 'NONE', *, *, #652, .F. ) ;
#3514 = DIRECTION ( 'NONE',  ( -0.000000000000000000, -1.000000000000000000, -0.000000000000000000 ) ) ;
#3515 = VECTOR ( 'NONE', #1274, 1000.000000000000000 ) ;
#3516 = DIRECTION ( 'NONE',  ( 0.000000000000000000, 0.000000000000000000, 1.000000000000000000 ) ) ;
#3517 = EDGE_LOOP ( 'NONE', ( #4025, #1864, #5224, #6331 ) ) ;
#3518 = ADVANCED_FACE ( 'NONE', ( #1248 ), #2859, .F. ) ;
#3519 = DIRECTION ( 'NONE',  ( 0.000000000000000000, 0.000000000000000000, 1.000000000000000000 ) ) ;
#3520 = EDGE_LOOP ( 'NONE', ( #5015, #5907, #5719, #1485 ) ) ;
#3521 = CARTESIAN_POINT ( 'NONE',  ( 1.299999999999999378, 0.2249999999999999500, 0.7349999999999997646 ) ) ;
#3522 = CARTESIAN_POINT ( 'NONE',  ( -0.4670526090495505933, 0.5150000000000000133, -0.03020581678025676536 ) ) ;
#3523 = ADVANCED_FACE ( 'NONE', ( #3337 ), #4433, .F. ) ;
#3524 = TOROIDAL_SURFACE ( 'NONE', #3839, 0.4677028131658454990, 0.02000000000000003858 ) ;
#3525 = DIRECTION ( 'NONE',  ( 0.000000000000000000, 0.000000000000000000, 1.000000000000000000 ) ) ;
#3526 = DIRECTION ( 'NONE',  ( 6.195440985631456303E-16, 0.000000000000000000, 1.000000000000000000 ) ) ;
#3527 = VERTEX_POINT ( 'NONE', #1305 ) ;
#3528 = VERTEX_POINT ( 'NONE', #1928 ) ;
#3529 = CARTESIAN_POINT ( 'NONE',  ( 1.149999999999999467, 0.07499999999999999722, -0.5499999999999999334 ) ) ;
#3530 = VECTOR ( 'NONE', #3273, 1000.000000000000000 ) ;
#3531 = ADVANCED_FACE ( 'NONE', ( #2419 ), #5487, .F. ) ;
#3532 = AXIS2_PLACEMENT_3D ( 'NONE', #992, #1908, #3994 ) ;
#3533 = VECTOR ( 'NONE', #1693, 1000.000000000000000 ) ;
#3534 = DIRECTION ( 'NONE',  ( 0.000000000000000000, 1.000000000000000000, 0.000000000000000000 ) ) ;
#3535 = EDGE_CURVE ( 'NONE', #5637, #3082, #3975, .T. ) ;
#3536 = AXIS2_PLACEMENT_3D ( 'NONE', #2836, #369, #4952 ) ;
#3537 = DIRECTION ( 'NONE',  ( 0.000000000000000000, 1.000000000000000000, 0.000000000000000000 ) ) ;
#3538 = AXIS2_PLACEMENT_3D ( 'NONE', #1960, #4045, #3547 ) ;
#3539 = DIRECTION ( 'NONE',  ( 0.000000000000000000, 0.000000000000000000, 1.000000000000000000 ) ) ;
#3540 = EDGE_LOOP ( 'NONE', ( #3478, #5917, #6311, #4265 ) ) ;
#3541 = SURFACE_STYLE_USAGE ( .BOTH. , #3061 ) ;
#3542 = VECTOR ( 'NONE', #4034, 1000.000000000000000 ) ;
#3543 = CARTESIAN_POINT ( 'NONE',  ( -0.5999999999999994227, 0.000000000000000000, 0.3549999999999997602 ) ) ;
#3544 = LINE ( 'NONE', #473, #6410 ) ;
#3545 = EDGE_CURVE ( 'NONE', #150, #877, #746, .T. ) ;
#3546 = VECTOR ( 'NONE', #3322, 1000.000000000000000 ) ;
#3547 = DIRECTION ( 'NONE',  ( 2.950209993157834926E-16, 0.000000000000000000, -1.000000000000000000 ) ) ;
#3548 = ORIENTED_EDGE ( 'NONE', *, *, #6231, .T. ) ;
#3549 = DIRECTION ( 'NONE',  ( -0.7071067811865467956, 0.000000000000000000, -0.7071067811865483499 ) ) ;
#3550 = VECTOR ( 'NONE', #3932, 1000.000000000000000 ) ;
#3551 = AXIS2_PLACEMENT_3D ( 'NONE', #3000, #1962, #2934 ) ;
#3552 = DIRECTION ( 'NONE',  ( -0.5807029557109358864, 0.000000000000000000, -0.8141155183563220099 ) ) ;
#3553 = VERTEX_POINT ( 'NONE', #4927 ) ;
#3554 = LINE ( 'NONE', #6215, #4394 ) ;
#3555 = ORIENTED_EDGE ( 'NONE', *, *, #648, .F. ) ;
#3556 = EDGE_LOOP ( 'NONE', ( #6059, #4783, #5185, #6149 ) ) ;
#3557 = ORIENTED_EDGE ( 'NONE', *, *, #607, .T. ) ;
#3558 = LINE ( 'NONE', #1871, #5188 ) ;
#3559 = CARTESIAN_POINT ( 'NONE',  ( -0.9593865445117156776, 0.3499999999999999778, 0.2040443338732237100 ) ) ;
#3560 = FACE_OUTER_BOUND ( 'NONE', #2860, .T. ) ;
#3561 = AXIS2_PLACEMENT_3D ( 'NONE', #4282, #4358, #1109 ) ;
#3562 = LINE ( 'NONE', #6123, #6055 ) ;
#3563 = DIRECTION ( 'NONE',  ( 0.000000000000000000, -1.000000000000000000, 0.000000000000000000 ) ) ;
#3564 = VERTEX_POINT ( 'NONE', #1856 ) ;
#3565 = LINE ( 'NONE', #3529, #2787 ) ;
#3566 = CIRCLE ( 'NONE', #3456, 0.1000000000000000472 ) ;
#3567 = ORIENTED_EDGE ( 'NONE', *, *, #4912, .T. ) ;
#3568 = EDGE_CURVE ( 'NONE', #3418, #3674, #3935, .T. ) ;
#3569 = AXIS2_PLACEMENT_3D ( 'NONE', #5658, #1481, #6202 ) ;
#3570 = PLANE ( 'NONE',  #1711 ) ;
#3571 = DIRECTION ( 'NONE',  ( 0.000000000000000000, 1.000000000000000000, 0.000000000000000000 ) ) ;
#3572 = DIRECTION ( 'NONE',  ( 1.084202172485504828E-15, 0.000000000000000000, -1.000000000000000000 ) ) ;
#3573 = ADVANCED_FACE ( 'NONE', ( #3479, #5966, #1373, #6060, #6098 ), #878, .F. ) ;
#3574 = LINE ( 'NONE', #2991, #4642 ) ;
#3575 = ORIENTED_EDGE ( 'NONE', *, *, #1065, .F. ) ;
#3576 = VECTOR ( 'NONE', #1244, 1000.000000000000000 ) ;
#3577 = VERTEX_POINT ( 'NONE', #2956 ) ;
#3578 = ORIENTED_EDGE ( 'NONE', *, *, #5583, .T. ) ;
#3579 = AXIS2_PLACEMENT_3D ( 'NONE', #1551, #4124, #955 ) ;
#3580 = CARTESIAN_POINT ( 'NONE',  ( -0.4086633323914709570, 0.000000000000000000, 0.6147448925490746063 ) ) ;
#3581 = FACE_OUTER_BOUND ( 'NONE', #3208, .T. ) ;
#3582 = CARTESIAN_POINT ( 'NONE',  ( 1.234999999999999654, 0.05000000000000000278, -0.7349999999999997646 ) ) ;
#3583 = EDGE_LOOP ( 'NONE', ( #2847, #3970, #2477, #1540, #4827, #5493, #1322, #4065, #2290, #5999, #5930, #3135 ) ) ;
#3584 = CARTESIAN_POINT ( 'NONE',  ( 0.1175000000000000350, 0.000000000000000000, -0.4949999999999997735 ) ) ;
#3585 = EDGE_CURVE ( 'NONE', #2981, #4503, #5513, .T. ) ;
#3586 = CARTESIAN_POINT ( 'NONE',  ( 1.499999999999999556, 0.07499999999999999722, 0.5499999999999992673 ) ) ;
#3587 = EDGE_LOOP ( 'NONE', ( #2869, #1694, #787, #583 ) ) ;
#3588 = CARTESIAN_POINT ( 'NONE',  ( -1.299999999999999600, 1.851433752247375164, -0.7349999999999997646 ) ) ;
#3589 = VERTEX_POINT ( 'NONE', #5058 ) ;
#3590 = EDGE_LOOP ( 'NONE', ( #3829, #4261, #873, #4953 ) ) ;
#3591 = CYLINDRICAL_SURFACE ( 'NONE', #3532, 0.06499999999999994671 ) ;
#3592 = CARTESIAN_POINT ( 'NONE',  ( -0.4395198120705046674, 0.5150000000000000133, 0.1730166995796435236 ) ) ;
#3593 = DIRECTION ( 'NONE',  ( -1.000000000000000000, 0.000000000000000000, -1.858632295689436004E-15 ) ) ;
#3594 = ORIENTED_EDGE ( 'NONE', *, *, #5785, .T. ) ;
#3595 = DIRECTION ( 'NONE',  ( 1.000000000000000000, 0.000000000000000000, -0.000000000000000000 ) ) ;
#3596 = CARTESIAN_POINT ( 'NONE',  ( 0.6749999999999998224, 2.489731222669117727, 0.3549999999999997047 ) ) ;
#3597 = ORIENTED_EDGE ( 'NONE', *, *, #5106, .T. ) ;
#3598 = LINE ( 'NONE', #5086, #3455 ) ;
#3599 = ORIENTED_EDGE ( 'NONE', *, *, #1511, .T. ) ;
#3600 = DIRECTION ( 'NONE',  ( 1.000000000000000000, 0.000000000000000000, -6.195440985631456303E-16 ) ) ;
#3601 = EDGE_LOOP ( 'NONE', ( #3041, #3110, #4940, #6230 ) ) ;
#3602 = LINE ( 'NONE', #4534, #851 ) ;
#3603 = DIRECTION ( 'NONE',  ( -0.000000000000000000, -1.000000000000000000, -0.000000000000000000 ) ) ;
#3604 = SURFACE_SIDE_STYLE ('',( #4111 ) ) ;
#3605 = CARTESIAN_POINT ( 'NONE',  ( -1.499999999999999556, 0.07499999999999999722, 0.5499999999999992673 ) ) ;
#3606 = ORIENTED_EDGE ( 'NONE', *, *, #4597, .F. ) ;
#3607 = VERTEX_POINT ( 'NONE', #1335 ) ;
#3608 = EDGE_CURVE ( 'NONE', #5828, #2302, #3905, .T. ) ;
#3609 = CARTESIAN_POINT ( 'NONE',  ( 0.9445302004049205280, 0.3499999999999999778, 0.8475878694638663280 ) ) ;
#3610 = CARTESIAN_POINT ( 'NONE',  ( 1.499999999999999556, 0.02499999999999995628, 0.5499999999999992673 ) ) ;
#3611 = CARTESIAN_POINT ( 'NONE',  ( -0.5699999999999995071, 0.3250000000000000111, -0.1913252839170866137 ) ) ;
#3612 = CARTESIAN_POINT ( 'NONE',  ( 0.9593865445117155666, 0.3499999999999999223, 0.1039760693198451269 ) ) ;
#3613 = DIRECTION ( 'NONE',  ( -8.363055544496858865E-16, -0.000000000000000000, -1.000000000000000000 ) ) ;
#3614 = EDGE_CURVE ( 'NONE', #3718, #3129, #4963, .T. ) ;
#3615 = CARTESIAN_POINT ( 'NONE',  ( -0.2125000000000000222, 2.489731222669117727, 0.1574999999999999734 ) ) ;
#3616 = DIRECTION ( 'NONE',  ( 0.000000000000000000, 1.000000000000000000, 0.000000000000000000 ) ) ;
#3617 = ORIENTED_EDGE ( 'NONE', *, *, #5096, .T. ) ;
#3618 = ORIENTED_EDGE ( 'NONE', *, *, #2576, .T. ) ;
#3619 = CARTESIAN_POINT ( 'NONE',  ( 1.234999999999999210, 0.02500000000000000139, -0.5499999999999997113 ) ) ;
#3620 = ORIENTED_EDGE ( 'NONE', *, *, #2086, .F. ) ;
#3621 = CARTESIAN_POINT ( 'NONE',  ( 0.9593865445117153445, 0.3500000000000004774, 0.06241777867044768363 ) ) ;
#3622 = PLANE ( 'NONE',  #1362 ) ;
#3623 = ORIENTED_EDGE ( 'NONE', *, *, #6656, .T. ) ;
#3624 = DIRECTION ( 'NONE',  ( 6.195440985631456303E-16, 0.000000000000000000, -1.000000000000000000 ) ) ;
#3625 = CARTESIAN_POINT ( 'NONE',  ( -0.6750000000000000444, 0.000000000000000000, -0.5299999999999999156 ) ) ;
#3626 = FACE_OUTER_BOUND ( 'NONE', #1090, .T. ) ;
#3627 = DIRECTION ( 'NONE',  ( -0.000000000000000000, -1.000000000000000000, -0.000000000000000000 ) ) ;
#3628 = ORIENTED_EDGE ( 'NONE', *, *, #4700, .T. ) ;
#3629 = EDGE_CURVE ( 'NONE', #5032, #4063, #5998, .T. ) ;
#3630 = LINE ( 'NONE', #4677, #2487 ) ;
#3631 = ORIENTED_EDGE ( 'NONE', *, *, #4795, .F. ) ;
#3632 = DIRECTION ( 'NONE',  ( -1.000000000000000000, 0.000000000000000000, -2.572962080709738771E-16 ) ) ;
#3633 = VERTEX_POINT ( 'NONE', #807 ) ;
#3634 = DIRECTION ( 'NONE',  ( -1.000000000000000000, 0.000000000000000000, 1.606225440719265874E-16 ) ) ;
#3635 = CYLINDRICAL_SURFACE ( 'NONE', #2253, 0.07499999999999998335 ) ;
#3636 = LINE ( 'NONE', #440, #1021 ) ;
#3637 = VECTOR ( 'NONE', #1160, 1000.000000000000000 ) ;
#3638 = AXIS2_PLACEMENT_3D ( 'NONE', #3075, #5672, #5578 ) ;
#3639 = EDGE_LOOP ( 'NONE', ( #2653, #6704, #6684, #6579, #353, #7 ) ) ;
#3640 = CARTESIAN_POINT ( 'NONE',  ( -1.234999999999999654, 0.02499999999999999792, 0.7349999999999997646 ) ) ;
#3641 = VECTOR ( 'NONE', #5005, 1000.000000000000000 ) ;
#3642 = CARTESIAN_POINT ( 'NONE',  ( -0.1375000000000000389, 0.02499999999999984873, -0.08250000000000001776 ) ) ;
#3643 = DIRECTION ( 'NONE',  ( 0.000000000000000000, 0.000000000000000000, -1.000000000000000000 ) ) ;
#3644 = VERTEX_POINT ( 'NONE', #2891 ) ;
#3645 = AXIS2_PLACEMENT_3D ( 'NONE', #5649, #5680, #3632 ) ;
#3646 = CARTESIAN_POINT ( 'NONE',  ( 0.9593865445117156776, 0.3499999999999999778, -0.2040443338732235157 ) ) ;
#3647 = VERTEX_POINT ( 'NONE', #2928 ) ;
#3648 = EDGE_CURVE ( 'NONE', #5504, #4609, #1405, .T. ) ;
#3649 = DIRECTION ( 'NONE',  ( 1.000000000000000000, 0.000000000000000000, -0.000000000000000000 ) ) ;
#3650 = CARTESIAN_POINT ( 'NONE',  ( 0.9500000000000001776, 0.02499999999999984873, 0.6599999999999998090 ) ) ;
#3651 = ORIENTED_EDGE ( 'NONE', *, *, #2222, .T. ) ;
#3652 = ADVANCED_FACE ( 'NONE', ( #342 ), #1281, .T. ) ;
#3653 = EDGE_CURVE ( 'NONE', #6034, #2216, #2353, .T. ) ;
#3654 = ORIENTED_EDGE ( 'NONE', *, *, #3846, .F. ) ;
#3655 = DIRECTION ( 'NONE',  ( -0.000000000000000000, 1.000000000000000000, -0.000000000000000000 ) ) ;
#3656 = ORIENTED_EDGE ( 'NONE', *, *, #3730, .T. ) ;
#3657 = ORIENTED_EDGE ( 'NONE', *, *, #6379, .T. ) ;
#3658 = CARTESIAN_POINT ( 'NONE',  ( 0.2038619738783786495, 0.5149999999999999023, 0.4209349320853011389 ) ) ;
#3659 = ORIENTED_EDGE ( 'NONE', *, *, #2208, .F. ) ;
#3660 = VECTOR ( 'NONE', #5944, 1000.000000000000000 ) ;
#3661 = LINE ( 'NONE', #1099, #6216 ) ;
#3662 = VECTOR ( 'NONE', #2954, 1000.000000000000000 ) ;
#3663 = CARTESIAN_POINT ( 'NONE',  ( -0.6750000000000000444, 0.000000000000000000, -0.5299999999999999156 ) ) ;
#3664 = ORIENTED_EDGE ( 'NONE', *, *, #1069, .F. ) ;
#3665 = DIRECTION ( 'NONE',  ( 0.000000000000000000, 1.000000000000000000, 0.000000000000000000 ) ) ;
#3666 = CARTESIAN_POINT ( 'NONE',  ( -0.9999999999999995559, 0.2250000000000000056, -0.7999999999999996003 ) ) ;
#3667 = EDGE_CURVE ( 'NONE', #4296, #2485, #5132, .T. ) ;
#3668 = AXIS2_PLACEMENT_3D ( 'NONE', #3497, #5609, #396 ) ;
#3669 = CARTESIAN_POINT ( 'NONE',  ( 0.7499999999999995559, 0.2250000000000000056, -0.7999999999999997113 ) ) ;
#3670 = CARTESIAN_POINT ( 'NONE',  ( -0.7374999999999998224, 0.02499999999999984873, -0.08250000000000000389 ) ) ;
#3671 = FACE_OUTER_BOUND ( 'NONE', #1703, .T. ) ;
#3672 = EDGE_LOOP ( 'NONE', ( #485, #3489, #4453, #6594 ) ) ;
#3673 = VECTOR ( 'NONE', #4939, 1000.000000000000000 ) ;
#3674 = VERTEX_POINT ( 'NONE', #3605 ) ;
#3675 = CIRCLE ( 'NONE', #2709, 0.04330127018922183546 ) ;
#3676 = ORIENTED_EDGE ( 'NONE', *, *, #3858, .T. ) ;
#3677 = CARTESIAN_POINT ( 'NONE',  ( 0.6624999999999998668, 0.000000000000000000, -0.7849999999999999201 ) ) ;
#3678 = DIRECTION ( 'NONE',  ( -6.195440985631456303E-16, 0.000000000000000000, 1.000000000000000000 ) ) ;
#3679 = CIRCLE ( 'NONE', #5357, 0.1249999999999998890 ) ;
#3680 = CARTESIAN_POINT ( 'NONE',  ( -1.299999999999999378, 0.02500000000000000139, -0.7349999999999997646 ) ) ;
#3681 = ORIENTED_EDGE ( 'NONE', *, *, #1075, .F. ) ;
#3682 = DIRECTION ( 'NONE',  ( 0.000000000000000000, 1.000000000000000000, 0.000000000000000000 ) ) ;
#3683 = VERTEX_POINT ( 'NONE', #941 ) ;
#3684 = VECTOR ( 'NONE', #1272, 1000.000000000000000 ) ;
#3685 = PLANE ( 'NONE',  #261 ) ;
#3686 = LINE ( 'NONE', #2255, #3847 ) ;
#3687 = DIRECTION ( 'NONE',  ( -1.000000000000000000, 0.000000000000000000, -2.562659680420284750E-15 ) ) ;
#3688 = ORIENTED_EDGE ( 'NONE', *, *, #1846, .T. ) ;
#3689 = ORIENTED_EDGE ( 'NONE', *, *, #5918, .F. ) ;
#3690 = CARTESIAN_POINT ( 'NONE',  ( 0.8249999999999999556, 2.489731222669117727, -0.7850000000000000311 ) ) ;
#3691 = ORIENTED_EDGE ( 'NONE', *, *, #4720, .T. ) ;
#3692 = CARTESIAN_POINT ( 'NONE',  ( -1.234999999999999654, 0.2149999999999999967, 0.7349999999999997646 ) ) ;
#3693 = ORIENTED_EDGE ( 'NONE', *, *, #5104, .F. ) ;
#3694 = PLANE ( 'NONE',  #3991 ) ;
#3695 = CARTESIAN_POINT ( 'NONE',  ( -0.8427657606103799992, 0.3250000000000000111, -0.7749999999999996891 ) ) ;
#3696 = EDGE_LOOP ( 'NONE', ( #6385, #4800, #2007, #2951 ) ) ;
#3697 = DIRECTION ( 'NONE',  ( 0.000000000000000000, 0.000000000000000000, -1.000000000000000000 ) ) ;
#3698 = DIRECTION ( 'NONE',  ( -0.000000000000000000, -1.000000000000000000, -0.000000000000000000 ) ) ;
#3699 = CARTESIAN_POINT ( 'NONE',  ( 0.9999999999999995559, 0.2149999999999999967, 0.7999999999999996003 ) ) ;
#3700 = EDGE_CURVE ( 'NONE', #4876, #5706, #3508, .T. ) ;
#3701 = DIRECTION ( 'NONE',  ( -1.000000000000000000, 0.000000000000000000, 0.000000000000000000 ) ) ;
#3702 = DIRECTION ( 'NONE',  ( -2.950209993157834926E-16, 0.000000000000000000, -1.000000000000000000 ) ) ;
#3703 = DIRECTION ( 'NONE',  ( -0.000000000000000000, -1.000000000000000000, -0.000000000000000000 ) ) ;
#3704 = EDGE_CURVE ( 'NONE', #6236, #6490, #3636, .T. ) ;
#3705 = ORIENTED_EDGE ( 'NONE', *, *, #530, .F. ) ;
#3706 = ORIENTED_EDGE ( 'NONE', *, *, #1104, .T. ) ;
#3707 = ORIENTED_EDGE ( 'NONE', *, *, #3810, .F. ) ;
#3708 = CARTESIAN_POINT ( 'NONE',  ( -0.6625000000000000888, 0.02499999999999984873, 0.7849999999999999201 ) ) ;
#3709 = SURFACE_SIDE_STYLE ('',( #4825 ) ) ;
#3710 = DIRECTION ( 'NONE',  ( 1.000000000000000000, 0.000000000000000000, -0.000000000000000000 ) ) ;
#3711 = ORIENTED_EDGE ( 'NONE', *, *, #4252, .F. ) ;
#3712 = CARTESIAN_POINT ( 'NONE',  ( 0.9593865445117160107, 0.3500000000000005329, -0.06241777867044751710 ) ) ;
#3713 = ORIENTED_EDGE ( 'NONE', *, *, #5264, .T. ) ;
#3714 = FILL_AREA_STYLE_COLOUR ( '', #4670 ) ;
#3715 = DIRECTION ( 'NONE',  ( 1.000000000000000000, 0.000000000000000000, 2.562659680420284750E-15 ) ) ;
#3716 = CARTESIAN_POINT ( 'NONE',  ( -1.299999999999999378, 0.02500000000000000139, -0.7349999999999997646 ) ) ;
#3717 = DIRECTION ( 'NONE',  ( -8.340016711426941483E-16, 0.000000000000000000, -1.000000000000000000 ) ) ;
#3718 = VERTEX_POINT ( 'NONE', #470 ) ;
#3719 = VERTEX_POINT ( 'NONE', #6712 ) ;
#3720 = CARTESIAN_POINT ( 'NONE',  ( -1.069999999999999618, 0.3250000000000000111, -0.1913252839170866137 ) ) ;
#3721 = ORIENTED_EDGE ( 'NONE', *, *, #36, .F. ) ;
#3722 = CARTESIAN_POINT ( 'NONE',  ( -0.8427657606103799992, 0.3499999999999999778, -0.7749999999999996891 ) ) ;
#3723 = CARTESIAN_POINT ( 'NONE',  ( -0.7499999999999995559, 0.3250000000000000111, 0.2592837430570318902 ) ) ;
#3724 = CARTESIAN_POINT ( 'NONE',  ( 0.3537307147608607649, 0.3499999999999999778, 0.7303844438303085385 ) ) ;
#3725 = LINE ( 'NONE', #1174, #5457 ) ;
#3726 = DIRECTION ( 'NONE',  ( -1.000000000000000000, 0.000000000000000000, 0.000000000000000000 ) ) ;
#3727 = ORIENTED_EDGE ( 'NONE', *, *, #2100, .F. ) ;
#3728 = PLANE ( 'NONE',  #6171 ) ;
#3729 = CARTESIAN_POINT ( 'NONE',  ( -0.2125000000000000222, 0.000000000000000000, -0.1575000000000000011 ) ) ;
#3730 = EDGE_CURVE ( 'NONE', #890, #6771, #1033, .T. ) ;
#3731 = VECTOR ( 'NONE', #6591, 999.9999999999998863 ) ;
#3732 = CARTESIAN_POINT ( 'NONE',  ( -0.04249999999999988509, 0.000000000000000000, -0.3549999999999997602 ) ) ;
#3733 = CARTESIAN_POINT ( 'NONE',  ( 0.8249999999999999556, 0.000000000000000000, -0.6599999999999998090 ) ) ;
#3734 = FACE_OUTER_BOUND ( 'NONE', #4389, .T. ) ;
#3735 = ORIENTED_EDGE ( 'NONE', *, *, #282, .F. ) ;
#3736 = ADVANCED_FACE ( 'NONE', ( #5717 ), #2625, .T. ) ;
#3737 = ORIENTED_EDGE ( 'NONE', *, *, #3496, .F. ) ;
#3738 = VECTOR ( 'NONE', #1176, 1000.000000000000000 ) ;
#3739 = ORIENTED_EDGE ( 'NONE', *, *, #3308, .T. ) ;
#3740 = DIRECTION ( 'NONE',  ( 0.000000000000000000, 1.000000000000000000, 0.000000000000000000 ) ) ;
#3741 = CIRCLE ( 'NONE', #5740, 0.5000000000000002220 ) ;
#3742 = EDGE_CURVE ( 'NONE', #4777, #4503, #4009, .T. ) ;
#3743 = FACE_OUTER_BOUND ( 'NONE', #6173, .T. ) ;
#3744 = VERTEX_POINT ( 'NONE', #6132 ) ;
#3745 = CARTESIAN_POINT ( 'NONE',  ( 0.3066419522631322891, 0.5149999999999992362, -0.3595483853303097499 ) ) ;
#3746 = VERTEX_POINT ( 'NONE', #4608 ) ;
#3747 = AXIS2_PLACEMENT_3D ( 'NONE', #4508, #6620, #6758 ) ;
#3748 = CARTESIAN_POINT ( 'NONE',  ( -0.5999999999999994227, 2.489731222669117727, -0.3549999999999997602 ) ) ;
#3749 = EDGE_CURVE ( 'NONE', #3005, #5300, #406, .T. ) ;
#3750 = CARTESIAN_POINT ( 'NONE',  ( 1.424999999999999600, 0.02499999999999995628, -0.1999999999999993450 ) ) ;
#3751 = VERTEX_POINT ( 'NONE', #6197 ) ;
#3752 = SURFACE_STYLE_USAGE ( .BOTH. , #1660 ) ;
#3753 = AXIS2_PLACEMENT_3D ( 'NONE', #2551, #3027, #5163 ) ;
#3754 = CIRCLE ( 'NONE', #6300, 0.1250000000000002220 ) ;
#3755 = ORIENTED_EDGE ( 'NONE', *, *, #3434, .F. ) ;
#3756 = CARTESIAN_POINT ( 'NONE',  ( 0.9593865445117155666, 0.3499999999999999778, 0.1247286140794536535 ) ) ;
#3757 = DIRECTION ( 'NONE',  ( 0.000000000000000000, 0.000000000000000000, -1.000000000000000000 ) ) ;
#3758 = ORIENTED_EDGE ( 'NONE', *, *, #5055, .T. ) ;
#3759 = VECTOR ( 'NONE', #6775, 1000.000000000000000 ) ;
#3760 = VECTOR ( 'NONE', #2408, 1000.000000000000000 ) ;
#3761 = CARTESIAN_POINT ( 'NONE',  ( 0.3250000000000000111, 0.02499999999999984873, 0.3549999999999997047 ) ) ;
#3762 = LINE ( 'NONE', #4202, #587 ) ;
#3763 = CARTESIAN_POINT ( 'NONE',  ( -1.064999999999999503, 0.2149999999999999967, -0.5649999999999995026 ) ) ;
#3764 = PRESENTATION_LAYER_ASSIGNMENT (  '', '', ( #716 ) ) ;
#3765 = CARTESIAN_POINT ( 'NONE',  ( 0.9770577591781610671, 0.2250000000000000056, 0.4816767617725544737 ) ) ;
#3766 = LINE ( 'NONE', #4789, #4220 ) ;
#3767 = DIRECTION ( 'NONE',  ( -1.224646799147353207E-16, 0.000000000000000000, 1.000000000000000000 ) ) ;
#3768 = LINE ( 'NONE', #5349, #1338 ) ;
#3769 = LINE ( 'NONE', #5897, #1173 ) ;
#3770 = ORIENTED_EDGE ( 'NONE', *, *, #3568, .T. ) ;
#3771 = AXIS2_PLACEMENT_3D ( 'NONE', #1403, #6265, #6784 ) ;
#3772 = UNCERTAINTY_MEASURE_WITH_UNIT (LENGTH_MEASURE( 1.000000000000000082E-05 ), #3412, 'distance_accuracy_value', 'NONE');
#3773 = PLANE ( 'NONE',  #1929 ) ;
#3774 = EDGE_CURVE ( 'NONE', #1807, #4647, #3574, .T. ) ;
#3775 = LINE ( 'NONE', #671, #1679 ) ;
#3776 = VERTEX_POINT ( 'NONE', #1982 ) ;
#3777 = CIRCLE ( 'NONE', #4555, 0.09999999999999993616 ) ;
#3778 = DIRECTION ( 'NONE',  ( -0.000000000000000000, -1.000000000000000000, -0.000000000000000000 ) ) ;
#3779 = CARTESIAN_POINT ( 'NONE',  ( -0.9593865445117154556, 0.3500000000000004219, 0.06241777867044731587 ) ) ;
#3780 = EDGE_LOOP ( 'NONE', ( #4213, #1439, #49, #2427, #423, #4079, #4585, #419, #1738, #4129, #3974, #5423, #4751, #2933, #3891, #2707 ) ) ;
#3781 = AXIS2_PLACEMENT_3D ( 'NONE', #5186, #490, #3624 ) ;
#3782 = LINE ( 'NONE', #23, #4958 ) ;
#3783 = CARTESIAN_POINT ( 'NONE',  ( -1.299999999999999600, 0.07499999999999998335, 0.1999999999999993450 ) ) ;
#3784 = EDGE_CURVE ( 'NONE', #4501, #1922, #2025, .T. ) ;
#3785 = ORIENTED_EDGE ( 'NONE', *, *, #3993, .F. ) ;
#3786 = FACE_OUTER_BOUND ( 'NONE', #2516, .T. ) ;
#3787 = AXIS2_PLACEMENT_3D ( 'NONE', #3396, #4361, #3804 ) ;
#3788 = VERTEX_POINT ( 'NONE', #3126 ) ;
#3789 = CARTESIAN_POINT ( 'NONE',  ( -0.6625000000000000888, 0.000000000000000000, -0.7849999999999996980 ) ) ;
#3790 = ADVANCED_FACE ( 'NONE', ( #2591 ), #5686, .F. ) ;
#3791 = VERTEX_POINT ( 'NONE', #4143 ) ;
#3792 = VECTOR ( 'NONE', #3290, 1000.000000000000000 ) ;
#3793 = ORIENTED_EDGE ( 'NONE', *, *, #5606, .F. ) ;
#3794 = DIRECTION ( 'NONE',  ( 6.195440985631456303E-16, 0.000000000000000000, -1.000000000000000000 ) ) ;
#3795 = DIRECTION ( 'NONE',  ( -0.5807029557109352202, 0.000000000000000000, -0.8141155183563224540 ) ) ;
#3796 = DIRECTION ( 'NONE',  ( -1.000000000000000000, 0.000000000000000000, 0.000000000000000000 ) ) ;
#3797 = ORIENTED_EDGE ( 'NONE', *, *, #4500, .T. ) ;
#3798 = DIRECTION ( 'NONE',  ( 0.000000000000000000, 0.000000000000000000, -1.000000000000000000 ) ) ;
#3799 = CARTESIAN_POINT ( 'NONE',  ( 5.572142936120457080E-17, 0.5195520701168854227, 0.4550000000000000155 ) ) ;
#3800 = ADVANCED_FACE ( 'NONE', ( #6161 ), #4721, .F. ) ;
#3801 = DIRECTION ( 'NONE',  ( 0.000000000000000000, 1.000000000000000000, 0.000000000000000000 ) ) ;
#3802 = CARTESIAN_POINT ( 'NONE',  ( -1.424999999999999600, 0.02499999999999995628, -0.2749999999999993006 ) ) ;
#3803 = CARTESIAN_POINT ( 'NONE',  ( -0.7374999999999998224, 0.02499999999999984873, 0.08250000000000003164 ) ) ;
#3804 = DIRECTION ( 'NONE',  ( 1.000000000000000000, 0.000000000000000000, 1.858632295689436004E-15 ) ) ;
#3805 = EDGE_CURVE ( 'NONE', #1195, #3007, #3089, .T. ) ;
#3806 = CARTESIAN_POINT ( 'NONE',  ( 0.1175000000000000350, 0.02499999999999984873, -0.4299999999999997713 ) ) ;
#3807 = VERTEX_POINT ( 'NONE', #2063 ) ;
#3808 = ORIENTED_EDGE ( 'NONE', *, *, #6421, .F. ) ;
#3809 = CARTESIAN_POINT ( 'NONE',  ( -0.4588248752848643197, 0.5149999999999999023, 0.09856257781750915603 ) ) ;
#3810 = EDGE_CURVE ( 'NONE', #223, #5535, #5097, .T. ) ;
#3811 = ORIENTED_EDGE ( 'NONE', *, *, #2222, .F. ) ;
#3812 = CARTESIAN_POINT ( 'NONE',  ( 1.157057759178160783, 0.3499999999999999778, -0.5496352209124993893 ) ) ;
#3813 = DIRECTION ( 'NONE',  ( -1.000000000000000000, 0.000000000000000000, 0.000000000000000000 ) ) ;
#3814 = PLANE ( 'NONE',  #6010 ) ;
#3815 = DIRECTION ( 'NONE',  ( -0.000000000000000000, 1.000000000000000000, -0.000000000000000000 ) ) ;
#3816 = ORIENTED_EDGE ( 'NONE', *, *, #6338, .T. ) ;
#3817 = LINE ( 'NONE', #2870, #3660 ) ;
#3818 = VERTEX_POINT ( 'NONE', #5755 ) ;
#3819 = EDGE_CURVE ( 'NONE', #4698, #713, #4578, .T. ) ;
#3820 = VERTEX_POINT ( 'NONE', #4038 ) ;
#3821 = DIRECTION ( 'NONE',  ( 0.000000000000000000, 0.000000000000000000, -1.000000000000000000 ) ) ;
#3822 = CARTESIAN_POINT ( 'NONE',  ( -1.299999999999999378, 0.02499999999999984873, 0.5499999999999997113 ) ) ;
#3823 = ORIENTED_EDGE ( 'NONE', *, *, #2267, .F. ) ;
#3824 = LINE ( 'NONE', #1320, #1329 ) ;
#3825 = FACE_OUTER_BOUND ( 'NONE', #2693, .T. ) ;
#3826 = CARTESIAN_POINT ( 'NONE',  ( 1.299999999999999600, 0.2149999999999999967, 0.4999999999999995559 ) ) ;
#3827 = FACE_OUTER_BOUND ( 'NONE', #595, .T. ) ;
#3828 = DIRECTION ( 'NONE',  ( 6.195440985631456303E-16, 0.000000000000000000, 1.000000000000000000 ) ) ;
#3829 = ORIENTED_EDGE ( 'NONE', *, *, #3313, .F. ) ;
#3830 = EDGE_LOOP ( 'NONE', ( #4144, #898, #6382, #2900 ) ) ;
#3831 = CIRCLE ( 'NONE', #6621, 0.3499999999999999778 ) ;
#3832 = UNCERTAINTY_MEASURE_WITH_UNIT (LENGTH_MEASURE( 1.000000000000000082E-05 ), #2240, 'distance_accuracy_value', 'NONE');
#3833 = DIRECTION ( 'NONE',  ( 1.239088197126289486E-15, -0.000000000000000000, 1.000000000000000000 ) ) ;
#3834 = DIRECTION ( 'NONE',  ( 0.000000000000000000, 0.000000000000000000, -1.000000000000000000 ) ) ;
#3835 = CARTESIAN_POINT ( 'NONE',  ( 1.424999999999999600, 0.07499999999999999722, 0.1999999999999993450 ) ) ;
#3836 = ORIENTED_EDGE ( 'NONE', *, *, #2437, .F. ) ;
#3837 = CARTESIAN_POINT ( 'NONE',  ( -0.2912443665155568517, 0.3499999999999999778, 0.7303844438303084274 ) ) ;
#3838 = ORIENTED_EDGE ( 'NONE', *, *, #4616, .F. ) ;
#3839 = AXIS2_PLACEMENT_3D ( 'NONE', #1072, #3151, #6330 ) ;
#3840 = PLANE ( 'NONE',  #4897 ) ;
#3841 = DIRECTION ( 'NONE',  ( 0.000000000000000000, 0.000000000000000000, 1.000000000000000000 ) ) ;
#3842 = CARTESIAN_POINT ( 'NONE',  ( 0.5913366676085289875, 0.000000000000000000, 0.6147448925490746063 ) ) ;
#3843 = ORIENTED_EDGE ( 'NONE', *, *, #2111, .F. ) ;
#3844 = CIRCLE ( 'NONE', #1442, 0.6056558297508549682 ) ;
#3845 = DIRECTION ( 'NONE',  ( -0.000000000000000000, -0.000000000000000000, -1.000000000000000000 ) ) ;
#3846 = EDGE_CURVE ( 'NONE', #4639, #3746, #1436, .T. ) ;
#3847 = VECTOR ( 'NONE', #6354, 1000.000000000000000 ) ;
#3848 = EDGE_CURVE ( 'NONE', #4810, #5898, #3768, .T. ) ;
#3849 = VECTOR ( 'NONE', #3246, 1000.000000000000114 ) ;
#3850 = ORIENTED_EDGE ( 'NONE', *, *, #615, .F. ) ;
#3851 =( NAMED_UNIT ( * ) PLANE_ANGLE_UNIT ( ) SI_UNIT ( $, .RADIAN. ) );
#3852 = EDGE_CURVE ( 'NONE', #6275, #3577, #5790, .T. ) ;
#3853 = LINE ( 'NONE', #6564, #1324 ) ;
#3854 = VERTEX_POINT ( 'NONE', #639 ) ;
#3855 = DIRECTION ( 'NONE',  ( 0.000000000000000000, 0.000000000000000000, 1.000000000000000000 ) ) ;
#3856 = ORIENTED_EDGE ( 'NONE', *, *, #5010, .T. ) ;
#3857 = FACE_OUTER_BOUND ( 'NONE', #719, .T. ) ;
#3858 = EDGE_CURVE ( 'NONE', #4662, #309, #2728, .T. ) ;
#3859 = CARTESIAN_POINT ( 'NONE',  ( -0.3375000000000001332, 0.000000000000000000, -0.7849999999999998090 ) ) ;
#3860 = DIRECTION ( 'NONE',  ( 0.7071067811865484609, 0.000000000000000000, -0.7071067811865466846 ) ) ;
#3861 = CIRCLE ( 'NONE', #1146, 0.07499999999999998335 ) ;
#3862 = CARTESIAN_POINT ( 'NONE',  ( 0.8427657606103799992, 0.3250000000000000111, -0.8999999999999995781 ) ) ;
#3863 = DIRECTION ( 'NONE',  ( 0.000000000000000000, 1.000000000000000000, 0.000000000000000000 ) ) ;
#3864 = EDGE_CURVE ( 'NONE', #3933, #6376, #5825, .T. ) ;
#3865 = VECTOR ( 'NONE', #2093, 1000.000000000000000 ) ;
#3866 = CYLINDRICAL_SURFACE ( 'NONE', #5869, 0.07499999999999996947 ) ;
#3867 = ORIENTED_EDGE ( 'NONE', *, *, #333, .F. ) ;
#3868 = EDGE_CURVE ( 'NONE', #997, #6107, #1681, .T. ) ;
#3869 = VECTOR ( 'NONE', #3038, 1000.000000000000227 ) ;
#3870 = CARTESIAN_POINT ( 'NONE',  ( 0.04250000000000012101, 0.02499999999999984873, -0.5699999999999998401 ) ) ;
#3871 = FACE_OUTER_BOUND ( 'NONE', #2574, .T. ) ;
#3872 = DIRECTION ( 'NONE',  ( 1.000000000000000000, 0.000000000000000000, -8.778964959396797376E-17 ) ) ;
#3873 = ORIENTED_EDGE ( 'NONE', *, *, #802, .F. ) ;
#3874 = CIRCLE ( 'NONE', #6315, 0.5000000000000000000 ) ;
#3875 = CARTESIAN_POINT ( 'NONE',  ( -0.3066419522631323447, 0.5149999999999994582, 0.3595483853303100275 ) ) ;
#3876 = CARTESIAN_POINT ( 'NONE',  ( -0.3999999999999999667, 2.489731222669117727, -0.4299999999999997158 ) ) ;
#3877 = DIRECTION ( 'NONE',  ( -0.000000000000000000, 1.000000000000000000, 0.000000000000000000 ) ) ;
#3878 = VECTOR ( 'NONE', #347, 1000.000000000000114 ) ;
#3879 = ORIENTED_EDGE ( 'NONE', *, *, #4932, .F. ) ;
#3880 = VERTEX_POINT ( 'NONE', #4887 ) ;
#3881 = CARTESIAN_POINT ( 'NONE',  ( -1.299999999999999600, 0.02499999999999984873, 0.1999999999999996503 ) ) ;
#3882 = AXIS2_PLACEMENT_3D ( 'NONE', #4422, #5480, #6052 ) ;
#3883 = ORIENTED_EDGE ( 'NONE', *, *, #940, .F. ) ;
#3884 = DIRECTION ( 'NONE',  ( -0.000000000000000000, -1.000000000000000000, -0.000000000000000000 ) ) ;
#3885 = AXIS2_PLACEMENT_3D ( 'NONE', #5625, #911, #2995 ) ;
#3886 = VERTEX_POINT ( 'NONE', #4848 ) ;
#3887 = DIRECTION ( 'NONE',  ( -0.000000000000000000, -1.000000000000000000, 0.000000000000000000 ) ) ;
#3888 = VECTOR ( 'NONE', #2517, 1000.000000000000000 ) ;
#3889 = ORIENTED_EDGE ( 'NONE', *, *, #1761, .T. ) ;
#3890 = DIRECTION ( 'NONE',  ( -0.000000000000000000, -1.000000000000000000, 0.000000000000000000 ) ) ;
#3891 = ORIENTED_EDGE ( 'NONE', *, *, #2706, .F. ) ;
#3892 = FACE_OUTER_BOUND ( 'NONE', #5154, .T. ) ;
#3893 = CYLINDRICAL_SURFACE ( 'NONE', #5206, 0.06499999999999994671 ) ;
#3894 = ADVANCED_FACE ( 'NONE', ( #3734 ), #1612, .T. ) ;
#3895 = CIRCLE ( 'NONE', #4226, 0.04999999999999991257 ) ;
#3896 = CARTESIAN_POINT ( 'NONE',  ( -1.234999999999998321, 0.02500000000000000139, 0.1999999999999997613 ) ) ;
#3897 = DIRECTION ( 'NONE',  ( -0.000000000000000000, -1.000000000000000000, -0.000000000000000000 ) ) ;
#3898 = PLANE ( 'NONE',  #407 ) ;
#3899 = DIRECTION ( 'NONE',  ( -1.000000000000000000, 0.000000000000000000, 0.000000000000000000 ) ) ;
#3900 = CARTESIAN_POINT ( 'NONE',  ( 1.069999999999999840, 1.661001497005149652, 0.1913252839170866415 ) ) ;
#3901 = ORIENTED_EDGE ( 'NONE', *, *, #329, .F. ) ;
#3902 = DIRECTION ( 'NONE',  ( 0.000000000000000000, 0.000000000000000000, 1.000000000000000000 ) ) ;
#3903 = EDGE_CURVE ( 'NONE', #5827, #2763, #667, .T. ) ;
#3904 = DIRECTION ( 'NONE',  ( 0.000000000000000000, 0.000000000000000000, -1.000000000000000000 ) ) ;
#3905 = LINE ( 'NONE', #3439, #1141 ) ;
#3906 = ORIENTED_EDGE ( 'NONE', *, *, #240, .T. ) ;
#3907 =( LENGTH_UNIT ( ) NAMED_UNIT ( * ) SI_UNIT ( .MILLI., .METRE. ) );
#3908 = LINE ( 'NONE', #313, #3995 ) ;
#3909 = DIRECTION ( 'NONE',  ( 0.000000000000000000, 0.000000000000000000, 1.000000000000000000 ) ) ;
#3910 = ADVANCED_FACE ( 'NONE', ( #2200 ), #1107, .T. ) ;
#3911 = ORIENTED_EDGE ( 'NONE', *, *, #3363, .F. ) ;
#3912 = FACE_OUTER_BOUND ( 'NONE', #2374, .T. ) ;
#3913 = ORIENTED_EDGE ( 'NONE', *, *, #33, .T. ) ;
#3914 = CARTESIAN_POINT ( 'NONE',  ( -0.8249999999999999556, 0.02499999999999984873, -0.6599999999999998090 ) ) ;
#3915 = ORIENTED_EDGE ( 'NONE', *, *, #3648, .F. ) ;
#3916 = CARTESIAN_POINT ( 'NONE',  ( -0.9500000000000003997, 2.489731222669117727, 0.6599999999999998090 ) ) ;
#3917 = DIRECTION ( 'NONE',  ( -1.000000000000000000, 0.000000000000000000, 1.858632295689436004E-15 ) ) ;
#3918 = ORIENTED_EDGE ( 'NONE', *, *, #2786, .F. ) ;
#3919 = LINE ( 'NONE', #2303, #2871 ) ;
#3920 = ORIENTED_EDGE ( 'NONE', *, *, #154, .T. ) ;
#3921 = FACE_OUTER_BOUND ( 'NONE', #3540, .T. ) ;
#3922 = DIRECTION ( 'NONE',  ( 0.000000000000000000, 1.000000000000000000, 0.000000000000000000 ) ) ;
#3923 = ORIENTED_EDGE ( 'NONE', *, *, #4730, .F. ) ;
#3924 = DIRECTION ( 'NONE',  ( -0.5807029557109358864, 0.000000000000000000, 0.8141155183563220099 ) ) ;
#3925 = LINE ( 'NONE', #3328, #5772 ) ;
#3926 = CARTESIAN_POINT ( 'NONE',  ( -0.6625000000000000888, 0.02499999999999984873, -0.7849999999999996980 ) ) ;
#3927 = FACE_OUTER_BOUND ( 'NONE', #2750, .T. ) ;
#3928 = CARTESIAN_POINT ( 'NONE',  ( 0.04250000000000039163, 2.489731222669117727, 0.5699999999999998401 ) ) ;
#3929 = CARTESIAN_POINT ( 'NONE',  ( 0.3249999999999999001, 0.02499999999999984873, -0.3549999999999997047 ) ) ;
#3930 = ORIENTED_EDGE ( 'NONE', *, *, #5313, .F. ) ;
#3931 = DIRECTION ( 'NONE',  ( 0.000000000000000000, 1.000000000000000000, 0.000000000000000000 ) ) ;
#3932 = DIRECTION ( 'NONE',  ( -0.000000000000000000, -1.000000000000000000, 0.000000000000000000 ) ) ;
#3933 = VERTEX_POINT ( 'NONE', #161 ) ;
#3934 = EDGE_CURVE ( 'NONE', #2615, #99, #2098, .T. ) ;
#3935 = LINE ( 'NONE', #5458, #6517 ) ;
#3936 = ADVANCED_FACE ( 'NONE', ( #1147 ), #4250, .T. ) ;
#3937 = ORIENTED_EDGE ( 'NONE', *, *, #6545, .F. ) ;
#3938 = AXIS2_PLACEMENT_3D ( 'NONE', #4281, #5896, #4172 ) ;
#3939 = ORIENTED_EDGE ( 'NONE', *, *, #1081, .T. ) ;
#3940 = APPLICATION_PROTOCOL_DEFINITION ( 'draft international standard', 'automotive_design', 1998, #2300 ) ;
#3941 = LINE ( 'NONE', #3482, #3878 ) ;
#3942 = DIRECTION ( 'NONE',  ( 0.000000000000000000, 0.000000000000000000, 1.000000000000000000 ) ) ;
#3943 = VECTOR ( 'NONE', #6143, 1000.000000000000000 ) ;
#3944 = LINE ( 'NONE', #276, #482 ) ;
#3945 = ADVANCED_FACE ( 'NONE', ( #3671 ), #3189, .F. ) ;
#3946 = DIRECTION ( 'NONE',  ( 0.000000000000000000, -0.000000000000000000, 1.000000000000000000 ) ) ;
#3947 = ORIENTED_EDGE ( 'NONE', *, *, #3130, .T. ) ;
#3948 = CARTESIAN_POINT ( 'NONE',  ( -1.424999999999999600, 0.07499999999999999722, -0.1999999999999993450 ) ) ;
#3949 = VECTOR ( 'NONE', #2684, 1000.000000000000000 ) ;
#3950 = EDGE_CURVE ( 'NONE', #5171, #5903, #6499, .T. ) ;
#3951 = ORIENTED_EDGE ( 'NONE', *, *, #1519, .T. ) ;
#3952 = LINE ( 'NONE', #4347, #3118 ) ;
#3953 = CARTESIAN_POINT ( 'NONE',  ( 0.3374999999999999112, 0.000000000000000000, -0.7850000000000000311 ) ) ;
#3954 = VECTOR ( 'NONE', #2996, 1000.000000000000000 ) ;
#3955 = ORIENTED_EDGE ( 'NONE', *, *, #5681, .T. ) ;
#3956 = CIRCLE ( 'NONE', #3091, 0.04999999999999991257 ) ;
#3957 = VERTEX_POINT ( 'NONE', #3803 ) ;
#3958 = LINE ( 'NONE', #6146, #801 ) ;
#3959 = ORIENTED_EDGE ( 'NONE', *, *, #5440, .T. ) ;
#3960 = FACE_OUTER_BOUND ( 'NONE', #2893, .T. ) ;
#3961 = CARTESIAN_POINT ( 'NONE',  ( -4.336808689942017736E-16, 0.2249999999999999500, 0.7999999999999997113 ) ) ;
#3962 = CIRCLE ( 'NONE', #4640, 0.02000000000000010797 ) ;
#3963 = DIRECTION ( 'NONE',  ( 0.000000000000000000, 0.000000000000000000, -1.000000000000000000 ) ) ;
#3964 = CARTESIAN_POINT ( 'NONE',  ( -0.6750000000000000444, 0.000000000000000000, 0.5299999999999999156 ) ) ;
#3965 = CARTESIAN_POINT ( 'NONE',  ( 1.299999999999999600, 0.2149999999999999967, -0.4999999999999995559 ) ) ;
#3966 = VECTOR ( 'NONE', #4688, 999.9999999999998863 ) ;
#3967 = VECTOR ( 'NONE', #6153, 1000.000000000000000 ) ;
#3968 = AXIS2_PLACEMENT_3D ( 'NONE', #1535, #3600, #1042 ) ;
#3969 = CARTESIAN_POINT ( 'NONE',  ( -0.3250000000000000111, 0.000000000000000000, 0.5299999999999999156 ) ) ;
#3970 = ORIENTED_EDGE ( 'NONE', *, *, #2540, .T. ) ;
#3971 = CARTESIAN_POINT ( 'NONE',  ( 0.5500000000000029310, 1.326135777277262395, -0.8499999999999998668 ) ) ;
#3972 = AXIS2_PLACEMENT_3D ( 'NONE', #117, #1639, #1710 ) ;
#3973 = FACE_OUTER_BOUND ( 'NONE', #3590, .T. ) ;
#3974 = ORIENTED_EDGE ( 'NONE', *, *, #125, .T. ) ;
#3975 = LINE ( 'NONE', #2454, #2112 ) ;
#3976 = ORIENTED_EDGE ( 'NONE', *, *, #3545, .T. ) ;
#3977 = CIRCLE ( 'NONE', #1572, 0.07499999999999992784 ) ;
#3978 = EDGE_CURVE ( 'NONE', #2892, #3082, #2692, .T. ) ;
#3979 = DIRECTION ( 'NONE',  ( -0.000000000000000000, -1.000000000000000000, -0.000000000000000000 ) ) ;
#3980 = LINE ( 'NONE', #6520, #4407 ) ;
#3981 = MECHANICAL_DESIGN_GEOMETRIC_PRESENTATION_REPRESENTATION (  '', ( #6437 ), #5562 ) ;
#3982 = DIRECTION ( 'NONE',  ( 0.000000000000000000, 0.000000000000000000, -1.000000000000000000 ) ) ;
#3983 = EDGE_LOOP ( 'NONE', ( #3310, #6002, #1685, #4559, #612, #1952, #2514, #2967, #5973, #262, #1357, #4364, #1189, #963, #6358, #3959, #2299, #4381, #5121, #1827, #135, #4283, #4138, #5770, #5178, #4232, #1754, #6531, #1166, #6011, #605, #2268, #6435, #1976, #6302, #1615, #1833, #3676, #1496, #1646, #5612, #2057, #104, #1318 ) ) ;
#3984 = CARTESIAN_POINT ( 'NONE',  ( 1.424999999999999600, -0.4699747468305839893, -0.2749999999999993006 ) ) ;
#3985 = ADVANCED_FACE ( 'NONE', ( #5307 ), #1209, .T. ) ;
#3986 = EDGE_CURVE ( 'NONE', #6221, #130, #1078, .T. ) ;
#3987 = VERTEX_POINT ( 'NONE', #6373 ) ;
#3988 = DIRECTION ( 'NONE',  ( -0.000000000000000000, -1.000000000000000000, -0.000000000000000000 ) ) ;
#3989 = CARTESIAN_POINT ( 'NONE',  ( 0.000000000000000000, 0.5350000000000000311, 0.4677028131658454990 ) ) ;
#3990 = CIRCLE ( 'NONE', #6051, 0.04330127018922183546 ) ;
#3991 = AXIS2_PLACEMENT_3D ( 'NONE', #1530, #2051, #6365 ) ;
#3992 = VERTEX_POINT ( 'NONE', #4212 ) ;
#3993 = EDGE_CURVE ( 'NONE', #1470, #3300, #5856, .T. ) ;
#3994 = DIRECTION ( 'NONE',  ( 0.000000000000000000, 0.000000000000000000, -1.000000000000000000 ) ) ;
#3995 = VECTOR ( 'NONE', #1895, 1000.000000000000000 ) ;
#3996 = CARTESIAN_POINT ( 'NONE',  ( 0.1084093427411661620, 0.5149999999999999023, -0.4591564742960396739 ) ) ;
#3997 = VECTOR ( 'NONE', #3476, 1000.000000000000000 ) ;
#3998 = DIRECTION ( 'NONE',  ( -1.000000000000000000, 0.000000000000000000, 0.000000000000000000 ) ) ;
#3999 = CARTESIAN_POINT ( 'NONE',  ( 1.149999999999999467, 0.07499999999999999722, 0.5499999999999999334 ) ) ;
#4000 = EDGE_CURVE ( 'NONE', #5959, #1720, #6090, .T. ) ;
#4001 = VERTEX_POINT ( 'NONE', #3362 ) ;
#4002 = EDGE_LOOP ( 'NONE', ( #5108, #570, #441, #5370 ) ) ;
#4003 = CARTESIAN_POINT ( 'NONE',  ( 0.04250000000000012101, 2.489731222669117727, -0.5699999999999998401 ) ) ;
#4004 = AXIS2_PLACEMENT_3D ( 'NONE', #4920, #1713, #3924 ) ;
#4005 = ORIENTED_EDGE ( 'NONE', *, *, #5371, .T. ) ;
#4006 = FACE_OUTER_BOUND ( 'NONE', #5799, .T. ) ;
#4007 = CARTESIAN_POINT ( 'NONE',  ( -0.8427657606103799992, 0.3250000000000000111, -0.8999999999999995781 ) ) ;
#4008 = ORIENTED_EDGE ( 'NONE', *, *, #1418, .T. ) ;
#4009 = LINE ( 'NONE', #1048, #165 ) ;
#4010 = ORIENTED_EDGE ( 'NONE', *, *, #3272, .T. ) ;
#4011 = EDGE_LOOP ( 'NONE', ( #5066, #3856, #1221, #1057 ) ) ;
#4012 = CARTESIAN_POINT ( 'NONE',  ( 1.234999999999999654, 0.02499999999999999792, -0.7349999999999997646 ) ) ;
#4013 = CYLINDRICAL_SURFACE ( 'NONE', #2033, 0.07499999999999998335 ) ;
#4014 = DIRECTION ( 'NONE',  ( -6.672013369141561272E-16, 0.000000000000000000, 1.000000000000000000 ) ) ;
#4015 = EDGE_CURVE ( 'NONE', #5791, #1630, #260, .T. ) ;
#4016 = CARTESIAN_POINT ( 'NONE',  ( -1.299999999999999378, 0.07499999999999998335, 0.7349999999999997646 ) ) ;
#4017 = VERTEX_POINT ( 'NONE', #6541 ) ;
#4018 = CARTESIAN_POINT ( 'NONE',  ( -1.157057759178160783, 0.3250000000000000111, -0.5496352209124993893 ) ) ;
#4019 = VERTEX_POINT ( 'NONE', #798 ) ;
#4020 = DIRECTION ( 'NONE',  ( -0.000000000000000000, -1.000000000000000000, -0.000000000000000000 ) ) ;
#4021 = VERTEX_POINT ( 'NONE', #3965 ) ;
#4022 = ADVANCED_FACE ( 'NONE', ( #4489 ), #2887, .T. ) ;
#4023 = EDGE_LOOP ( 'NONE', ( #5593, #3705, #5614, #828 ) ) ;
#4024 = PLANE ( 'NONE',  #4289 ) ;
#4025 = ORIENTED_EDGE ( 'NONE', *, *, #1949, .T. ) ;
#4026 = CARTESIAN_POINT ( 'NONE',  ( 0.2912443665155567962, 0.3499999999999999778, -0.7303844438303085385 ) ) ;
#4027 = LINE ( 'NONE', #6150, #4447 ) ;
#4028 = EDGE_CURVE ( 'NONE', #2678, #4727, #2829, .T. ) ;
#4029 = FACE_OUTER_BOUND ( 'NONE', #3148, .T. ) ;
#4030 = CARTESIAN_POINT ( 'NONE',  ( 1.234999999999999654, 0.05000000000000000278, -0.7349999999999997646 ) ) ;
#4031 = EDGE_LOOP ( 'NONE', ( #5701, #6076, #6782, #5671 ) ) ;
#4032 = PLANE ( 'NONE',  #69 ) ;
#4033 = ORIENTED_EDGE ( 'NONE', *, *, #2780, .T. ) ;
#4034 = DIRECTION ( 'NONE',  ( -0.000000000000000000, -1.000000000000000000, -0.000000000000000000 ) ) ;
#4035 = EDGE_CURVE ( 'NONE', #6700, #4938, #4988, .T. ) ;
#4036 = DIRECTION ( 'NONE',  ( 0.000000000000000000, 0.000000000000000000, 1.000000000000000000 ) ) ;
#4037 = CARTESIAN_POINT ( 'NONE',  ( -1.234999999999999654, 1.851433752247375164, 0.7999999999999998224 ) ) ;
#4038 = CARTESIAN_POINT ( 'NONE',  ( -1.299999999999999600, 0.02500000000000000139, 0.7349999999999997646 ) ) ;
#4039 = ORIENTED_EDGE ( 'NONE', *, *, #998, .F. ) ;
#4040 = APPLICATION_PROTOCOL_DEFINITION ( 'draft international standard', 'automotive_design', 1998, #555 ) ;
#4041 = LINE ( 'NONE', #2960, #5353 ) ;
#4042 = CARTESIAN_POINT ( 'NONE',  ( 0.6624999999999998668, 2.489731222669117727, -0.7849999999999999201 ) ) ;
#4043 = EDGE_CURVE ( 'NONE', #310, #3494, #5723, .T. ) ;
#4044 = VECTOR ( 'NONE', #1364, 1000.000000000000000 ) ;
#4045 = DIRECTION ( 'NONE',  ( 1.000000000000000000, 0.000000000000000000, 2.950209993157834926E-16 ) ) ;
#4046 = ORIENTED_EDGE ( 'NONE', *, *, #2307, .T. ) ;
#4047 = CARTESIAN_POINT ( 'NONE',  ( -1.499999999999999556, 0.02499999999999995628, 0.5499999999999992673 ) ) ;
#4048 = ORIENTED_EDGE ( 'NONE', *, *, #2029, .F. ) ;
#4049 = FACE_OUTER_BOUND ( 'NONE', #3332, .T. ) ;
#4050 = ORIENTED_EDGE ( 'NONE', *, *, #3256, .T. ) ;
#4051 = CARTESIAN_POINT ( 'NONE',  ( -0.04249999999999994060, 2.489731222669117727, -0.5699999999999998401 ) ) ;
#4052 = EDGE_LOOP ( 'NONE', ( #6016, #539, #1353, #525 ) ) ;
#4053 = DIRECTION ( 'NONE',  ( 0.000000000000000000, -1.000000000000000000, 0.000000000000000000 ) ) ;
#4054 = VECTOR ( 'NONE', #5981, 1000.000000000000000 ) ;
#4055 = ORIENTED_EDGE ( 'NONE', *, *, #3462, .T. ) ;
#4056 = CARTESIAN_POINT ( 'NONE',  ( -0.9593865445117153445, 0.3499999999999999223, 0.1039760693198449742 ) ) ;
#4057 = CARTESIAN_POINT ( 'NONE',  ( -0.3999999999999999667, 2.489731222669117727, 0.3549999999999997602 ) ) ;
#4058 = EDGE_CURVE ( 'NONE', #5940, #2939, #1819, .T. ) ;
#4059 = EDGE_CURVE ( 'NONE', #3129, #1470, #296, .T. ) ;
#4060 = VECTOR ( 'NONE', #1709, 1000.000000000000000 ) ;
#4061 = DIRECTION ( 'NONE',  ( 0.000000000000000000, 1.000000000000000000, 0.000000000000000000 ) ) ;
#4062 = DIRECTION ( 'NONE',  ( 0.000000000000000000, -1.000000000000000000, 0.000000000000000000 ) ) ;
#4063 = VERTEX_POINT ( 'NONE', #6599 ) ;
#4064 =( NAMED_UNIT ( * ) PLANE_ANGLE_UNIT ( ) SI_UNIT ( $, .RADIAN. ) );
#4065 = ORIENTED_EDGE ( 'NONE', *, *, #2186, .F. ) ;
#4066 = DIRECTION ( 'NONE',  ( -1.239088197126289486E-15, 0.000000000000000000, 1.000000000000000000 ) ) ;
#4067 = AXIS2_PLACEMENT_3D ( 'NONE', #1628, #6279, #4192 ) ;
#4068 = VECTOR ( 'NONE', #6313, 1000.000000000000000 ) ;
#4069 = VERTEX_POINT ( 'NONE', #201 ) ;
#4070 = VECTOR ( 'NONE', #4705, 1000.000000000000000 ) ;
#4071 = EDGE_CURVE ( 'NONE', #2335, #4296, #6573, .T. ) ;
#4072 = FACE_OUTER_BOUND ( 'NONE', #2415, .T. ) ;
#4073 = CARTESIAN_POINT ( 'NONE',  ( 0.5913366676085289875, 0.02499999999999984873, 0.6147448925490746063 ) ) ;
#4074 = FILL_AREA_STYLE ('',( #2191 ) ) ;
#4075 = CIRCLE ( 'NONE', #1996, 0.04999999999999991257 ) ;
#4076 = VECTOR ( 'NONE', #5222, 1000.000000000000000 ) ;
#4077 = DIRECTION ( 'NONE',  ( -1.084202172485504631E-15, 0.000000000000000000, 1.000000000000000000 ) ) ;
#4078 = ORIENTED_EDGE ( 'NONE', *, *, #4080, .T. ) ;
#4079 = ORIENTED_EDGE ( 'NONE', *, *, #1721, .F. ) ;
#4080 = EDGE_CURVE ( 'NONE', #809, #5051, #3831, .T. ) ;
#4081 = EDGE_LOOP ( 'NONE', ( #4248, #5220, #6611, #1970 ) ) ;
#4082 = AXIS2_PLACEMENT_3D ( 'NONE', #3096, #4697, #5210 ) ;
#4083 = LINE ( 'NONE', #6755, #5460 ) ;
#4084 = LINE ( 'NONE', #981, #1881 ) ;
#4085 = AXIS2_PLACEMENT_3D ( 'NONE', #4918, #1844, #5444 ) ;
#4086 = FACE_OUTER_BOUND ( 'NONE', #1911, .T. ) ;
#4087 = ORIENTED_EDGE ( 'NONE', *, *, #1472, .T. ) ;
#4088 = CARTESIAN_POINT ( 'NONE',  ( 1.157057759178160783, 0.3499999999999999778, 0.5496352209124993893 ) ) ;
#4089 = AXIS2_PLACEMENT_3D ( 'NONE', #2925, #1332, #3904 ) ;
#4090 = AXIS2_PLACEMENT_3D ( 'NONE', #2603, #3682, #1056 ) ;
#4091 = CARTESIAN_POINT ( 'NONE',  ( 0.1175000000000002848, 0.02499999999999984873, 0.4949999999999997735 ) ) ;
#4092 = ORIENTED_EDGE ( 'NONE', *, *, #802, .T. ) ;
#4093 = DIRECTION ( 'NONE',  ( 6.672013369141570147E-16, -0.000000000000000000, 1.000000000000000000 ) ) ;
#4094 = ORIENTED_EDGE ( 'NONE', *, *, #1423, .T. ) ;
#4095 = PLANE ( 'NONE',  #4630 ) ;
#4096 = CARTESIAN_POINT ( 'NONE',  ( -0.2402395371030256188, 0.5149999999999999023, -0.4033170028571939070 ) ) ;
#4097 = VECTOR ( 'NONE', #5883, 1000.000000000000000 ) ;
#4098 = ORIENTED_EDGE ( 'NONE', *, *, #2588, .T. ) ;
#4099 = ADVANCED_FACE ( 'NONE', ( #2918 ), #3391, .T. ) ;
#4100 = CARTESIAN_POINT ( 'NONE',  ( 1.299999999999999600, 0.07499999999999998335, -0.1999999999999993450 ) ) ;
#4101 = AXIS2_PLACEMENT_3D ( 'NONE', #1683, #5309, #6343 ) ;
#4102 = CARTESIAN_POINT ( 'NONE',  ( -0.9770577591781610671, 0.2250000000000000056, -0.4816767617725544737 ) ) ;
#4103 = VERTEX_POINT ( 'NONE', #5585 ) ;
#4104 = FACE_OUTER_BOUND ( 'NONE', #5091, .T. ) ;
#4105 = ORIENTED_EDGE ( 'NONE', *, *, #2248, .T. ) ;
#4106 = DIRECTION ( 'NONE',  ( 0.000000000000000000, -1.000000000000000000, 0.000000000000000000 ) ) ;
#4107 = EDGE_CURVE ( 'NONE', #2512, #3395, #870, .T. ) ;
#4108 = ORIENTED_EDGE ( 'NONE', *, *, #2029, .T. ) ;
#4109 = DIRECTION ( 'NONE',  ( -1.000000000000000000, 0.000000000000000000, 0.000000000000000000 ) ) ;
#4110 = LINE ( 'NONE', #4037, #6433 ) ;
#4111 = SURFACE_STYLE_FILL_AREA ( #2024 ) ;
#4112 = CARTESIAN_POINT ( 'NONE',  ( -0.3374999999999986899, 2.489731222669117727, 0.7849999999999999201 ) ) ;
#4113 = VECTOR ( 'NONE', #1277, 1000.000000000000000 ) ;
#4114 = ORIENTED_EDGE ( 'NONE', *, *, #2786, .T. ) ;
#4115 = EDGE_CURVE ( 'NONE', #4103, #29, #5023, .T. ) ;
#4116 = VECTOR ( 'NONE', #1571, 1000.000000000000000 ) ;
#4117 = CARTESIAN_POINT ( 'NONE',  ( -1.299999999999999600, 0.2149999999999999967, -0.4999999999999995559 ) ) ;
#4118 = CARTESIAN_POINT ( 'NONE',  ( -0.3374999999999986899, 2.489731222669117727, 0.7849999999999999201 ) ) ;
#4119 = DIRECTION ( 'NONE',  ( -1.000000000000000000, 0.000000000000000000, 0.000000000000000000 ) ) ;
#4120 = CARTESIAN_POINT ( 'NONE',  ( 0.1175000000000002848, 0.02499999999999984873, 0.4949999999999997735 ) ) ;
#4121 = ORIENTED_EDGE ( 'NONE', *, *, #5486, .F. ) ;
#4122 = CARTESIAN_POINT ( 'NONE',  ( 4.065758146820641628E-17, 0.5149999999999997913, -0.4719932064211324052 ) ) ;
#4123 = EDGE_CURVE ( 'NONE', #5171, #5450, #1849, .T. ) ;
#4124 = DIRECTION ( 'NONE',  ( 0.000000000000000000, 1.000000000000000000, -0.000000000000000000 ) ) ;
#4125 = CYLINDRICAL_SURFACE ( 'NONE', #6440, 0.06499999999999994671 ) ;
#4126 = FACE_OUTER_BOUND ( 'NONE', #57, .T. ) ;
#4127 = ORIENTED_EDGE ( 'NONE', *, *, #1214, .F. ) ;
#4128 = DIRECTION ( 'NONE',  ( 0.000000000000000000, 0.000000000000000000, 1.000000000000000000 ) ) ;
#4129 = ORIENTED_EDGE ( 'NONE', *, *, #6278, .T. ) ;
#4130 = CARTESIAN_POINT ( 'NONE',  ( 0.1738536163239005894, 0.5149999999999999023, -0.4354682067959151914 ) ) ;
#4131 = VERTEX_POINT ( 'NONE', #3926 ) ;
#4132 = ADVANCED_BREP_SHAPE_REPRESENTATION ( 'EVP-BB1AAB000', ( #224, #114, #151, #51, #2457, #2278, #79, #2342, #4667, #4991 ), #2796 ) ;
#4133 = CARTESIAN_POINT ( 'NONE',  ( 1.499999999999999778, -0.4699747468305839893, -0.3499999999999993117 ) ) ;
#4134 = LINE ( 'NONE', #6674, #3759 ) ;
#4135 = EDGE_CURVE ( 'NONE', #309, #365, #6053, .T. ) ;
#4136 = EDGE_LOOP ( 'NONE', ( #4359, #1767 ) ) ;
#4137 = LINE ( 'NONE', #2442, #2379 ) ;
#4138 = ORIENTED_EDGE ( 'NONE', *, *, #15, .T. ) ;
#4139 = LINE ( 'NONE', #5089, #1894 ) ;
#4140 = ORIENTED_EDGE ( 'NONE', *, *, #1528, .T. ) ;
#4141 = LINE ( 'NONE', #1677, #6449 ) ;
#4142 = DIRECTION ( 'NONE',  ( 0.000000000000000000, 1.000000000000000000, 0.000000000000000000 ) ) ;
#4143 = CARTESIAN_POINT ( 'NONE',  ( 1.234999999999999654, 0.2149999999999999967, 0.7999999999999997113 ) ) ;
#4144 = ORIENTED_EDGE ( 'NONE', *, *, #4059, .F. ) ;
#4145 = DIRECTION ( 'NONE',  ( 0.000000000000000000, 1.000000000000000000, 0.000000000000000000 ) ) ;
#4146 = EDGE_CURVE ( 'NONE', #2372, #2265, #2311, .T. ) ;
#4147 = FACE_OUTER_BOUND ( 'NONE', #1874, .T. ) ;
#4148 = DIRECTION ( 'NONE',  ( 0.000000000000000000, 1.000000000000000000, 0.000000000000000000 ) ) ;
#4149 = ORIENTED_EDGE ( 'NONE', *, *, #752, .F. ) ;
#4150 = CARTESIAN_POINT ( 'NONE',  ( -0.5844463605362097969, 0.3499999999999996447, -0.7015244245103351428 ) ) ;
#4151 = ORIENTED_EDGE ( 'NONE', *, *, #1730, .F. ) ;
#4152 = CARTESIAN_POINT ( 'NONE',  ( 0.3249999999999999001, 2.489731222669117727, -0.3549999999999997047 ) ) ;
#4153 = ADVANCED_FACE ( 'NONE', ( #1782 ), #3866, .F. ) ;
#4154 = EDGE_CURVE ( 'NONE', #2372, #2296, #4134, .T. ) ;
#4155 = CARTESIAN_POINT ( 'NONE',  ( 1.234999999999999654, 0.2149999999999999967, -0.7999999999999997113 ) ) ;
#4156 = ORIENTED_EDGE ( 'NONE', *, *, #5167, .T. ) ;
#4157 = LINE ( 'NONE', #2677, #2219 ) ;
#4158 = ORIENTED_EDGE ( 'NONE', *, *, #975, .F. ) ;
#4159 = CARTESIAN_POINT ( 'NONE',  ( 4.065758146820641628E-16, 0.5149999999999985700, 0.4719932064211317946 ) ) ;
#4160 = FACE_OUTER_BOUND ( 'NONE', #6217, .T. ) ;
#4161 = EDGE_CURVE ( 'NONE', #4704, #316, #1463, .T. ) ;
#4162 = ORIENTED_EDGE ( 'NONE', *, *, #4904, .F. ) ;
#4163 = CARTESIAN_POINT ( 'NONE',  ( -1.234999999999999654, 1.851433752247375164, -0.7349999999999997646 ) ) ;
#4164 = ADVANCED_FACE ( 'NONE', ( #4525 ), #1950, .F. ) ;
#4165 = CARTESIAN_POINT ( 'NONE',  ( -1.234999999999999654, 2.032879073410320814E-17, -0.7349999999999997646 ) ) ;
#4166 = ORIENTED_EDGE ( 'NONE', *, *, #5589, .F. ) ;
#4167 = CARTESIAN_POINT ( 'NONE',  ( 0.6625000000000005329, 2.489731222669117727, 0.7849999999999998090 ) ) ;
#4168 = CARTESIAN_POINT ( 'NONE',  ( -0.7499999999999995559, 0.3250000000000000111, -0.7999999999999997113 ) ) ;
#4169 = AXIS2_PLACEMENT_3D ( 'NONE', #1773, #1841, #3283 ) ;
#4170 = DIRECTION ( 'NONE',  ( 1.000000000000000000, 0.000000000000000000, 8.778964959396797376E-17 ) ) ;
#4171 = DIRECTION ( 'NONE',  ( -0.000000000000000000, 1.000000000000000000, -0.000000000000000000 ) ) ;
#4172 = DIRECTION ( 'NONE',  ( 0.000000000000000000, 0.000000000000000000, -1.000000000000000000 ) ) ;
#4173 = VECTOR ( 'NONE', #520, 1000.000000000000000 ) ;
#4174 = VECTOR ( 'NONE', #2069, 999.9999999999998863 ) ;
#4175 = VECTOR ( 'NONE', #5842, 1000.000000000000000 ) ;
#4176 = EDGE_LOOP ( 'NONE', ( #458, #3461, #5640, #170 ) ) ;
#4177 = LINE ( 'NONE', #6305, #3576 ) ;
#4178 = AXIS2_PLACEMENT_3D ( 'NONE', #5798, #2631, #3710 ) ;
#4179 = ADVANCED_FACE ( 'NONE', ( #1915 ), #5124, .T. ) ;
#4180 = CYLINDRICAL_SURFACE ( 'NONE', #4652, 0.1000000000000001582 ) ;
#4181 = LINE ( 'NONE', #1117, #1142 ) ;
#4182 = ORIENTED_EDGE ( 'NONE', *, *, #1511, .F. ) ;
#4183 = EDGE_CURVE ( 'NONE', #5300, #223, #3016, .T. ) ;
#4184 = VECTOR ( 'NONE', #3134, 1000.000000000000227 ) ;
#4185 = CARTESIAN_POINT ( 'NONE',  ( -0.1720104733052811863, 0.3500000000000000333, -0.7303844438303086495 ) ) ;
#4186 = CARTESIAN_POINT ( 'NONE',  ( -0.9500000000000001776, 2.489731222669117727, -0.6599999999999998090 ) ) ;
#4187 = ORIENTED_EDGE ( 'NONE', *, *, #3585, .T. ) ;
#4188 = CARTESIAN_POINT ( 'NONE',  ( -0.2038647517186450986, 0.5149999999999999023, -0.4209406645152945492 ) ) ;
#4189 = CYLINDRICAL_SURFACE ( 'NONE', #1932, 0.1000000000000000472 ) ;
#4190 = CIRCLE ( 'NONE', #6744, 0.06499999999999994671 ) ;
#4191 = LINE ( 'NONE', #3716, #63 ) ;
#4192 = DIRECTION ( 'NONE',  ( 0.000000000000000000, 0.000000000000000000, 1.000000000000000000 ) ) ;
#4193 = VERTEX_POINT ( 'NONE', #3049 ) ;
#4194 = ORIENTED_EDGE ( 'NONE', *, *, #4334, .F. ) ;
#4195 = CARTESIAN_POINT ( 'NONE',  ( -0.8427657606103799992, 0.3250000000000000111, -0.8999999999999995781 ) ) ;
#4196 = ORIENTED_EDGE ( 'NONE', *, *, #1866, .F. ) ;
#4197 = CARTESIAN_POINT ( 'NONE',  ( -0.4294796478723778010, 0.3499999999999999778, 0.7303844438303084274 ) ) ;
#4198 = EDGE_CURVE ( 'NONE', #3751, #5112, #2978, .T. ) ;
#4199 = AXIS2_PLACEMENT_3D ( 'NONE', #6451, #5425, #4955 ) ;
#4200 = FACE_OUTER_BOUND ( 'NONE', #5976, .T. ) ;
#4201 = CARTESIAN_POINT ( 'NONE',  ( -1.499999999999999556, 0.02499999999999995628, 0.2749999999999993006 ) ) ;
#4202 = CARTESIAN_POINT ( 'NONE',  ( 0.3374999999999992450, 2.489731222669117727, 0.7849999999999998090 ) ) ;
#4203 = ORIENTED_EDGE ( 'NONE', *, *, #6687, .F. ) ;
#4204 = CARTESIAN_POINT ( 'NONE',  ( -1.499999999999999556, 0.07499999999999999722, 0.2749999999999993006 ) ) ;
#4205 = VECTOR ( 'NONE', #3794, 1000.000000000000000 ) ;
#4206 = FACE_OUTER_BOUND ( 'NONE', #2361, .T. ) ;
#4207 = LINE ( 'NONE', #3699, #1701 ) ;
#4208 = DIRECTION ( 'NONE',  ( 0.000000000000000000, 0.000000000000000000, 1.000000000000000000 ) ) ;
#4209 = CLOSED_SHELL ( 'NONE', ( #3372, #6665, #2417, #5858, #1434, #2285, #6619, #3035 ) ) ;
#4210 = EDGE_CURVE ( 'NONE', #6452, #656, #5084, .T. ) ;
#4211 = LINE ( 'NONE', #638, #3122 ) ;
#4212 = CARTESIAN_POINT ( 'NONE',  ( -1.157057759178160783, 0.3499999999999999778, -0.5496352209124993893 ) ) ;
#4213 = ORIENTED_EDGE ( 'NONE', *, *, #2070, .F. ) ;
#4214 = VECTOR ( 'NONE', #1317, 1000.000000000000000 ) ;
#4215 = VERTEX_POINT ( 'NONE', #5744 ) ;
#4216 = VECTOR ( 'NONE', #443, 1000.000000000000000 ) ;
#4217 = EDGE_LOOP ( 'NONE', ( #5403, #1398, #232, #203 ) ) ;
#4218 = CARTESIAN_POINT ( 'NONE',  ( -1.234999999999999210, 0.02500000000000000139, -0.5499999999999997113 ) ) ;
#4219 = DIRECTION ( 'NONE',  ( 0.000000000000000000, 0.000000000000000000, -1.000000000000000000 ) ) ;
#4220 = VECTOR ( 'NONE', #5893, 1000.000000000000000 ) ;
#4221 = CARTESIAN_POINT ( 'NONE',  ( 1.424999999999999600, 0.07499999999999999722, 0.2749999999999993006 ) ) ;
#4222 = EDGE_LOOP ( 'NONE', ( #5995, #6028, #2544, #1621 ) ) ;
#4223 = CARTESIAN_POINT ( 'NONE',  ( 0.4670526090495509264, 0.5149999999999995692, 0.03020581678025670291 ) ) ;
#4224 = DIRECTION ( 'NONE',  ( -1.000000000000000000, 0.000000000000000000, 2.562659680420284750E-15 ) ) ;
#4225 = ORIENTED_EDGE ( 'NONE', *, *, #2267, .T. ) ;
#4226 = AXIS2_PLACEMENT_3D ( 'NONE', #5788, #2341, #2788 ) ;
#4227 = PLANE ( 'NONE',  #1261 ) ;
#4228 = DIRECTION ( 'NONE',  ( -0.000000000000000000, -1.000000000000000000, -0.000000000000000000 ) ) ;
#4229 = VERTEX_POINT ( 'NONE', #965 ) ;
#4230 = EDGE_CURVE ( 'NONE', #4131, #6286, #1037, .T. ) ;
#4231 = CARTESIAN_POINT ( 'NONE',  ( 1.149999999999999689, 0.02499999999999995628, 0.2000000000000000389 ) ) ;
#4232 = ORIENTED_EDGE ( 'NONE', *, *, #3749, .T. ) ;
#4233 = EDGE_LOOP ( 'NONE', ( #2909, #1307, #244, #680 ) ) ;
#4234 = LINE ( 'NONE', #3720, #4175 ) ;
#4235 = VERTEX_POINT ( 'NONE', #5645 ) ;
#4236 = FACE_OUTER_BOUND ( 'NONE', #6134, .T. ) ;
#4237 = EDGE_CURVE ( 'NONE', #4964, #2258, #3562, .T. ) ;
#4238 = EDGE_CURVE ( 'NONE', #3351, #1616, #996, .T. ) ;
#4239 = DIRECTION ( 'NONE',  ( 0.000000000000000000, 0.000000000000000000, -1.000000000000000000 ) ) ;
#4240 = ADVANCED_FACE ( 'NONE', ( #6258 ), #4601, .F. ) ;
#4241 = CARTESIAN_POINT ( 'NONE',  ( 1.424999999999999600, 0.02499999999999995628, -0.2749999999999993006 ) ) ;
#4242 = DIRECTION ( 'NONE',  ( 0.000000000000000000, 0.000000000000000000, -1.000000000000000000 ) ) ;
#4243 = ORIENTED_EDGE ( 'NONE', *, *, #3172, .F. ) ;
#4244 = DIRECTION ( 'NONE',  ( 0.000000000000000000, -1.000000000000000000, -0.000000000000000000 ) ) ;
#4245 = ADVANCED_FACE ( 'NONE', ( #4675 ), #2012, .T. ) ;
#4246 = DIRECTION ( 'NONE',  ( 0.000000000000000000, 0.000000000000000000, -1.000000000000000000 ) ) ;
#4247 = LINE ( 'NONE', #3223, #5682 ) ;
#4248 = ORIENTED_EDGE ( 'NONE', *, *, #1721, .T. ) ;
#4249 = DIRECTION ( 'NONE',  ( 0.000000000000000000, 1.000000000000000000, 0.000000000000000000 ) ) ;
#4250 = PLANE ( 'NONE',  #1420 ) ;
#4251 = ORIENTED_EDGE ( 'NONE', *, *, #4035, .T. ) ;
#4252 = EDGE_CURVE ( 'NONE', #1906, #6221, #1396, .T. ) ;
#4253 = DIRECTION ( 'NONE',  ( -0.000000000000000000, 1.000000000000000000, 0.000000000000000000 ) ) ;
#4254 = DIRECTION ( 'NONE',  ( 0.7071067811865479058, 0.000000000000000000, -0.7071067811865472397 ) ) ;
#4255 = CARTESIAN_POINT ( 'NONE',  ( -1.234999999999999654, 0.02499999999999999792, 0.7349999999999997646 ) ) ;
#4256 = VERTEX_POINT ( 'NONE', #4102 ) ;
#4257 = CARTESIAN_POINT ( 'NONE',  ( 0.3537307145380697015, 0.3499999999999999778, 0.7303844438303084274 ) ) ;
#4258 = ORIENTED_EDGE ( 'NONE', *, *, #2811, .T. ) ;
#4259 = FILL_AREA_STYLE ('',( #3714 ) ) ;
#4260 = CARTESIAN_POINT ( 'NONE',  ( -1.299999999999999378, 1.851433752247375164, 0.5499999999999997113 ) ) ;
#4261 = ORIENTED_EDGE ( 'NONE', *, *, #5823, .F. ) ;
#4262 = DIRECTION ( 'NONE',  ( 0.000000000000000000, 1.000000000000000000, 0.000000000000000000 ) ) ;
#4263 = ORIENTED_EDGE ( 'NONE', *, *, #4849, .F. ) ;
#4264 = PLANE ( 'NONE',  #4864 ) ;
#4265 = ORIENTED_EDGE ( 'NONE', *, *, #3017, .T. ) ;
#4266 = CARTESIAN_POINT ( 'NONE',  ( -0.3537307147608607649, 0.3499999999999999778, 0.1247286140794534731 ) ) ;
#4267 = DIRECTION ( 'NONE',  ( 0.000000000000000000, 1.000000000000000000, 0.000000000000000000 ) ) ;
#4268 = EDGE_LOOP ( 'NONE', ( #6419, #6079, #5968 ) ) ;
#4269 = CARTESIAN_POINT ( 'NONE',  ( -1.149999999999999689, 0.07499999999999999722, -0.2000000000000000389 ) ) ;
#4270 = FACE_OUTER_BOUND ( 'NONE', #623, .T. ) ;
#4271 = EDGE_CURVE ( 'NONE', #6497, #1444, #6062, .T. ) ;
#4272 = DIRECTION ( 'NONE',  ( 1.000000000000000000, 0.000000000000000000, -8.778964959396797376E-17 ) ) ;
#4273 = VERTEX_POINT ( 'NONE', #6703 ) ;
#4274 = DIRECTION ( 'NONE',  ( -1.000000000000000000, 0.000000000000000000, 0.000000000000000000 ) ) ;
#4275 = DIRECTION ( 'NONE',  ( 0.000000000000000000, 0.000000000000000000, 1.000000000000000000 ) ) ;
#4276 = ADVANCED_FACE ( 'NONE', ( #1498 ), #5678, .F. ) ;
#4277 = VECTOR ( 'NONE', #323, 1000.000000000000000 ) ;
#4278 = DIRECTION ( 'NONE',  ( 0.000000000000000000, -1.000000000000000000, 0.000000000000000000 ) ) ;
#4279 = VERTEX_POINT ( 'NONE', #4782 ) ;
#4280 = LINE ( 'NONE', #2755, #5451 ) ;
#4281 = CARTESIAN_POINT ( 'NONE',  ( 0.8249999999999999556, 2.489731222669117727, 0.6599999999999998090 ) ) ;
#4282 = CARTESIAN_POINT ( 'NONE',  ( -0.5999999999999994227, 0.02499999999999984873, -0.4299999999999997158 ) ) ;
#4283 = ORIENTED_EDGE ( 'NONE', *, *, #6780, .T. ) ;
#4284 = ADVANCED_FACE ( 'NONE', ( #561 ), #2749, .F. ) ;
#4285 = ADVANCED_FACE ( 'NONE', ( #3219 ), #632, .F. ) ;
#4286 = DIRECTION ( 'NONE',  ( -1.000000000000000000, 0.000000000000000000, 6.672013369141570147E-16 ) ) ;
#4287 = CARTESIAN_POINT ( 'NONE',  ( 1.299999999999999600, 0.2149999999999999967, 0.4999999999999995559 ) ) ;
#4288 = VECTOR ( 'NONE', #349, 1000.000000000000000 ) ;
#4289 = AXIS2_PLACEMENT_3D ( 'NONE', #1417, #5638, #926 ) ;
#4290 = ORIENTED_EDGE ( 'NONE', *, *, #5987, .F. ) ;
#4291 = ADVANCED_FACE ( 'NONE', ( #531 ), #149, .T. ) ;
#4292 = DIRECTION ( 'NONE',  ( 0.000000000000000000, 0.000000000000000000, -1.000000000000000000 ) ) ;
#4293 = EDGE_LOOP ( 'NONE', ( #4305, #505, #1406, #5100 ) ) ;
#4294 = CARTESIAN_POINT ( 'NONE',  ( -0.4395198120705046674, 0.5150000000000000133, 0.1730166995796435236 ) ) ;
#4295 = CARTESIAN_POINT ( 'NONE',  ( -1.499999999999999556, -0.4699747468305839893, 0.5499999999999992673 ) ) ;
#4296 = VERTEX_POINT ( 'NONE', #1636 ) ;
#4297 = CIRCLE ( 'NONE', #5421, 0.3499999999999999778 ) ;
#4298 = AXIS2_PLACEMENT_3D ( 'NONE', #5809, #1064, #5292 ) ;
#4299 = CARTESIAN_POINT ( 'NONE',  ( 1.157057759178160783, 0.3250000000000000111, -0.5496352209124993893 ) ) ;
#4300 = LINE ( 'NONE', #1658, #3533 ) ;
#4301 = VERTEX_POINT ( 'NONE', #4711 ) ;
#4302 = ADVANCED_FACE ( 'NONE', ( #2125 ), #2228, .T. ) ;
#4303 = ORIENTED_EDGE ( 'NONE', *, *, #5726, .F. ) ;
#4304 = AXIS2_PLACEMENT_3D ( 'NONE', #3928, #4292, #4826 ) ;
#4305 = ORIENTED_EDGE ( 'NONE', *, *, #6780, .F. ) ;
#4306 = CYLINDRICAL_SURFACE ( 'NONE', #5750, 0.07499999999999998335 ) ;
#4307 = VERTEX_POINT ( 'NONE', #1606 ) ;
#4308 = CYLINDRICAL_SURFACE ( 'NONE', #1458, 0.5000000000000000000 ) ;
#4309 = ORIENTED_EDGE ( 'NONE', *, *, #3545, .F. ) ;
#4310 = AXIS2_PLACEMENT_3D ( 'NONE', #2762, #4855, #169 ) ;
#4311 = VECTOR ( 'NONE', #6525, 1000.000000000000000 ) ;
#4312 = ORIENTED_EDGE ( 'NONE', *, *, #1924, .F. ) ;
#4313 = LINE ( 'NONE', #4269, #4205 ) ;
#4314 = DIRECTION ( 'NONE',  ( -0.8141155183563224540, 0.000000000000000000, 0.5807029557109352202 ) ) ;
#4315 = DIRECTION ( 'NONE',  ( -0.000000000000000000, -1.000000000000000000, -0.000000000000000000 ) ) ;
#4316 = VERTEX_POINT ( 'NONE', #4165 ) ;
#4317 = DIRECTION ( 'NONE',  ( 1.000000000000000000, 0.000000000000000000, -2.562659680420284750E-15 ) ) ;
#4318 = AXIS2_PLACEMENT_3D ( 'NONE', #4551, #6109, #5142 ) ;
#4319 = PLANE ( 'NONE',  #1041 ) ;
#4320 = CARTESIAN_POINT ( 'NONE',  ( -1.069999999999999840, 1.661001497005149652, 0.1913252839170866415 ) ) ;
#4321 = FACE_OUTER_BOUND ( 'NONE', #3983, .T. ) ;
#4322 = PRESENTATION_LAYER_ASSIGNMENT (  '', '', ( #5990 ) ) ;
#4323 = DIRECTION ( 'NONE',  ( 0.000000000000000000, 0.000000000000000000, -1.000000000000000000 ) ) ;
#4324 = ADVANCED_FACE ( 'NONE', ( #4841 ), #6366, .T. ) ;
#4325 = VERTEX_POINT ( 'NONE', #5847 ) ;
#4326 = AXIS2_PLACEMENT_3D ( 'NONE', #5653, #939, #6233 ) ;
#4327 = MECHANICAL_DESIGN_GEOMETRIC_PRESENTATION_REPRESENTATION (  '', ( #3340 ), #4435 ) ;
#4328 = CARTESIAN_POINT ( 'NONE',  ( 4.336808689942017736E-16, 1.851433752247375164, -0.7999999999999997113 ) ) ;
#4329 = LINE ( 'NONE', #5932, #3098 ) ;
#4330 = VECTOR ( 'NONE', #3014, 1000.000000000000000 ) ;
#4331 = ORIENTED_EDGE ( 'NONE', *, *, #5078, .F. ) ;
#4332 = VECTOR ( 'NONE', #6370, 1000.000000000000000 ) ;
#4333 = CARTESIAN_POINT ( 'NONE',  ( 0.000000000000000000, 0.5149999999999999023, 0.4677028131658454990 ) ) ;
#4334 = EDGE_CURVE ( 'NONE', #2716, #1204, #1137, .T. ) ;
#4335 = ORIENTED_EDGE ( 'NONE', *, *, #6697, .T. ) ;
#4336 = CARTESIAN_POINT ( 'NONE',  ( -1.249999999999999778, 0.3250000000000000111, -0.2592837430570318347 ) ) ;
#4337 = AXIS2_PLACEMENT_3D ( 'NONE', #1999, #2732, #5035 ) ;
#4338 = CARTESIAN_POINT ( 'NONE',  ( -0.3999999999999999667, 2.489731222669117727, 0.4299999999999997158 ) ) ;
#4339 = CARTESIAN_POINT ( 'NONE',  ( 0.1175000000000000350, 0.02499999999999984873, -0.4299999999999997713 ) ) ;
#4340 = ORIENTED_EDGE ( 'NONE', *, *, #6036, .T. ) ;
#4341 = DIRECTION ( 'NONE',  ( 0.000000000000000000, 1.000000000000000000, 0.000000000000000000 ) ) ;
#4342 = AXIS2_PLACEMENT_3D ( 'NONE', #1580, #3740, #1648 ) ;
#4343 = EDGE_LOOP ( 'NONE', ( #6528, #5647, #4487, #3097 ) ) ;
#4344 = DIRECTION ( 'NONE',  ( -6.195440985631456303E-16, 0.000000000000000000, 1.000000000000000000 ) ) ;
#4345 = ORIENTED_EDGE ( 'NONE', *, *, #3468, .T. ) ;
#4346 = ORIENTED_EDGE ( 'NONE', *, *, #2872, .F. ) ;
#4347 = CARTESIAN_POINT ( 'NONE',  ( -0.04249999999999988509, 0.02499999999999984873, 0.3549999999999997602 ) ) ;
#4348 = CARTESIAN_POINT ( 'NONE',  ( -0.9770577591781610671, 1.661001497005149652, 0.4816767617725544737 ) ) ;
#4349 = DIRECTION ( 'NONE',  ( 2.950209993157834433E-16, 0.000000000000000000, 1.000000000000000000 ) ) ;
#4350 = ORIENTED_EDGE ( 'NONE', *, *, #93, .T. ) ;
#4351 = DIRECTION ( 'NONE',  ( 1.000000000000000000, 0.000000000000000000, 0.000000000000000000 ) ) ;
#4352 = CARTESIAN_POINT ( 'NONE',  ( 1.249999999999999556, 0.3250000000000000111, 0.000000000000000000 ) ) ;
#4353 = FACE_OUTER_BOUND ( 'NONE', #792, .T. ) ;
#4354 = CARTESIAN_POINT ( 'NONE',  ( 0.3374999999999999112, 2.489731222669117727, -0.7850000000000000311 ) ) ;
#4355 = EDGE_CURVE ( 'NONE', #5598, #1410, #6434, .T. ) ;
#4356 = CARTESIAN_POINT ( 'NONE',  ( -0.9999999999999995559, 0.2149999999999999967, 0.5649999999999995026 ) ) ;
#4357 = DIRECTION ( 'NONE',  ( 5.421010862427514281E-16, -0.000000000000000000, 1.000000000000000000 ) ) ;
#4358 = DIRECTION ( 'NONE',  ( -0.000000000000000000, -1.000000000000000000, -0.000000000000000000 ) ) ;
#4359 = ORIENTED_EDGE ( 'NONE', *, *, #837, .F. ) ;
#4360 = ORIENTED_EDGE ( 'NONE', *, *, #6374, .T. ) ;
#4361 = DIRECTION ( 'NONE',  ( 1.858632295689436004E-15, 0.000000000000000000, -1.000000000000000000 ) ) ;
#4362 = DIRECTION ( 'NONE',  ( 0.000000000000000000, 1.000000000000000000, -0.000000000000000000 ) ) ;
#4363 = DIRECTION ( 'NONE',  ( 1.000000000000000000, 0.000000000000000000, -1.606225440719270558E-16 ) ) ;
#4364 = ORIENTED_EDGE ( 'NONE', *, *, #1075, .T. ) ;
#4365 = EDGE_CURVE ( 'NONE', #1410, #1807, #2166, .T. ) ;
#4366 = CARTESIAN_POINT ( 'NONE',  ( -0.9593865445117152335, 0.3500000000000000888, -0.06241777867044764200 ) ) ;
#4367 = VERTEX_POINT ( 'NONE', #1670 ) ;
#4368 = EDGE_CURVE ( 'NONE', #687, #13, #2089, .T. ) ;
#4369 = EDGE_CURVE ( 'NONE', #5004, #4325, #3762, .T. ) ;
#4370 = DIRECTION ( 'NONE',  ( -0.7025510745092516940, 0.000000000000000000, -0.7116333239147081269 ) ) ;
#4371 = CARTESIAN_POINT ( 'NONE',  ( -1.149999999999999689, 0.07499999999999999722, -0.2000000000000000389 ) ) ;
#4372 = EDGE_CURVE ( 'NONE', #4367, #6475, #4741, .T. ) ;
#4373 = CARTESIAN_POINT ( 'NONE',  ( -1.424999999999999600, -0.4699747468305839893, 0.2749999999999993006 ) ) ;
#4374 = VERTEX_POINT ( 'NONE', #3181 ) ;
#4375 = DIRECTION ( 'NONE',  ( 0.000000000000000000, 0.000000000000000000, 1.000000000000000000 ) ) ;
#4376 = DIRECTION ( 'NONE',  ( 0.000000000000000000, 1.000000000000000000, 0.000000000000000000 ) ) ;
#4377 = ORIENTED_EDGE ( 'NONE', *, *, #2363, .T. ) ;
#4378 = CARTESIAN_POINT ( 'NONE',  ( 1.424999999999999600, 0.07499999999999999722, -0.1999999999999993450 ) ) ;
#4379 = ORIENTED_EDGE ( 'NONE', *, *, #3140, .F. ) ;
#4380 = CARTESIAN_POINT ( 'NONE',  ( -0.9999999999999995559, 0.2149999999999999967, -0.7999999999999996003 ) ) ;
#4381 = ORIENTED_EDGE ( 'NONE', *, *, #3614, .T. ) ;
#4382 = EDGE_CURVE ( 'NONE', #3486, #689, #6291, .T. ) ;
#4383 = PLANE ( 'NONE',  #1985 ) ;
#4384 = CARTESIAN_POINT ( 'NONE',  ( -0.9500000000000003997, 0.02499999999999984873, 0.6599999999999998090 ) ) ;
#4385 = LINE ( 'NONE', #3826, #1183 ) ;
#4386 = ADVANCED_FACE ( 'NONE', ( #1707 ), #3524, .F. ) ;
#4387 = CARTESIAN_POINT ( 'NONE',  ( 0.8427657606103799992, 0.3499999999999999778, 0.8999999999999995781 ) ) ;
#4388 = CARTESIAN_POINT ( 'NONE',  ( 1.499999999999999556, 0.02499999999999995628, 0.5499999999999992673 ) ) ;
#4389 = EDGE_LOOP ( 'NONE', ( #3116, #4606, #4556, #4473 ) ) ;
#4390 = EDGE_LOOP ( 'NONE', ( #3937, #2745, #1995, #5502, #6145, #2106, #2737, #1957 ) ) ;
#4391 = CARTESIAN_POINT ( 'NONE',  ( -1.149999999999999467, 0.02500000000000000139, 0.7349999999999997646 ) ) ;
#4392 = FILL_AREA_STYLE_COLOUR ( '', #3001 ) ;
#4393 = DIRECTION ( 'NONE',  ( 0.000000000000000000, 0.000000000000000000, 1.000000000000000000 ) ) ;
#4394 = VECTOR ( 'NONE', #5700, 1000.000000000000000 ) ;
#4395 = ORIENTED_EDGE ( 'NONE', *, *, #4035, .F. ) ;
#4396 = VECTOR ( 'NONE', #3526, 1000.000000000000000 ) ;
#4397 = ORIENTED_EDGE ( 'NONE', *, *, #3858, .F. ) ;
#4398 = CARTESIAN_POINT ( 'NONE',  ( -0.3848609354016571671, 0.5150000000000000133, 0.2738946391165778538 ) ) ;
#4399 = EDGE_CURVE ( 'NONE', #986, #5321, #5303, .T. ) ;
#4400 = VECTOR ( 'NONE', #6466, 1000.000000000000000 ) ;
#4401 = CARTESIAN_POINT ( 'NONE',  ( -0.4086633323914709570, 2.489731222669117727, -0.6147448925490746063 ) ) ;
#4402 = CARTESIAN_POINT ( 'NONE',  ( -0.8427657606103799992, 0.3250000000000000111, -0.7749999999999996891 ) ) ;
#4403 = ORIENTED_EDGE ( 'NONE', *, *, #1423, .F. ) ;
#4404 = ADVANCED_FACE ( 'NONE', ( #4915 ), #6566, .F. ) ;
#4405 = DIRECTION ( 'NONE',  ( -0.7025510745092516940, -0.000000000000000000, 0.7116333239147081269 ) ) ;
#4406 = ORIENTED_EDGE ( 'NONE', *, *, #2241, .F. ) ;
#4407 = VECTOR ( 'NONE', #5492, 1000.000000000000000 ) ;
#4408 = AXIS2_PLACEMENT_3D ( 'NONE', #5503, #5409, #326 ) ;
#4409 = DIRECTION ( 'NONE',  ( 0.000000000000000000, 0.000000000000000000, 1.000000000000000000 ) ) ;
#4410 = AXIS2_PLACEMENT_3D ( 'NONE', #916, #2463, #6068 ) ;
#4411 = ORIENTED_EDGE ( 'NONE', *, *, #4210, .T. ) ;
#4412 =( NAMED_UNIT ( * ) SI_UNIT ( $, .STERADIAN. ) SOLID_ANGLE_UNIT ( ) );
#4413 = LINE ( 'NONE', #4378, #4214 ) ;
#4414 = ORIENTED_EDGE ( 'NONE', *, *, #3025, .T. ) ;
#4415 = CARTESIAN_POINT ( 'NONE',  ( -0.3999999999999999667, 0.000000000000000000, 0.4299999999999997158 ) ) ;
#4416 = ORIENTED_EDGE ( 'NONE', *, *, #5987, .T. ) ;
#4417 = CARTESIAN_POINT ( 'NONE',  ( 0.04250000000000012101, 0.02499999999999984873, -0.3549999999999997602 ) ) ;
#4418 = CARTESIAN_POINT ( 'NONE',  ( -0.1375000000000000389, 0.000000000000000000, 0.08250000000000001776 ) ) ;
#4419 = AXIS2_PLACEMENT_3D ( 'NONE', #6779, #436, #6190 ) ;
#4420 = EDGE_CURVE ( 'NONE', #2265, #5706, #693, .T. ) ;
#4421 = LINE ( 'NONE', #795, #5469 ) ;
#4422 = CARTESIAN_POINT ( 'NONE',  ( 0.4677028131658454990, 0.5149999999999999023, 0.000000000000000000 ) ) ;
#4423 = VECTOR ( 'NONE', #4457, 1000.000000000000000 ) ;
#4424 = DIRECTION ( 'NONE',  ( -0.000000000000000000, -1.000000000000000000, -0.000000000000000000 ) ) ;
#4425 = DIRECTION ( 'NONE',  ( 1.000000000000000000, 0.000000000000000000, 0.000000000000000000 ) ) ;
#4426 = DIRECTION ( 'NONE',  ( 0.000000000000000000, 0.000000000000000000, 1.000000000000000000 ) ) ;
#4427 = AXIS2_PLACEMENT_3D ( 'NONE', #773, #4496, #2798 ) ;
#4428 = VECTOR ( 'NONE', #2563, 1000.000000000000000 ) ;
#4429 = EDGE_CURVE ( 'NONE', #3037, #4307, #5983, .T. ) ;
#4430 = CLOSED_SHELL ( 'NONE', ( #6752, #4164, #2062, #6256 ) ) ;
#4431 = DIRECTION ( 'NONE',  ( 0.000000000000000000, -0.000000000000000000, -1.000000000000000000 ) ) ;
#4432 =( NAMED_UNIT ( * ) SI_UNIT ( $, .STERADIAN. ) SOLID_ANGLE_UNIT ( ) );
#4433 = PLANE ( 'NONE',  #4752 ) ;
#4434 = ORIENTED_EDGE ( 'NONE', *, *, #6514, .T. ) ;
#4435 =( GEOMETRIC_REPRESENTATION_CONTEXT ( 3 ) GLOBAL_UNCERTAINTY_ASSIGNED_CONTEXT ( ( #3293 ) ) GLOBAL_UNIT_ASSIGNED_CONTEXT ( ( #1167, #5713, #2132 ) ) REPRESENTATION_CONTEXT ( 'NONE', 'WORKASPACE' ) );
#4436 = DIRECTION ( 'NONE',  ( -0.7025510745092516940, 0.000000000000000000, -0.7116333239147081269 ) ) ;
#4437 = LINE ( 'NONE', #3812, #194 ) ;
#4438 = VECTOR ( 'NONE', #3897, 1000.000000000000000 ) ;
#4439 = DIRECTION ( 'NONE',  ( -0.000000000000000000, -1.000000000000000000, -0.000000000000000000 ) ) ;
#4440 = DIRECTION ( 'NONE',  ( 0.000000000000000000, 1.000000000000000000, 0.000000000000000000 ) ) ;
#4441 = VECTOR ( 'NONE', #1560, 1000.000000000000000 ) ;
#4442 = CLOSED_SHELL ( 'NONE', ( #2410, #2330, #5665, #2835, #5569, #345, #1381, #5515, #1702, #867, #2294, #2547, #5539, #1110, #1432, #1852, #2661, #702, #1813, #2236, #5698, #1438, #3910, #4807, #6734, #858, #2018, #2901, #2923, #1801, #2523, #3790, #3894, #498, #202, #4575, #6757, #902, #568, #4276, #6320, #1809, #2945, #6455, #2309, #3364, #2636, #2595, #3523, #2201, #171, #749, #1150, #6057, #2088, #5722, #372, #6709, #6234, #4874, #2941, #3509, #255, #6470, #3936, #5277, #94, #4153, #1278, #740, #6111, #4536, #2760, #3736, #1858, #1828, #5249, #2621 ) ) ;
#4443 = LINE ( 'NONE', #3842, #3423 ) ;
#4444 = AXIS2_PLACEMENT_3D ( 'NONE', #1913, #1497, #3595 ) ;
#4445 = VERTEX_POINT ( 'NONE', #762 ) ;
#4446 = CARTESIAN_POINT ( 'NONE',  ( 1.157057759178160783, 0.3499999999999999778, -0.5496352209124993893 ) ) ;
#4447 = VECTOR ( 'NONE', #1422, 1000.000000000000000 ) ;
#4448 = LINE ( 'NONE', #2365, #1592 ) ;
#4449 = ORIENTED_EDGE ( 'NONE', *, *, #3667, .T. ) ;
#4450 = PRESENTATION_STYLE_ASSIGNMENT (( #2269 ) ) ;
#4451 = FACE_OUTER_BOUND ( 'NONE', #758, .T. ) ;
#4452 = AXIS2_PLACEMENT_3D ( 'NONE', #1719, #5962, #5455 ) ;
#4453 = ORIENTED_EDGE ( 'NONE', *, *, #2459, .F. ) ;
#4454 = DIRECTION ( 'NONE',  ( -0.000000000000000000, -1.000000000000000000, -0.000000000000000000 ) ) ;
#4455 = ORIENTED_EDGE ( 'NONE', *, *, #3289, .F. ) ;
#4456 = DIRECTION ( 'NONE',  ( 0.000000000000000000, 0.000000000000000000, 1.000000000000000000 ) ) ;
#4457 = DIRECTION ( 'NONE',  ( -0.000000000000000000, 1.000000000000000000, -0.000000000000000000 ) ) ;
#4458 = CIRCLE ( 'NONE', #2667, 0.06499999999999994671 ) ;
#4459 = AXIS2_PLACEMENT_3D ( 'NONE', #6314, #3070, #5632 ) ;
#4460 = EDGE_CURVE ( 'NONE', #1859, #6700, #1806, .T. ) ;
#4461 = LINE ( 'NONE', #665, #855 ) ;
#4462 = DIRECTION ( 'NONE',  ( -0.000000000000000000, -0.000000000000000000, 1.000000000000000000 ) ) ;
#4463 = DIRECTION ( 'NONE',  ( -0.5807029557109352202, 0.000000000000000000, 0.8141155183563224540 ) ) ;
#4464 = CARTESIAN_POINT ( 'NONE',  ( 1.064999999999999503, 0.2250000000000000056, 0.4999999999999995559 ) ) ;
#4465 = ADVANCED_FACE ( 'NONE', ( #3417 ), #5406, .T. ) ;
#4466 = EDGE_CURVE ( 'NONE', #1729, #13, #4941, .T. ) ;
#4467 = ADVANCED_FACE ( 'NONE', ( #3319 ), #788, .F. ) ;
#4468 = FACE_BOUND ( 'NONE', #5392, .T. ) ;
#4469 = DIRECTION ( 'NONE',  ( 0.000000000000000000, -1.000000000000000000, 0.000000000000000000 ) ) ;
#4470 = VERTEX_POINT ( 'NONE', #3822 ) ;
#4471 = DIRECTION ( 'NONE',  ( -8.778964959396797376E-17, 0.000000000000000000, -1.000000000000000000 ) ) ;
#4472 = ORIENTED_EDGE ( 'NONE', *, *, #1814, .T. ) ;
#4473 = ORIENTED_EDGE ( 'NONE', *, *, #2254, .F. ) ;
#4474 = EDGE_CURVE ( 'NONE', #6345, #3210, #2439, .T. ) ;
#4475 = LINE ( 'NONE', #1341, #1706 ) ;
#4476 = PLANE ( 'NONE',  #3311 ) ;
#4477 = CARTESIAN_POINT ( 'NONE',  ( -0.3537307147608607094, 0.3499999999999999778, -0.7303844438303084274 ) ) ;
#4478 = VERTEX_POINT ( 'NONE', #3355 ) ;
#4479 = DIRECTION ( 'NONE',  ( 0.000000000000000000, 0.000000000000000000, 1.000000000000000000 ) ) ;
#4480 = VERTEX_POINT ( 'NONE', #6532 ) ;
#4481 = CARTESIAN_POINT ( 'NONE',  ( 1.499999999999999778, 0.07499999999999999722, -0.3499999999999993117 ) ) ;
#4482 = ORIENTED_EDGE ( 'NONE', *, *, #6577, .F. ) ;
#4483 = EDGE_LOOP ( 'NONE', ( #22, #4055, #1291, #2507 ) ) ;
#4484 = FACE_OUTER_BOUND ( 'NONE', #614, .T. ) ;
#4485 = ORIENTED_EDGE ( 'NONE', *, *, #2328, .T. ) ;
#4486 = PLANE ( 'NONE',  #4535 ) ;
#4487 = ORIENTED_EDGE ( 'NONE', *, *, #5319, .T. ) ;
#4488 = FACE_OUTER_BOUND ( 'NONE', #506, .T. ) ;
#4489 = FACE_OUTER_BOUND ( 'NONE', #4765, .T. ) ;
#4490 = EDGE_CURVE ( 'NONE', #4899, #4497, #2878, .T. ) ;
#4491 = CARTESIAN_POINT ( 'NONE',  ( 0.8249999999999999556, 2.489731222669117727, -0.6599999999999998090 ) ) ;
#4492 = EDGE_CURVE ( 'NONE', #1470, #5841, #3919, .T. ) ;
#4493 = CARTESIAN_POINT ( 'NONE',  ( 0.1175000000000000350, 0.02499999999999984873, -0.4949999999999997735 ) ) ;
#4494 = ORIENTED_EDGE ( 'NONE', *, *, #1714, .T. ) ;
#4495 = LINE ( 'NONE', #5160, #3997 ) ;
#4496 = DIRECTION ( 'NONE',  ( 1.000000000000000000, 0.000000000000000000, 1.084202172485504828E-15 ) ) ;
#4497 = VERTEX_POINT ( 'NONE', #6045 ) ;
#4498 = CARTESIAN_POINT ( 'NONE',  ( -1.149999999999999467, 0.07499999999999999722, -0.5499999999999999334 ) ) ;
#4499 = ORIENTED_EDGE ( 'NONE', *, *, #274, .F. ) ;
#4500 = EDGE_CURVE ( 'NONE', #3226, #6743, #2660, .T. ) ;
#4501 = VERTEX_POINT ( 'NONE', #1292 ) ;
#4502 = EDGE_CURVE ( 'NONE', #5192, #1062, #4879, .T. ) ;
#4503 = VERTEX_POINT ( 'NONE', #729 ) ;
#4504 = DIRECTION ( 'NONE',  ( 1.000000000000000000, 0.000000000000000000, 0.000000000000000000 ) ) ;
#4505 = AXIS2_PLACEMENT_3D ( 'NONE', #4878, #188, #3821 ) ;
#4506 = EDGE_CURVE ( 'NONE', #2740, #2876, #2820, .T. ) ;
#4507 = CARTESIAN_POINT ( 'NONE',  ( -0.8427657606103799992, 0.3499999999999999778, 0.8999999999999995781 ) ) ;
#4508 = CARTESIAN_POINT ( 'NONE',  ( 0.3374999999999999112, 2.489731222669117727, -0.6849999999999998312 ) ) ;
#4509 = EDGE_LOOP ( 'NONE', ( #1372, #3271, #368, #2406 ) ) ;
#4510 = CARTESIAN_POINT ( 'NONE',  ( -0.1174999999999998268, 2.489731222669117727, 0.4299999999999997158 ) ) ;
#4511 = EDGE_CURVE ( 'NONE', #4938, #2332, #5948, .T. ) ;
#4512 = ORIENTED_EDGE ( 'NONE', *, *, #4502, .T. ) ;
#4513 = CARTESIAN_POINT ( 'NONE',  ( 0.000000000000000000, 0.5195520701168854227, 0.000000000000000000 ) ) ;
#4514 = LINE ( 'NONE', #5602, #3297 ) ;
#4515 = ORIENTED_EDGE ( 'NONE', *, *, #5145, .F. ) ;
#4516 = AXIS2_PLACEMENT_3D ( 'NONE', #4742, #6332, #1607 ) ;
#4517 = DIRECTION ( 'NONE',  ( 0.000000000000000000, 0.000000000000000000, -1.000000000000000000 ) ) ;
#4518 = ORIENTED_EDGE ( 'NONE', *, *, #2156, .F. ) ;
#4519 = VECTOR ( 'NONE', #2739, 1000.000000000000000 ) ;
#4520 = CARTESIAN_POINT ( 'NONE',  ( 0.9593865445117155666, 0.3499999999999999223, -0.1039760693198450714 ) ) ;
#4521 = ORIENTED_EDGE ( 'NONE', *, *, #2473, .F. ) ;
#4522 = VECTOR ( 'NONE', #6239, 1000.000000000000000 ) ;
#4523 = VECTOR ( 'NONE', #5107, 1000.000000000000000 ) ;
#4524 = FACE_OUTER_BOUND ( 'NONE', #1802, .T. ) ;
#4525 = FACE_OUTER_BOUND ( 'NONE', #2654, .T. ) ;
#4526 = ORIENTED_EDGE ( 'NONE', *, *, #2127, .T. ) ;
#4527 = AXIS2_PLACEMENT_3D ( 'NONE', #5153, #4062, #2482 ) ;
#4528 = CARTESIAN_POINT ( 'NONE',  ( -0.7374999999999998224, 0.000000000000000000, -0.08250000000000000389 ) ) ;
#4529 = EDGE_LOOP ( 'NONE', ( #4526, #4078 ) ) ;
#4530 = VECTOR ( 'NONE', #1074, 1000.000000000000000 ) ;
#4531 = DIRECTION ( 'NONE',  ( 0.000000000000000000, 0.000000000000000000, -1.000000000000000000 ) ) ;
#4532 = DIRECTION ( 'NONE',  ( 0.000000000000000000, 0.000000000000000000, -1.000000000000000000 ) ) ;
#4533 = ORIENTED_EDGE ( 'NONE', *, *, #4838, .F. ) ;
#4534 = CARTESIAN_POINT ( 'NONE',  ( -0.9445302004049205280, 0.3250000000000000111, 0.8475878694638663280 ) ) ;
#4535 = AXIS2_PLACEMENT_3D ( 'NONE', #4352, #5953, #6569 ) ;
#4536 = ADVANCED_FACE ( 'NONE', ( #6383 ), #3685, .T. ) ;
#4537 = EDGE_LOOP ( 'NONE', ( #6321, #2153, #3623, #3175, #3201, #1585, #1760, #1080 ) ) ;
#4538 = DIRECTION ( 'NONE',  ( -0.000000000000000000, -1.000000000000000000, -0.000000000000000000 ) ) ;
#4539 = ORIENTED_EDGE ( 'NONE', *, *, #5316, .T. ) ;
#4540 = VERTEX_POINT ( 'NONE', #4299 ) ;
#4541 = AXIS2_PLACEMENT_3D ( 'NONE', #3437, #804, #3398 ) ;
#4542 = VECTOR ( 'NONE', #5436, 1000.000000000000000 ) ;
#4543 = DIRECTION ( 'NONE',  ( -1.000000000000000000, 0.000000000000000000, -2.562659680420284750E-15 ) ) ;
#4544 = EDGE_CURVE ( 'NONE', #2957, #4478, #3782, .T. ) ;
#4545 = CARTESIAN_POINT ( 'NONE',  ( 0.3537307147608607649, 0.3499999999999999778, 0.1247286140794534731 ) ) ;
#4546 = VECTOR ( 'NONE', #5131, 1000.000000000000000 ) ;
#4547 = VECTOR ( 'NONE', #2061, 1000.000000000000000 ) ;
#4548 = ADVANCED_FACE ( 'NONE', ( #2710 ), #5938, .T. ) ;
#4549 = DIRECTION ( 'NONE',  ( -1.000000000000000000, -0.000000000000000000, -0.000000000000000000 ) ) ;
#4550 = ORIENTED_EDGE ( 'NONE', *, *, #4043, .F. ) ;
#4551 = CARTESIAN_POINT ( 'NONE',  ( -1.499999999999999556, -0.4699747468305839893, -0.5499999999999992673 ) ) ;
#4552 = ORIENTED_EDGE ( 'NONE', *, *, #4146, .T. ) ;
#4553 = AXIS2_PLACEMENT_3D ( 'NONE', #3125, #4171, #5789 ) ;
#4554 = DIRECTION ( 'NONE',  ( 0.000000000000000000, 1.000000000000000000, 0.000000000000000000 ) ) ;
#4555 = AXIS2_PLACEMENT_3D ( 'NONE', #1240, #335, #6505 ) ;
#4556 = ORIENTED_EDGE ( 'NONE', *, *, #940, .T. ) ;
#4557 = DIRECTION ( 'NONE',  ( -0.000000000000000000, -1.000000000000000000, -0.000000000000000000 ) ) ;
#4558 = AXIS2_PLACEMENT_3D ( 'NONE', #5123, #4631, #6120 ) ;
#4559 = ORIENTED_EDGE ( 'NONE', *, *, #237, .T. ) ;
#4560 = DIRECTION ( 'NONE',  ( -0.000000000000000000, -1.000000000000000000, 0.000000000000000000 ) ) ;
#4561 = AXIS2_PLACEMENT_3D ( 'NONE', #5796, #5247, #2699 ) ;
#4562 = CARTESIAN_POINT ( 'NONE',  ( -0.9593865445117153445, 0.3499999999999999223, -0.1039760693198450298 ) ) ;
#4563 = EDGE_CURVE ( 'NONE', #2763, #3589, #1593, .T. ) ;
#4564 = EDGE_LOOP ( 'NONE', ( #5029, #959, #1301, #4593 ) ) ;
#4565 = VECTOR ( 'NONE', #3156, 1000.000000000000000 ) ;
#4566 = CARTESIAN_POINT ( 'NONE',  ( -0.8249999999999999556, 0.000000000000000000, 0.7850000000000000311 ) ) ;
#4567 = CARTESIAN_POINT ( 'NONE',  ( -0.6750000000000000444, 2.489731222669117727, 0.5299999999999999156 ) ) ;
#4568 = DIRECTION ( 'NONE',  ( -0.000000000000000000, -1.000000000000000000, -0.000000000000000000 ) ) ;
#4569 = ORIENTED_EDGE ( 'NONE', *, *, #1966, .T. ) ;
#4570 = DIRECTION ( 'NONE',  ( 0.000000000000000000, 1.000000000000000000, 0.000000000000000000 ) ) ;
#4571 = ORIENTED_EDGE ( 'NONE', *, *, #1085, .T. ) ;
#4572 = CARTESIAN_POINT ( 'NONE',  ( -0.3250000000000000111, 0.000000000000000000, 0.5299999999999999156 ) ) ;
#4573 = VECTOR ( 'NONE', #3552, 1000.000000000000000 ) ;
#4574 = VERTEX_POINT ( 'NONE', #1091 ) ;
#4575 = ADVANCED_FACE ( 'NONE', ( #1692 ), #1121, .F. ) ;
#4576 = FACE_OUTER_BOUND ( 'NONE', #3281, .T. ) ;
#4577 = PLANE ( 'NONE',  #511 ) ;
#4578 = LINE ( 'NONE', #5242, #6408 ) ;
#4579 = EDGE_LOOP ( 'NONE', ( #288, #5219, #2837, #6583 ) ) ;
#4580 = ORIENTED_EDGE ( 'NONE', *, *, #880, .T. ) ;
#4581 = DIRECTION ( 'NONE',  ( 1.000000000000000000, -0.000000000000000000, 0.000000000000000000 ) ) ;
#4582 = SURFACE_STYLE_FILL_AREA ( #5721 ) ;
#4583 = EDGE_CURVE ( 'NONE', #1062, #5594, #4731, .T. ) ;
#4584 = CARTESIAN_POINT ( 'NONE',  ( -0.5499999999999971578, 1.326135777277262395, -0.8499999999999998668 ) ) ;
#4585 = ORIENTED_EDGE ( 'NONE', *, *, #540, .F. ) ;
#4586 = EDGE_CURVE ( 'NONE', #2939, #2521, #176, .T. ) ;
#4587 = CARTESIAN_POINT ( 'NONE',  ( -0.7374999999999998224, 0.000000000000000000, 0.08250000000000003164 ) ) ;
#4588 = PLANE ( 'NONE',  #3781 ) ;
#4589 = CARTESIAN_POINT ( 'NONE',  ( 0.4086633323914709570, 2.489731222669117727, 0.6147448925490746063 ) ) ;
#4590 = ORIENTED_EDGE ( 'NONE', *, *, #2157, .F. ) ;
#4591 = DIRECTION ( 'NONE',  ( 0.000000000000000000, -1.000000000000000000, 0.000000000000000000 ) ) ;
#4592 = LINE ( 'NONE', #1490, #5626 ) ;
#4593 = ORIENTED_EDGE ( 'NONE', *, *, #688, .F. ) ;
#4594 = ORIENTED_EDGE ( 'NONE', *, *, #5606, .T. ) ;
#4595 = CARTESIAN_POINT ( 'NONE',  ( 0.3249999999999999001, 2.489731222669117727, -0.3549999999999997047 ) ) ;
#4596 = CARTESIAN_POINT ( 'NONE',  ( -0.4294796478723777455, 0.3499999999999999778, -0.7303844438303084274 ) ) ;
#4597 = EDGE_CURVE ( 'NONE', #6044, #4367, #5285, .T. ) ;
#4598 = EDGE_LOOP ( 'NONE', ( #1573, #4901, #5764, #5275, #2400, #1375 ) ) ;
#4599 = CARTESIAN_POINT ( 'NONE',  ( -1.149999999999999689, 0.02499999999999999792, 0.2000000000000000389 ) ) ;
#4600 = EDGE_CURVE ( 'NONE', #1567, #185, #2182, .T. ) ;
#4601 = PLANE ( 'NONE',  #5955 ) ;
#4602 = ORIENTED_EDGE ( 'NONE', *, *, #1938, .T. ) ;
#4603 = CARTESIAN_POINT ( 'NONE',  ( -1.234999999999999654, 0.05000000000000000278, 0.7349999999999997646 ) ) ;
#4604 = ORIENTED_EDGE ( 'NONE', *, *, #4237, .T. ) ;
#4605 = DIRECTION ( 'NONE',  ( 0.000000000000000000, 0.000000000000000000, -1.000000000000000000 ) ) ;
#4606 = ORIENTED_EDGE ( 'NONE', *, *, #301, .T. ) ;
#4607 = CARTESIAN_POINT ( 'NONE',  ( -0.8427657606103799992, 0.3250000000000000111, 0.8999999999999995781 ) ) ;
#4608 = CARTESIAN_POINT ( 'NONE',  ( -0.1174999999999998407, 0.000000000000000000, -0.4949999999999997735 ) ) ;
#4609 = VERTEX_POINT ( 'NONE', #4188 ) ;
#4610 = ORIENTED_EDGE ( 'NONE', *, *, #6067, .F. ) ;
#4611 = ORIENTED_EDGE ( 'NONE', *, *, #1472, .F. ) ;
#4612 = CARTESIAN_POINT ( 'NONE',  ( 0.000000000000000000, 0.5954479298831145684, 0.3627028131658454613 ) ) ;
#4613 = DIRECTION ( 'NONE',  ( -1.000000000000000000, 0.000000000000000000, 0.000000000000000000 ) ) ;
#4614 = EDGE_LOOP ( 'NONE', ( #4005, #717, #1258, #1220 ) ) ;
#4615 = DIRECTION ( 'NONE',  ( -0.000000000000000000, -0.000000000000000000, -1.000000000000000000 ) ) ;
#4616 = EDGE_CURVE ( 'NONE', #2126, #951, #4805, .T. ) ;
#4617 = AXIS2_PLACEMENT_3D ( 'NONE', #453, #2531, #4622 ) ;
#4618 = DIRECTION ( 'NONE',  ( 0.000000000000000000, 0.000000000000000000, -1.000000000000000000 ) ) ;
#4619 = ORIENTED_EDGE ( 'NONE', *, *, #1259, .F. ) ;
#4620 = PLANE ( 'NONE',  #724 ) ;
#4621 = EDGE_CURVE ( 'NONE', #708, #6236, #677, .T. ) ;
#4622 = DIRECTION ( 'NONE',  ( 0.000000000000000000, 0.000000000000000000, 1.000000000000000000 ) ) ;
#4623 = ORIENTED_EDGE ( 'NONE', *, *, #1736, .T. ) ;
#4624 = ORIENTED_EDGE ( 'NONE', *, *, #3488, .F. ) ;
#4625 = DIRECTION ( 'NONE',  ( -0.000000000000000000, -1.000000000000000000, 0.000000000000000000 ) ) ;
#4626 = VERTEX_POINT ( 'NONE', #580 ) ;
#4627 = CARTESIAN_POINT ( 'NONE',  ( 0.4651012171537800555, 0.5149999999999999023, -0.05028626221636193355 ) ) ;
#4628 = ORIENTED_EDGE ( 'NONE', *, *, #329, .T. ) ;
#4629 = EDGE_CURVE ( 'NONE', #3791, #5881, #5363, .T. ) ;
#4630 = AXIS2_PLACEMENT_3D ( 'NONE', #5118, #427, #4517 ) ;
#4631 = DIRECTION ( 'NONE',  ( 0.000000000000000000, 1.000000000000000000, 0.000000000000000000 ) ) ;
#4632 = CARTESIAN_POINT ( 'NONE',  ( -0.6625000000000000888, 2.489731222669117727, -0.7849999999999996980 ) ) ;
#4633 = ORIENTED_EDGE ( 'NONE', *, *, #2588, .F. ) ;
#4634 = DIRECTION ( 'NONE',  ( 0.000000000000000000, 1.000000000000000000, 0.000000000000000000 ) ) ;
#4635 = ORIENTED_EDGE ( 'NONE', *, *, #1604, .F. ) ;
#4636 = EDGE_CURVE ( 'NONE', #6771, #890, #1269, .T. ) ;
#4637 = DIRECTION ( 'NONE',  ( 1.000000000000000000, 0.000000000000000000, -4.613626265895764052E-16 ) ) ;
#4638 = VECTOR ( 'NONE', #4077, 1000.000000000000000 ) ;
#4639 = VERTEX_POINT ( 'NONE', #100 ) ;
#4640 = AXIS2_PLACEMENT_3D ( 'NONE', #3212, #105, #5332 ) ;
#4641 = LINE ( 'NONE', #3971, #3888 ) ;
#4642 = VECTOR ( 'NONE', #907, 1000.000000000000000 ) ;
#4643 = LINE ( 'NONE', #6195, #2905 ) ;
#4644 = CARTESIAN_POINT ( 'NONE',  ( 1.499999999999999778, 0.02499999999999995628, 0.3499999999999993117 ) ) ;
#4645 = AXIS2_PLACEMENT_3D ( 'NONE', #4255, #2178, #2145 ) ;
#4646 = CARTESIAN_POINT ( 'NONE',  ( 0.1175000000000002293, 0.000000000000000000, 0.4299999999999996603 ) ) ;
#4647 = VERTEX_POINT ( 'NONE', #2151 ) ;
#4648 = ORIENTED_EDGE ( 'NONE', *, *, #669, .F. ) ;
#4649 = CARTESIAN_POINT ( 'NONE',  ( 0.2125000000000000222, 2.489731222669117727, -0.1575000000000000011 ) ) ;
#4650 = ADVANCED_FACE ( 'NONE', ( #2768 ), #4227, .T. ) ;
#4651 = VECTOR ( 'NONE', #1749, 1000.000000000000000 ) ;
#4652 = AXIS2_PLACEMENT_3D ( 'NONE', #1116, #3266, #2700 ) ;
#4653 = CIRCLE ( 'NONE', #1680, 0.1250000000000002220 ) ;
#4654 = CARTESIAN_POINT ( 'NONE',  ( -1.064999999999999503, 0.2250000000000000056, -0.4999999999999995559 ) ) ;
#4655 = CARTESIAN_POINT ( 'NONE',  ( -0.6624999999999999778, 0.000000000000000000, 0.1575000000000000011 ) ) ;
#4656 = CIRCLE ( 'NONE', #4090, 0.1000000000000000472 ) ;
#4657 = CARTESIAN_POINT ( 'NONE',  ( -0.6624999999999999778, 0.02499999999999984873, 0.08250000000000001776 ) ) ;
#4658 = ORIENTED_EDGE ( 'NONE', *, *, #1617, .F. ) ;
#4659 = CARTESIAN_POINT ( 'NONE',  ( 1.499999999999999556, 0.02499999999999995628, 0.2749999999999993006 ) ) ;
#4660 = DIRECTION ( 'NONE',  ( -1.000000000000000000, 0.000000000000000000, -8.778964959396797376E-17 ) ) ;
#4661 = CARTESIAN_POINT ( 'NONE',  ( 0.7499999999999995559, 0.3250000000000000111, -0.7999999999999997113 ) ) ;
#4662 = VERTEX_POINT ( 'NONE', #1624 ) ;
#4663 = DIRECTION ( 'NONE',  ( 6.195440985631447429E-16, -0.000000000000000000, -1.000000000000000000 ) ) ;
#4664 = ORIENTED_EDGE ( 'NONE', *, *, #1885, .F. ) ;
#4665 = DIRECTION ( 'NONE',  ( -2.950209993157834926E-16, 0.000000000000000000, 1.000000000000000000 ) ) ;
#4666 = CARTESIAN_POINT ( 'NONE',  ( -0.3066419522631327332, 0.5149999999999993472, -0.3595483853303100830 ) ) ;
#4667 = MANIFOLD_SOLID_BREP ( 'Boss-Extrude6', #308 ) ;
#4668 = COLOUR_RGB ( '',0.7960784313725489669, 0.8235294117647058432, 0.9372549019607843146 ) ;
#4669 = ORIENTED_EDGE ( 'NONE', *, *, #3215, .F. ) ;
#4670 = COLOUR_RGB ( '',0.2509803921568627416, 0.2509803921568627416, 0.2509803921568627416 ) ;
#4671 = CIRCLE ( 'NONE', #6432, 0.02000000000000010797 ) ;
#4672 = DIRECTION ( 'NONE',  ( -0.000000000000000000, 1.000000000000000000, -0.000000000000000000 ) ) ;
#4673 = VECTOR ( 'NONE', #2920, 999.9999999999998863 ) ;
#4674 = ADVANCED_FACE ( 'NONE', ( #4104 ), #4032, .T. ) ;
#4675 = FACE_OUTER_BOUND ( 'NONE', #2850, .T. ) ;
#4676 = ORIENTED_EDGE ( 'NONE', *, *, #3294, .T. ) ;
#4677 = CARTESIAN_POINT ( 'NONE',  ( -0.1174999999999998407, 0.000000000000000000, 0.4949999999999997735 ) ) ;
#4678 = ORIENTED_EDGE ( 'NONE', *, *, #3704, .F. ) ;
#4679 = CYLINDRICAL_SURFACE ( 'NONE', #4419, 0.07499999999999998335 ) ;
#4680 = ORIENTED_EDGE ( 'NONE', *, *, #2169, .T. ) ;
#4681 = EDGE_CURVE ( 'NONE', #6044, #4829, #399, .T. ) ;
#4682 = EDGE_CURVE ( 'NONE', #4307, #187, #3630, .T. ) ;
#4683 = CIRCLE ( 'NONE', #5119, 0.04330127018922183546 ) ;
#4684 = FACE_OUTER_BOUND ( 'NONE', #5936, .T. ) ;
#4685 = EDGE_CURVE ( 'NONE', #3818, #4131, #3231, .T. ) ;
#4686 = CYLINDRICAL_SURFACE ( 'NONE', #3771, 0.1000000000000000472 ) ;
#4687 = CARTESIAN_POINT ( 'NONE',  ( -0.1174999999999998268, 0.02499999999999984873, 0.4299999999999997158 ) ) ;
#4688 = DIRECTION ( 'NONE',  ( -0.7071067811865472397, 0.000000000000000000, 0.7071067811865479058 ) ) ;
#4689 = AXIS2_PLACEMENT_3D ( 'NONE', #1884, #366, #3506 ) ;
#4690 = ORIENTED_EDGE ( 'NONE', *, *, #5466, .T. ) ;
#4691 = ADVANCED_FACE ( 'NONE', ( #6226 ), #1917, .F. ) ;
#4692 = EDGE_CURVE ( 'NONE', #1906, #4001, #3598, .T. ) ;
#4693 = AXIS2_PLACEMENT_3D ( 'NONE', #2623, #3701, #4208 ) ;
#4694 = LINE ( 'NONE', #5138, #4216 ) ;
#4695 =( NAMED_UNIT ( * ) PLANE_ANGLE_UNIT ( ) SI_UNIT ( $, .RADIAN. ) );
#4696 = EDGE_CURVE ( 'NONE', #130, #2999, #515, .T. ) ;
#4697 = DIRECTION ( 'NONE',  ( 1.000000000000000000, 0.000000000000000000, -4.170008355713474686E-16 ) ) ;
#4698 = VERTEX_POINT ( 'NONE', #6705 ) ;
#4699 = DIRECTION ( 'NONE',  ( 0.000000000000000000, 1.000000000000000000, 0.000000000000000000 ) ) ;
#4700 = EDGE_CURVE ( 'NONE', #2613, #2247, #3990, .T. ) ;
#4701 = DIRECTION ( 'NONE',  ( -0.000000000000000000, -1.000000000000000000, -0.000000000000000000 ) ) ;
#4702 = CARTESIAN_POINT ( 'NONE',  ( -0.2125000000000000222, 0.02499999999999984873, 0.1574999999999999734 ) ) ;
#4703 = VERTEX_POINT ( 'NONE', #899 ) ;
#4704 = VERTEX_POINT ( 'NONE', #6643 ) ;
#4705 = DIRECTION ( 'NONE',  ( -1.000000000000000000, 0.000000000000000000, 6.672013369141570147E-16 ) ) ;
#4706 = ORIENTED_EDGE ( 'NONE', *, *, #2746, .F. ) ;
#4707 = CARTESIAN_POINT ( 'NONE',  ( -1.299999999999999600, 0.07499999999999998335, -0.1999999999999993450 ) ) ;
#4708 = PLANE ( 'NONE',  #626 ) ;
#4709 = ORIENTED_EDGE ( 'NONE', *, *, #3986, .F. ) ;
#4710 = DIRECTION ( 'NONE',  ( 0.000000000000000000, 1.000000000000000000, 0.000000000000000000 ) ) ;
#4711 = CARTESIAN_POINT ( 'NONE',  ( 0.7374999999999998224, 0.000000000000000000, 0.08250000000000000389 ) ) ;
#4712 = ORIENTED_EDGE ( 'NONE', *, *, #3864, .T. ) ;
#4713 = DIRECTION ( 'NONE',  ( 0.000000000000000000, 0.000000000000000000, -1.000000000000000000 ) ) ;
#4714 = LINE ( 'NONE', #6157, #1675 ) ;
#4715 = EDGE_LOOP ( 'NONE', ( #1184, #4934, #2800, #747 ) ) ;
#4716 = EDGE_CURVE ( 'NONE', #5477, #5828, #999, .T. ) ;
#4717 = CARTESIAN_POINT ( 'NONE',  ( -1.424999999999999600, 0.07499999999999999722, -0.1999999999999993450 ) ) ;
#4718 = ORIENTED_EDGE ( 'NONE', *, *, #6205, .F. ) ;
#4719 = FACE_BOUND ( 'NONE', #462, .T. ) ;
#4720 = EDGE_CURVE ( 'NONE', #6700, #2844, #2582, .T. ) ;
#4721 = CYLINDRICAL_SURFACE ( 'NONE', #2559, 0.07499999999999998335 ) ;
#4722 = ORIENTED_EDGE ( 'NONE', *, *, #2058, .T. ) ;
#4723 = CARTESIAN_POINT ( 'NONE',  ( 0.04250000000000028061, 2.489731222669117727, 0.3549999999999997602 ) ) ;
#4724 = DIRECTION ( 'NONE',  ( -0.000000000000000000, -0.000000000000000000, -1.000000000000000000 ) ) ;
#4725 = EDGE_CURVE ( 'NONE', #6467, #4639, #4137, .T. ) ;
#4726 = DIRECTION ( 'NONE',  ( 0.000000000000000000, 0.000000000000000000, 1.000000000000000000 ) ) ;
#4727 = VERTEX_POINT ( 'NONE', #4528 ) ;
#4728 = CARTESIAN_POINT ( 'NONE',  ( -0.2912443665155567962, 0.3499999999999999778, -0.7303844438303085385 ) ) ;
#4729 = ORIENTED_EDGE ( 'NONE', *, *, #6577, .T. ) ;
#4730 = EDGE_CURVE ( 'NONE', #513, #6736, #4458, .T. ) ;
#4731 = LINE ( 'NONE', #5911, #6719 ) ;
#4732 = CARTESIAN_POINT ( 'NONE',  ( 0.1175000000000000350, 2.489731222669117727, -0.4949999999999997735 ) ) ;
#4733 = CYLINDRICAL_SURFACE ( 'NONE', #2984, 0.07499999999999991396 ) ;
#4734 = VERTEX_POINT ( 'NONE', #1428 ) ;
#4735 = ORIENTED_EDGE ( 'NONE', *, *, #5974, .F. ) ;
#4736 = CARTESIAN_POINT ( 'NONE',  ( 0.2125000000000000222, 2.489731222669117727, 0.1574999999999999734 ) ) ;
#4737 = ORIENTED_EDGE ( 'NONE', *, *, #4976, .F. ) ;
#4738 = CARTESIAN_POINT ( 'NONE',  ( -1.234999999999999654, 0.2149999999999999967, -0.7999999999999997113 ) ) ;
#4739 = ADVANCED_FACE ( 'NONE', ( #3019 ), #2513, .T. ) ;
#4740 = DIRECTION ( 'NONE',  ( 0.000000000000000000, 1.000000000000000000, 0.000000000000000000 ) ) ;
#4741 = LINE ( 'NONE', #5885, #3738 ) ;
#4742 = CARTESIAN_POINT ( 'NONE',  ( 0.7499999999999995559, 0.2250000000000000056, 0.2592837430570318902 ) ) ;
#4743 = DIRECTION ( 'NONE',  ( 8.340016711426941483E-16, 0.000000000000000000, 1.000000000000000000 ) ) ;
#4744 = CARTESIAN_POINT ( 'NONE',  ( -1.499999999999999556, 0.02499999999999995628, -0.5499999999999992673 ) ) ;
#4745 = AXIS2_PLACEMENT_3D ( 'NONE', #6481, #3174, #1596 ) ;
#4746 = AXIS2_PLACEMENT_3D ( 'NONE', #3254, #112, #6395 ) ;
#4747 = CARTESIAN_POINT ( 'NONE',  ( -0.4086633323914709570, 0.02499999999999984873, -0.6147448925490746063 ) ) ;
#4748 = VERTEX_POINT ( 'NONE', #5125 ) ;
#4749 = CARTESIAN_POINT ( 'NONE',  ( 1.234999999999999654, 0.05000000000000000278, -0.7349999999999997646 ) ) ;
#4750 = DIRECTION ( 'NONE',  ( -1.000000000000000000, -0.000000000000000000, -0.000000000000000000 ) ) ;
#4751 = ORIENTED_EDGE ( 'NONE', *, *, #85, .F. ) ;
#4752 = AXIS2_PLACEMENT_3D ( 'NONE', #2393, #4994, #267 ) ;
#4753 = ADVANCED_FACE ( 'NONE', ( #152 ), #2723, .F. ) ;
#4754 = VECTOR ( 'NONE', #2337, 1000.000000000000000 ) ;
#4755 = VERTEX_POINT ( 'NONE', #3183 ) ;
#4756 = EDGE_CURVE ( 'NONE', #29, #2218, #2751, .T. ) ;
#4757 = LINE ( 'NONE', #3708, #6222 ) ;
#4758 = VECTOR ( 'NONE', #413, 1000.000000000000000 ) ;
#4759 = VECTOR ( 'NONE', #2360, 1000.000000000000000 ) ;
#4760 = DIRECTION ( 'NONE',  ( 0.000000000000000000, 0.000000000000000000, -1.000000000000000000 ) ) ;
#4761 = PLANE ( 'NONE',  #4178 ) ;
#4762 = ORIENTED_EDGE ( 'NONE', *, *, #3568, .F. ) ;
#4763 = VECTOR ( 'NONE', #6414, 1000.000000000000000 ) ;
#4764 = DIRECTION ( 'NONE',  ( 0.000000000000000000, 0.000000000000000000, -1.000000000000000000 ) ) ;
#4765 = EDGE_LOOP ( 'NONE', ( #3121, #2618, #5857, #2814, #3073, #3280 ) ) ;
#4766 = EDGE_CURVE ( 'NONE', #2678, #3957, #115, .T. ) ;
#4767 = EDGE_CURVE ( 'NONE', #2282, #4301, #5075, .T. ) ;
#4768 = DIRECTION ( 'NONE',  ( -0.000000000000000000, -1.000000000000000000, -0.000000000000000000 ) ) ;
#4769 = DIRECTION ( 'NONE',  ( -0.000000000000000000, 1.000000000000000000, -0.000000000000000000 ) ) ;
#4770 = CIRCLE ( 'NONE', #1897, 0.1249999999999998890 ) ;
#4771 = VERTEX_POINT ( 'NONE', #39 ) ;
#4772 = EDGE_CURVE ( 'NONE', #3719, #2512, #5849, .T. ) ;
#4773 = FACE_OUTER_BOUND ( 'NONE', #3190, .T. ) ;
#4774 = ORIENTED_EDGE ( 'NONE', *, *, #4071, .T. ) ;
#4775 = ORIENTED_EDGE ( 'NONE', *, *, #1682, .F. ) ;
#4776 = DIRECTION ( 'NONE',  ( -1.000000000000000000, 0.000000000000000000, -1.858632295689436004E-15 ) ) ;
#4777 = VERTEX_POINT ( 'NONE', #2230 ) ;
#4778 = LINE ( 'NONE', #2717, #2001 ) ;
#4779 = CIRCLE ( 'NONE', #4199, 0.04330127018922183546 ) ;
#4780 = DIRECTION ( 'NONE',  ( -0.000000000000000000, -1.000000000000000000, -0.000000000000000000 ) ) ;
#4781 = VECTOR ( 'NONE', #5161, 1000.000000000000000 ) ;
#4782 = CARTESIAN_POINT ( 'NONE',  ( 1.064999999999999503, 0.2250000000000000056, -0.4999999999999995559 ) ) ;
#4783 = ORIENTED_EDGE ( 'NONE', *, *, #5941, .T. ) ;
#4784 = ADVANCED_FACE ( 'NONE', ( #6436 ), #3728, .T. ) ;
#4785 = DIRECTION ( 'NONE',  ( -1.000000000000000000, 0.000000000000000000, -0.000000000000000000 ) ) ;
#4786 = DIRECTION ( 'NONE',  ( 1.000000000000000000, 0.000000000000000000, -0.000000000000000000 ) ) ;
#4787 = CIRCLE ( 'NONE', #3450, 0.04999999999999991257 ) ;
#4788 = AXIS2_PLACEMENT_3D ( 'NONE', #2917, #5022, #6089 ) ;
#4789 = CARTESIAN_POINT ( 'NONE',  ( 0.1375000000000000389, 0.02499999999999984873, 0.08250000000000001776 ) ) ;
#4790 = DIRECTION ( 'NONE',  ( 1.000000000000000000, 0.000000000000000000, 1.858632295689436004E-15 ) ) ;
#4791 = CARTESIAN_POINT ( 'NONE',  ( 0.8427657606103799992, 0.3250000000000000111, 0.7749999999999996891 ) ) ;
#4792 = EDGE_LOOP ( 'NONE', ( #5461, #5919, #763, #138 ) ) ;
#4793 = VECTOR ( 'NONE', #5405, 1000.000000000000000 ) ;
#4794 = ORIENTED_EDGE ( 'NONE', *, *, #1814, .F. ) ;
#4795 = EDGE_CURVE ( 'NONE', #4698, #2772, #1550, .T. ) ;
#4796 = DIRECTION ( 'NONE',  ( -0.000000000000000000, -1.000000000000000000, -0.000000000000000000 ) ) ;
#4797 = CIRCLE ( 'NONE', #2921, 0.1000000000000001582 ) ;
#4798 = ORIENTED_EDGE ( 'NONE', *, *, #3496, .T. ) ;
#4799 = CARTESIAN_POINT ( 'NONE',  ( 1.069999999999999618, 0.2250000000000000056, 0.1913252839170866137 ) ) ;
#4800 = ORIENTED_EDGE ( 'NONE', *, *, #4956, .F. ) ;
#4801 = CARTESIAN_POINT ( 'NONE',  ( 0.9593865445117156776, 0.3499999999999999778, 0.2040443338732237377 ) ) ;
#4802 = ORIENTED_EDGE ( 'NONE', *, *, #869, .F. ) ;
#4803 = CIRCLE ( 'NONE', #6559, 0.4550000000000000155 ) ;
#4804 = EDGE_CURVE ( 'NONE', #3644, #1577, #5342, .T. ) ;
#4805 = LINE ( 'NONE', #5803, #3637 ) ;
#4806 = FACE_OUTER_BOUND ( 'NONE', #6506, .T. ) ;
#4807 = ADVANCED_FACE ( 'NONE', ( #532 ), #1638, .F. ) ;
#4808 = EDGE_CURVE ( 'NONE', #2045, #2740, #376, .T. ) ;
#4809 = ORIENTED_EDGE ( 'NONE', *, *, #2034, .F. ) ;
#4810 = VERTEX_POINT ( 'NONE', #6368 ) ;
#4811 = CARTESIAN_POINT ( 'NONE',  ( 0.1738536163239005339, 0.5149999999999999023, 0.4354682067959152469 ) ) ;
#4812 = DIRECTION ( 'NONE',  ( -1.858632295689436004E-15, -0.000000000000000000, 1.000000000000000000 ) ) ;
#4813 = CARTESIAN_POINT ( 'NONE',  ( 0.1375000000000000389, 0.000000000000000000, 0.08250000000000001776 ) ) ;
#4814 = CARTESIAN_POINT ( 'NONE',  ( 0.04250000000000039163, 2.489731222669117727, 0.5699999999999998401 ) ) ;
#4815 = DIRECTION ( 'NONE',  ( 0.000000000000000000, 0.000000000000000000, 1.000000000000000000 ) ) ;
#4816 = EDGE_CURVE ( 'NONE', #4540, #6427, #1568, .T. ) ;
#4817 = DIRECTION ( 'NONE',  ( -5.421010862427514281E-16, 0.000000000000000000, 1.000000000000000000 ) ) ;
#4818 = EDGE_CURVE ( 'NONE', #4480, #2247, #3956, .T. ) ;
#4819 = CARTESIAN_POINT ( 'NONE',  ( 4.336808689942017736E-16, 0.2249999999999999500, -0.7999999999999997113 ) ) ;
#4820 = DIRECTION ( 'NONE',  ( 0.000000000000000000, 0.000000000000000000, -1.000000000000000000 ) ) ;
#4821 = CARTESIAN_POINT ( 'NONE',  ( -0.5499999999999971578, 1.326135777277262395, -0.7999999999999998224 ) ) ;
#4822 = ORIENTED_EDGE ( 'NONE', *, *, #4511, .T. ) ;
#4823 = ORIENTED_EDGE ( 'NONE', *, *, #2437, .T. ) ;
#4824 = CARTESIAN_POINT ( 'NONE',  ( -0.9500000000000003997, 0.000000000000000000, -0.6599999999999998090 ) ) ;
#4825 = SURFACE_STYLE_FILL_AREA ( #609 ) ;
#4826 = DIRECTION ( 'NONE',  ( -1.000000000000000000, 0.000000000000000000, -0.000000000000000000 ) ) ;
#4827 = ORIENTED_EDGE ( 'NONE', *, *, #363, .F. ) ;
#4828 = CARTESIAN_POINT ( 'NONE',  ( 0.4670526090495509264, 0.5149999999999992362, -0.03020581678025675842 ) ) ;
#4829 = VERTEX_POINT ( 'NONE', #5784 ) ;
#4830 = SURFACE_SIDE_STYLE ('',( #649 ) ) ;
#4831 = CARTESIAN_POINT ( 'NONE',  ( -0.9999999999999995559, 0.2149999999999999967, -0.7999999999999996003 ) ) ;
#4832 = ORIENTED_EDGE ( 'NONE', *, *, #5482, .F. ) ;
#4833 = ORIENTED_EDGE ( 'NONE', *, *, #1339, .T. ) ;
#4834 = DIRECTION ( 'NONE',  ( -1.000000000000000000, 0.000000000000000000, 8.778964959396797376E-17 ) ) ;
#4835 = ORIENTED_EDGE ( 'NONE', *, *, #5622, .T. ) ;
#4836 = FACE_OUTER_BOUND ( 'NONE', #4081, .T. ) ;
#4837 = ORIENTED_EDGE ( 'NONE', *, *, #3774, .T. ) ;
#4838 = EDGE_CURVE ( 'NONE', #1834, #6799, #3844, .T. ) ;
#4839 =( NAMED_UNIT ( * ) SI_UNIT ( $, .STERADIAN. ) SOLID_ANGLE_UNIT ( ) );
#4840 = DIRECTION ( 'NONE',  ( 0.000000000000000000, -1.000000000000000000, 0.000000000000000000 ) ) ;
#4841 = FACE_OUTER_BOUND ( 'NONE', #1562, .T. ) ;
#4842 = ORIENTED_EDGE ( 'NONE', *, *, #6447, .F. ) ;
#4843 = CARTESIAN_POINT ( 'NONE',  ( 0.6624999999999999778, 0.000000000000000000, 0.08250000000000001776 ) ) ;
#4844 = DIRECTION ( 'NONE',  ( -1.084202172485504828E-15, 0.000000000000000000, 1.000000000000000000 ) ) ;
#4845 = VECTOR ( 'NONE', #1352, 1000.000000000000000 ) ;
#4846 = DIRECTION ( 'NONE',  ( -0.000000000000000000, 1.000000000000000000, -0.000000000000000000 ) ) ;
#4847 = DIRECTION ( 'NONE',  ( 4.170008355713474686E-16, -0.000000000000000000, 1.000000000000000000 ) ) ;
#4848 = CARTESIAN_POINT ( 'NONE',  ( 1.424999999999999600, 0.02499999999999995628, -0.1999999999999993450 ) ) ;
#4849 = EDGE_CURVE ( 'NONE', #6629, #2927, #5267, .T. ) ;
#4850 = ORIENTED_EDGE ( 'NONE', *, *, #2754, .T. ) ;
#4851 = VECTOR ( 'NONE', #5329, 1000.000000000000000 ) ;
#4852 = AXIS2_PLACEMENT_3D ( 'NONE', #4030, #6224, #1426 ) ;
#4853 = DIRECTION ( 'NONE',  ( -0.000000000000000000, -1.000000000000000000, -0.000000000000000000 ) ) ;
#4854 = VECTOR ( 'NONE', #2799, 1000.000000000000000 ) ;
#4855 = DIRECTION ( 'NONE',  ( -0.000000000000000000, -1.000000000000000000, -0.000000000000000000 ) ) ;
#4856 = VECTOR ( 'NONE', #1934, 1000.000000000000000 ) ;
#4857 = VECTOR ( 'NONE', #455, 1000.000000000000000 ) ;
#4858 = ORIENTED_EDGE ( 'NONE', *, *, #6633, .F. ) ;
#4859 = CARTESIAN_POINT ( 'NONE',  ( 1.149999999999999689, 0.07499999999999999722, -0.2000000000000000389 ) ) ;
#4860 = ADVANCED_FACE ( 'NONE', ( #5887 ), #563, .F. ) ;
#4861 = CARTESIAN_POINT ( 'NONE',  ( 0.1084093427411659399, 0.5150000000000007905, 0.4591564742960398959 ) ) ;
#4862 = ORIENTED_EDGE ( 'NONE', *, *, #1977, .T. ) ;
#4863 = MECHANICAL_DESIGN_GEOMETRIC_PRESENTATION_REPRESENTATION (  '', ( #3429 ), #4971 ) ;
#4864 = AXIS2_PLACEMENT_3D ( 'NONE', #5367, #6767, #1631 ) ;
#4865 = CARTESIAN_POINT ( 'NONE',  ( 1.149999999999999689, 0.07499999999999999722, -0.2000000000000000389 ) ) ;
#4866 = LINE ( 'NONE', #134, #3424 ) ;
#4867 = VERTEX_POINT ( 'NONE', #1177 ) ;
#4868 = ORIENTED_EDGE ( 'NONE', *, *, #4696, .T. ) ;
#4869 = AXIS2_PLACEMENT_3D ( 'NONE', #6679, #1001, #4605 ) ;
#4870 = FACE_OUTER_BOUND ( 'NONE', #6485, .T. ) ;
#4871 = ORIENTED_EDGE ( 'NONE', *, *, #54, .T. ) ;
#4872 = DIRECTION ( 'NONE',  ( 0.000000000000000000, 0.000000000000000000, -1.000000000000000000 ) ) ;
#4873 = ORIENTED_EDGE ( 'NONE', *, *, #2064, .F. ) ;
#4874 = ADVANCED_FACE ( 'NONE', ( #5818 ), #1101, .T. ) ;
#4875 = AXIS2_PLACEMENT_3D ( 'NONE', #5889, #6335, #1609 ) ;
#4876 = VERTEX_POINT ( 'NONE', #6534 ) ;
#4877 = CARTESIAN_POINT ( 'NONE',  ( 1.234999999999999654, 0.05000000000000000278, 0.7349999999999997646 ) ) ;
#4878 = CARTESIAN_POINT ( 'NONE',  ( 0.2125000000000000222, 0.000000000000000000, -0.08250000000000001776 ) ) ;
#4879 = LINE ( 'NONE', #191, #4400 ) ;
#4880 = ORIENTED_EDGE ( 'NONE', *, *, #330, .T. ) ;
#4881 = CARTESIAN_POINT ( 'NONE',  ( -1.149999999999999689, 0.02499999999999995628, -0.2000000000000000389 ) ) ;
#4882 = VECTOR ( 'NONE', #4436, 1000.000000000000114 ) ;
#4883 = DIRECTION ( 'NONE',  ( 0.000000000000000000, 0.000000000000000000, -1.000000000000000000 ) ) ;
#4884 = ADVANCED_FACE ( 'NONE', ( #3892 ), #6593, .T. ) ;
#4885 = LINE ( 'NONE', #3896, #745 ) ;
#4886 = CARTESIAN_POINT ( 'NONE',  ( -0.04249999999999988509, 0.02499999999999984873, -0.3549999999999997602 ) ) ;
#4887 = CARTESIAN_POINT ( 'NONE',  ( -0.1174999999999998268, 0.02499999999999984873, 0.4299999999999997158 ) ) ;
#4888 = EDGE_CURVE ( 'NONE', #4964, #2993, #2273, .T. ) ;
#4889 = ADVANCED_FACE ( 'NONE', ( #3921 ), #2375, .T. ) ;
#4890 = EDGE_LOOP ( 'NONE', ( #230, #4033, #5399, #6792 ) ) ;
#4891 = CIRCLE ( 'NONE', #1053, 0.1250000000000002220 ) ;
#4892 = DIRECTION ( 'NONE',  ( 2.950209993157834433E-16, 0.000000000000000000, -1.000000000000000000 ) ) ;
#4893 = AXIS2_PLACEMENT_3D ( 'NONE', #61, #5393, #3206 ) ;
#4894 = AXIS2_PLACEMENT_3D ( 'NONE', #5048, #3998, #1394 ) ;
#4895 = CARTESIAN_POINT ( 'NONE',  ( 1.149999999999999467, 0.02499999999999995628, -0.5499999999999999334 ) ) ;
#4896 = ORIENTED_EDGE ( 'NONE', *, *, #662, .T. ) ;
#4897 = AXIS2_PLACEMENT_3D ( 'NONE', #714, #3375, #6102 ) ;
#4898 = ADVANCED_FACE ( 'NONE', ( #4484 ), #4383, .F. ) ;
#4899 = VERTEX_POINT ( 'NONE', #1808 ) ;
#4900 = CARTESIAN_POINT ( 'NONE',  ( -0.5913366676085289875, 0.000000000000000000, 0.6147448925490746063 ) ) ;
#4901 = ORIENTED_EDGE ( 'NONE', *, *, #1519, .F. ) ;
#4902 = VECTOR ( 'NONE', #5590, 1000.000000000000000 ) ;
#4903 = CARTESIAN_POINT ( 'NONE',  ( 0.8249999999999999556, 2.489731222669117727, 0.7849999999999998090 ) ) ;
#4904 = EDGE_CURVE ( 'NONE', #3589, #1987, #5017, .T. ) ;
#4905 = DIRECTION ( 'NONE',  ( 0.000000000000000000, 0.000000000000000000, 1.000000000000000000 ) ) ;
#4906 = ORIENTED_EDGE ( 'NONE', *, *, #5691, .F. ) ;
#4907 = ORIENTED_EDGE ( 'NONE', *, *, #1938, .F. ) ;
#4908 = CARTESIAN_POINT ( 'NONE',  ( -1.149999999999999467, 0.07499999999999999722, -0.5499999999999999334 ) ) ;
#4909 = AXIS2_PLACEMENT_3D ( 'NONE', #258, #5446, #6537 ) ;
#4910 = ORIENTED_EDGE ( 'NONE', *, *, #4271, .T. ) ;
#4911 = CARTESIAN_POINT ( 'NONE',  ( -0.3375000000000001332, 0.02499999999999984873, -0.7849999999999998090 ) ) ;
#4912 = EDGE_CURVE ( 'NONE', #2055, #1755, #4980, .T. ) ;
#4913 = ORIENTED_EDGE ( 'NONE', *, *, #575, .T. ) ;
#4914 = CARTESIAN_POINT ( 'NONE',  ( -0.3999999999999999667, 0.000000000000000000, 0.3549999999999997602 ) ) ;
#4915 = FACE_OUTER_BOUND ( 'NONE', #5826, .T. ) ;
#4916 = ORIENTED_EDGE ( 'NONE', *, *, #5319, .F. ) ;
#4917 = DIRECTION ( 'NONE',  ( 0.000000000000000000, 0.000000000000000000, 1.000000000000000000 ) ) ;
#4918 = CARTESIAN_POINT ( 'NONE',  ( -0.04249999999999988509, 2.489731222669117727, 0.3549999999999997602 ) ) ;
#4919 = FACE_OUTER_BOUND ( 'NONE', #1159, .T. ) ;
#4920 = CARTESIAN_POINT ( 'NONE',  ( 0.7499999999999995559, 1.661001497005149652, 0.7999999999999997113 ) ) ;
#4921 = DIRECTION ( 'NONE',  ( -1.000000000000000000, -0.000000000000000000, 1.084202172485504828E-15 ) ) ;
#4922 = DIRECTION ( 'NONE',  ( -0.000000000000000000, 1.000000000000000000, -0.000000000000000000 ) ) ;
#4923 = EDGE_CURVE ( 'NONE', #6097, #3987, #5311, .T. ) ;
#4924 = ORIENTED_EDGE ( 'NONE', *, *, #3191, .F. ) ;
#4925 = CARTESIAN_POINT ( 'NONE',  ( -0.8249999999999999556, 2.489731222669117727, -0.7849999999999998090 ) ) ;
#4926 = CYLINDRICAL_SURFACE ( 'NONE', #2011, 0.1249999999999998890 ) ;
#4927 = CARTESIAN_POINT ( 'NONE',  ( -0.9770577591781608451, 0.3250000000000000111, -0.4816767617725544182 ) ) ;
#4928 = ORIENTED_EDGE ( 'NONE', *, *, #616, .T. ) ;
#4929 = ADVANCED_FACE ( 'NONE', ( #3857 ), #3286, .T. ) ;
#4930 = FACE_OUTER_BOUND ( 'NONE', #2367, .T. ) ;
#4931 = CARTESIAN_POINT ( 'NONE',  ( -1.499999999999999556, 0.07499999999999999722, 0.5499999999999992673 ) ) ;
#4932 = EDGE_CURVE ( 'NONE', #5321, #3776, #1265, .T. ) ;
#4933 = EDGE_CURVE ( 'NONE', #392, #6080, #6723, .T. ) ;
#4934 = ORIENTED_EDGE ( 'NONE', *, *, #404, .T. ) ;
#4935 = LINE ( 'NONE', #6039, #919 ) ;
#4936 = ORIENTED_EDGE ( 'NONE', *, *, #239, .T. ) ;
#4937 = LINE ( 'NONE', #6460, #6200 ) ;
#4938 = VERTEX_POINT ( 'NONE', #193 ) ;
#4939 = DIRECTION ( 'NONE',  ( 0.000000000000000000, -1.000000000000000000, -0.000000000000000000 ) ) ;
#4940 = ORIENTED_EDGE ( 'NONE', *, *, #3653, .T. ) ;
#4941 = LINE ( 'NONE', #5501, #5631 ) ;
#4942 = ORIENTED_EDGE ( 'NONE', *, *, #1726, .T. ) ;
#4943 = CARTESIAN_POINT ( 'NONE',  ( 0.9445302004049205280, 0.3250000000000000111, -0.8475878694638663280 ) ) ;
#4944 = DIRECTION ( 'NONE',  ( 0.000000000000000000, 0.000000000000000000, -1.000000000000000000 ) ) ;
#4945 = LINE ( 'NONE', #157, #1717 ) ;
#4946 = AXIS2_PLACEMENT_3D ( 'NONE', #2947, #4424, #5549 ) ;
#4947 = CARTESIAN_POINT ( 'NONE',  ( -0.1375000000000000389, 2.489731222669117727, 0.08250000000000001776 ) ) ;
#4948 = CARTESIAN_POINT ( 'NONE',  ( -1.149999999999999467, -0.4699747468305839893, -0.5499999999999999334 ) ) ;
#4949 = ORIENTED_EDGE ( 'NONE', *, *, #33, .F. ) ;
#4950 = DIRECTION ( 'NONE',  ( -1.000000000000000000, 0.000000000000000000, 0.000000000000000000 ) ) ;
#4951 =( NAMED_UNIT ( * ) PLANE_ANGLE_UNIT ( ) SI_UNIT ( $, .RADIAN. ) );
#4952 = DIRECTION ( 'NONE',  ( 0.000000000000000000, 0.000000000000000000, -1.000000000000000000 ) ) ;
#4953 = ORIENTED_EDGE ( 'NONE', *, *, #457, .F. ) ;
#4954 = VERTEX_POINT ( 'NONE', #5985 ) ;
#4955 = DIRECTION ( 'NONE',  ( 0.000000000000000000, 0.000000000000000000, -1.000000000000000000 ) ) ;
#4956 = EDGE_CURVE ( 'NONE', #4021, #4215, #764, .T. ) ;
#4957 = CARTESIAN_POINT ( 'NONE',  ( -0.5499999999999971578, 0.2249999999999999500, -0.8499999999999998668 ) ) ;
#4958 = VECTOR ( 'NONE', #6420, 1000.000000000000000 ) ;
#4959 = FACE_OUTER_BOUND ( 'NONE', #5291, .T. ) ;
#4960 = VECTOR ( 'NONE', #3356, 1000.000000000000000 ) ;
#4961 = DIRECTION ( 'NONE',  ( -0.7071067811865484609, 0.000000000000000000, -0.7071067811865466846 ) ) ;
#4962 = ORIENTED_EDGE ( 'NONE', *, *, #5174, .F. ) ;
#4963 = CIRCLE ( 'NONE', #2882, 0.07499999999999998335 ) ;
#4964 = VERTEX_POINT ( 'NONE', #6468 ) ;
#4965 = LINE ( 'NONE', #2812, #806 ) ;
#4966 = EDGE_LOOP ( 'NONE', ( #640, #4602, #1354, #442 ) ) ;
#4967 = EDGE_CURVE ( 'NONE', #2181, #3005, #2880, .T. ) ;
#4968 = VECTOR ( 'NONE', #350, 1000.000000000000000 ) ;
#4969 = DIRECTION ( 'NONE',  ( 0.000000000000000000, 0.000000000000000000, -1.000000000000000000 ) ) ;
#4970 = EDGE_CURVE ( 'NONE', #209, #5477, #225, .T. ) ;
#4971 =( GEOMETRIC_REPRESENTATION_CONTEXT ( 3 ) GLOBAL_UNCERTAINTY_ASSIGNED_CONTEXT ( ( #770 ) ) GLOBAL_UNIT_ASSIGNED_CONTEXT ( ( #6166, #4695, #6448 ) ) REPRESENTATION_CONTEXT ( 'NONE', 'WORKASPACE' ) );
#4972 = VECTOR ( 'NONE', #5024, 1000.000000000000000 ) ;
#4973 = EDGE_LOOP ( 'NONE', ( #4345, #159, #4, #2695, #4868, #810 ) ) ;
#4974 = LINE ( 'NONE', #6077, #5659 ) ;
#4975 = LINE ( 'NONE', #6530, #2552 ) ;
#4976 = EDGE_CURVE ( 'NONE', #5006, #6452, #3824, .T. ) ;
#4977 = VERTEX_POINT ( 'NONE', #3419 ) ;
#4978 = DIRECTION ( 'NONE',  ( 0.000000000000000000, 0.000000000000000000, 1.000000000000000000 ) ) ;
#4979 = ORIENTED_EDGE ( 'NONE', *, *, #2718, .T. ) ;
#4980 = LINE ( 'NONE', #1205, #5853 ) ;
#4981 = DIRECTION ( 'NONE',  ( 0.000000000000000000, 1.000000000000000000, 0.000000000000000000 ) ) ;
#4982 = VECTOR ( 'NONE', #6504, 1000.000000000000000 ) ;
#4983 = CIRCLE ( 'NONE', #4645, 0.04330127018922183546 ) ;
#4984 = CARTESIAN_POINT ( 'NONE',  ( 0.2125000000000000222, 0.02499999999999984873, 0.1575000000000000011 ) ) ;
#4985 = CARTESIAN_POINT ( 'NONE',  ( 1.234999999999999654, 0.2149999999999999967, 0.7349999999999997646 ) ) ;
#4986 = VECTOR ( 'NONE', #3845, 1000.000000000000000 ) ;
#4987 = FACE_OUTER_BOUND ( 'NONE', #2405, .T. ) ;
#4988 = LINE ( 'NONE', #5449, #2429 ) ;
#4989 = LINE ( 'NONE', #2413, #4763 ) ;
#4990 = FACE_OUTER_BOUND ( 'NONE', #5500, .T. ) ;
#4991 = AXIS2_PLACEMENT_3D ( 'NONE', #2396, #3441, #6164 ) ;
#4992 = DIRECTION ( 'NONE',  ( 0.000000000000000000, 1.000000000000000000, 0.000000000000000000 ) ) ;
#4993 = ORIENTED_EDGE ( 'NONE', *, *, #4198, .F. ) ;
#4994 = DIRECTION ( 'NONE',  ( -1.000000000000000000, 0.000000000000000000, 6.505213034913017138E-15 ) ) ;
#4995 = EDGE_LOOP ( 'NONE', ( #6551, #621, #4411, #3867 ) ) ;
#4996 = VECTOR ( 'NONE', #5201, 1000.000000000000000 ) ;
#4997 = ORIENTED_EDGE ( 'NONE', *, *, #1531, .T. ) ;
#4998 = VECTOR ( 'NONE', #3572, 1000.000000000000000 ) ;
#4999 = EDGE_LOOP ( 'NONE', ( #3513, #3823, #4048, #1002, #1623, #4580, #900, #4350, #9, #842, #960, #2394, #5164, #4794 ) ) ;
#5000 = CARTESIAN_POINT ( 'NONE',  ( 0.3537307145380697015, 0.3499999999999999778, 0.7303844438303084274 ) ) ;
#5001 = DIRECTION ( 'NONE',  ( 0.000000000000000000, 0.000000000000000000, -1.000000000000000000 ) ) ;
#5002 = CARTESIAN_POINT ( 'NONE',  ( 0.5913366676085289875, 2.489731222669117727, 0.6147448925490746063 ) ) ;
#5003 = DIRECTION ( 'NONE',  ( -0.7071067811865465735, 0.000000000000000000, 0.7071067811865483499 ) ) ;
#5004 = VERTEX_POINT ( 'NONE', #5951 ) ;
#5005 = DIRECTION ( 'NONE',  ( -1.000000000000000000, 0.000000000000000000, 8.778964959396797376E-17 ) ) ;
#5006 = VERTEX_POINT ( 'NONE', #5540 ) ;
#5007 = LINE ( 'NONE', #2297, #497 ) ;
#5008 = ADVANCED_FACE ( 'NONE', ( #1232 ), #3321, .T. ) ;
#5009 = AXIS2_PLACEMENT_3D ( 'NONE', #6685, #2031, #1440 ) ;
#5010 = EDGE_CURVE ( 'NONE', #6034, #3379, #3492, .T. ) ;
#5011 = ORIENTED_EDGE ( 'NONE', *, *, #1730, .T. ) ;
#5012 =( LENGTH_UNIT ( ) NAMED_UNIT ( * ) SI_UNIT ( .MILLI., .METRE. ) );
#5013 = LINE ( 'NONE', #5147, #4277 ) ;
#5014 = VECTOR ( 'NONE', #1185, 1000.000000000000000 ) ;
#5015 = ORIENTED_EDGE ( 'NONE', *, *, #125, .F. ) ;
#5016 = ORIENTED_EDGE ( 'NONE', *, *, #1910, .F. ) ;
#5017 = LINE ( 'NONE', #4417, #3199 ) ;
#5018 = FACE_OUTER_BOUND ( 'NONE', #3054, .T. ) ;
#5019 = VECTOR ( 'NONE', #1518, 1000.000000000000114 ) ;
#5020 = CARTESIAN_POINT ( 'NONE',  ( 0.6624999999999998668, 0.000000000000000000, -0.7849999999999999201 ) ) ;
#5021 = EDGE_CURVE ( 'NONE', #2304, #1742, #3741, .T. ) ;
#5022 = DIRECTION ( 'NONE',  ( 0.000000000000000000, 1.000000000000000000, 0.000000000000000000 ) ) ;
#5023 = LINE ( 'NONE', #2280, #1449 ) ;
#5024 = DIRECTION ( 'NONE',  ( 5.421010862427514281E-16, -0.000000000000000000, 1.000000000000000000 ) ) ;
#5025 = CARTESIAN_POINT ( 'NONE',  ( -0.4086633323914709570, 2.489731222669117727, 0.6147448925490746063 ) ) ;
#5026 = ORIENTED_EDGE ( 'NONE', *, *, #3535, .T. ) ;
#5027 = ADVANCED_FACE ( 'NONE', ( #3009 ), #4095, .F. ) ;
#5028 = CARTESIAN_POINT ( 'NONE',  ( 0.6750000000000000444, 0.02499999999999984873, 0.5299999999999999156 ) ) ;
#5029 = ORIENTED_EDGE ( 'NONE', *, *, #6461, .F. ) ;
#5030 = CARTESIAN_POINT ( 'NONE',  ( -0.2038647517186450986, 0.5149999999999999023, -0.4209406645152945492 ) ) ;
#5031 = ORIENTED_EDGE ( 'NONE', *, *, #2825, .F. ) ;
#5032 = VERTEX_POINT ( 'NONE', #5604 ) ;
#5033 = ORIENTED_EDGE ( 'NONE', *, *, #239, .F. ) ;
#5034 = EDGE_CURVE ( 'NONE', #3553, #4256, #2536, .T. ) ;
#5035 = DIRECTION ( 'NONE',  ( 1.000000000000000000, 0.000000000000000000, -0.000000000000000000 ) ) ;
#5036 = DIRECTION ( 'NONE',  ( 1.000000000000000000, 0.000000000000000000, 0.000000000000000000 ) ) ;
#5037 = FACE_OUTER_BOUND ( 'NONE', #1626, .T. ) ;
#5038 = VERTEX_POINT ( 'NONE', #2508 ) ;
#5039 = DIRECTION ( 'NONE',  ( 1.000000000000000000, 0.000000000000000000, 2.572962080709738771E-16 ) ) ;
#5040 = ORIENTED_EDGE ( 'NONE', *, *, #5779, .T. ) ;
#5041 = DIRECTION ( 'NONE',  ( 1.000000000000000000, 0.000000000000000000, -6.672013369141570147E-16 ) ) ;
#5042 = ORIENTED_EDGE ( 'NONE', *, *, #6231, .F. ) ;
#5043 = DIRECTION ( 'NONE',  ( 1.000000000000000000, -0.000000000000000000, -0.000000000000000000 ) ) ;
#5044 = ORIENTED_EDGE ( 'NONE', *, *, #543, .F. ) ;
#5045 = ORIENTED_EDGE ( 'NONE', *, *, #2058, .F. ) ;
#5046 = CARTESIAN_POINT ( 'NONE',  ( 0.7889616633844751536, 0.3499999999999997002, 0.5689656325201042364 ) ) ;
#5047 = EDGE_CURVE ( 'NONE', #5827, #2581, #2570, .T. ) ;
#5048 = CARTESIAN_POINT ( 'NONE',  ( 1.424999999999999600, -0.4699747468305839893, 0.1999999999999993450 ) ) ;
#5049 = DIRECTION ( 'NONE',  ( -0.000000000000000000, -1.000000000000000000, -0.000000000000000000 ) ) ;
#5050 = CARTESIAN_POINT ( 'NONE',  ( -1.149999999999999689, 0.07499999999999999722, 0.2000000000000000389 ) ) ;
#5051 = VERTEX_POINT ( 'NONE', #1455 ) ;
#5052 = CARTESIAN_POINT ( 'NONE',  ( -0.7374999999999998224, 0.000000000000000000, -0.08250000000000000389 ) ) ;
#5053 = VERTEX_POINT ( 'NONE', #1356 ) ;
#5054 = DIRECTION ( 'NONE',  ( 0.000000000000000000, 0.000000000000000000, 1.000000000000000000 ) ) ;
#5055 = EDGE_CURVE ( 'NONE', #4215, #3371, #5149, .T. ) ;
#5056 = FACE_OUTER_BOUND ( 'NONE', #5813, .T. ) ;
#5057 = ORIENTED_EDGE ( 'NONE', *, *, #4720, .F. ) ;
#5058 = CARTESIAN_POINT ( 'NONE',  ( 0.04250000000000012101, 0.02499999999999984873, -0.3549999999999997602 ) ) ;
#5059 = ORIENTED_EDGE ( 'NONE', *, *, #2010, .T. ) ;
#5060 = PLANE ( 'NONE',  #3123 ) ;
#5061 = DIRECTION ( 'NONE',  ( 1.000000000000000000, 0.000000000000000000, 0.000000000000000000 ) ) ;
#5062 = DIRECTION ( 'NONE',  ( 0.000000000000000000, -0.000000000000000000, 1.000000000000000000 ) ) ;
#5063 = VECTOR ( 'NONE', #5049, 1000.000000000000000 ) ;
#5064 = EDGE_CURVE ( 'NONE', #929, #2079, #3558, .T. ) ;
#5065 = CARTESIAN_POINT ( 'NONE',  ( -0.8249999999999999556, 0.000000000000000000, 0.6599999999999998090 ) ) ;
#5066 = ORIENTED_EDGE ( 'NONE', *, *, #3653, .F. ) ;
#5067 = DIRECTION ( 'NONE',  ( 0.000000000000000000, 0.000000000000000000, 1.000000000000000000 ) ) ;
#5068 = VECTOR ( 'NONE', #2638, 1000.000000000000000 ) ;
#5069 = PLANE ( 'NONE',  #3240 ) ;
#5070 = ORIENTED_EDGE ( 'NONE', *, *, #4629, .T. ) ;
#5071 = FACE_OUTER_BOUND ( 'NONE', #6560, .T. ) ;
#5072 = VECTOR ( 'NONE', #3616, 1000.000000000000000 ) ;
#5073 = LINE ( 'NONE', #924, #4845 ) ;
#5074 = EDGE_LOOP ( 'NONE', ( #6389, #4552, #2583, #3688 ) ) ;
#5075 = CIRCLE ( 'NONE', #6177, 0.07499999999999991396 ) ;
#5076 = LINE ( 'NONE', #4595, #1664 ) ;
#5077 = CARTESIAN_POINT ( 'NONE',  ( -0.9593865445117152335, 0.3500000000000000888, -0.06241777867044764200 ) ) ;
#5078 = EDGE_CURVE ( 'NONE', #1192, #6156, #3958, .T. ) ;
#5079 = ORIENTED_EDGE ( 'NONE', *, *, #25, .T. ) ;
#5080 = AXIS2_PLACEMENT_3D ( 'NONE', #1196, #5494, #720 ) ;
#5081 = VECTOR ( 'NONE', #5876, 1000.000000000000000 ) ;
#5082 = CARTESIAN_POINT ( 'NONE',  ( -1.157057759178160783, 0.3250000000000000111, 0.5496352209124993893 ) ) ;
#5083 = DIRECTION ( 'NONE',  ( 0.000000000000000000, 0.000000000000000000, 1.000000000000000000 ) ) ;
#5084 = LINE ( 'NONE', #6740, #1431 ) ;
#5085 = ORIENTED_EDGE ( 'NONE', *, *, #180, .T. ) ;
#5086 = CARTESIAN_POINT ( 'NONE',  ( 1.149999999999999467, -0.4699747468305839893, -0.5499999999999999334 ) ) ;
#5087 = ORIENTED_EDGE ( 'NONE', *, *, #6701, .F. ) ;
#5088 = VECTOR ( 'NONE', #3778, 1000.000000000000000 ) ;
#5089 = CARTESIAN_POINT ( 'NONE',  ( -1.299999999999999600, 1.851433752247375164, -0.1999999999999996503 ) ) ;
#5090 = ORIENTED_EDGE ( 'NONE', *, *, #915, .T. ) ;
#5091 = EDGE_LOOP ( 'NONE', ( #4832, #554, #4251, #4822 ) ) ;
#5092 = ADVANCED_FACE ( 'NONE', ( #2975 ), #2940, .F. ) ;
#5093 = CARTESIAN_POINT ( 'NONE',  ( 0.8427657606103799992, 0.3250000000000000111, 0.7749999999999996891 ) ) ;
#5094 = AXIS2_PLACEMENT_3D ( 'NONE', #5334, #6362, #2083 ) ;
#5095 = DIRECTION ( 'NONE',  ( 0.000000000000000000, 0.000000000000000000, -1.000000000000000000 ) ) ;
#5096 = EDGE_CURVE ( 'NONE', #309, #3433, #5076, .T. ) ;
#5097 = LINE ( 'NONE', #2493, #5532 ) ;
#5098 = EDGE_CURVE ( 'NONE', #2527, #6156, #6733, .T. ) ;
#5099 = EDGE_LOOP ( 'NONE', ( #5946, #3628 ) ) ;
#5100 = ORIENTED_EDGE ( 'NONE', *, *, #4369, .F. ) ;
#5101 = CARTESIAN_POINT ( 'NONE',  ( 5.727707530957654302E-17, 0.5149999999999999023, -0.4677028131658454990 ) ) ;
#5102 = LINE ( 'NONE', #4287, #5865 ) ;
#5103 = AXIS2_PLACEMENT_3D ( 'NONE', #2023, #3537, #405 ) ;
#5104 = EDGE_CURVE ( 'NONE', #1241, #1452, #5422, .T. ) ;
#5105 = AXIS2_PLACEMENT_3D ( 'NONE', #5372, #6430, #6392 ) ;
#5106 = EDGE_CURVE ( 'NONE', #6179, #4021, #3045, .T. ) ;
#5107 = DIRECTION ( 'NONE',  ( -1.000000000000000000, 0.000000000000000000, -8.778964959396797376E-17 ) ) ;
#5108 = ORIENTED_EDGE ( 'NONE', *, *, #119, .F. ) ;
#5109 = DIRECTION ( 'NONE',  ( 0.000000000000000000, 1.000000000000000000, 0.000000000000000000 ) ) ;
#5110 = CIRCLE ( 'NONE', #2596, 0.06499999999999994671 ) ;
#5111 = CARTESIAN_POINT ( 'NONE',  ( 1.249999999999999556, 0.3250000000000000111, 0.000000000000000000 ) ) ;
#5112 = VERTEX_POINT ( 'NONE', #961 ) ;
#5113 = DIRECTION ( 'NONE',  ( 0.000000000000000000, 0.000000000000000000, 1.000000000000000000 ) ) ;
#5114 = DIRECTION ( 'NONE',  ( 0.000000000000000000, 0.000000000000000000, -1.000000000000000000 ) ) ;
#5115 = CIRCLE ( 'NONE', #2593, 0.07499999999999998335 ) ;
#5116 = ORIENTED_EDGE ( 'NONE', *, *, #591, .T. ) ;
#5117 = VERTEX_POINT ( 'NONE', #2472 ) ;
#5118 = CARTESIAN_POINT ( 'NONE',  ( 1.234999999999999654, 0.02500000000000000139, -0.7349999999999997646 ) ) ;
#5119 = AXIS2_PLACEMENT_3D ( 'NONE', #6494, #242, #214 ) ;
#5120 = CARTESIAN_POINT ( 'NONE',  ( 0.2402395371030253968, 0.5149999999999999023, -0.4033170028571940735 ) ) ;
#5121 = ORIENTED_EDGE ( 'NONE', *, *, #4059, .T. ) ;
#5122 = AXIS2_PLACEMENT_3D ( 'NONE', #53, #1051, #2245 ) ;
#5123 = CARTESIAN_POINT ( 'NONE',  ( 0.6624999999999998668, 0.02499999999999984873, -0.6849999999999998312 ) ) ;
#5124 = PLANE ( 'NONE',  #6298 ) ;
#5125 = CARTESIAN_POINT ( 'NONE',  ( 1.149999999999999467, 0.02499999999999999792, -0.5499999999999999334 ) ) ;
#5126 = ORIENTED_EDGE ( 'NONE', *, *, #5689, .T. ) ;
#5127 = PLANE ( 'NONE',  #602 ) ;
#5128 = VECTOR ( 'NONE', #8, 1000.000000000000000 ) ;
#5129 = ORIENTED_EDGE ( 'NONE', *, *, #3397, .F. ) ;
#5130 = DIRECTION ( 'NONE',  ( 1.000000000000000000, 0.000000000000000000, 0.000000000000000000 ) ) ;
#5131 = DIRECTION ( 'NONE',  ( -6.195440985631456303E-16, 0.000000000000000000, 1.000000000000000000 ) ) ;
#5132 = LINE ( 'NONE', #4646, #6727 ) ;
#5133 = ADVANCED_FACE ( 'NONE', ( #2005 ), #3591, .F. ) ;
#5134 = ORIENTED_EDGE ( 'NONE', *, *, #3397, .T. ) ;
#5135 = ORIENTED_EDGE ( 'NONE', *, *, #119, .T. ) ;
#5136 = ORIENTED_EDGE ( 'NONE', *, *, #3848, .T. ) ;
#5137 = EDGE_CURVE ( 'NONE', #3379, #5194, #3205, .T. ) ;
#5138 = CARTESIAN_POINT ( 'NONE',  ( -1.149999999999999467, 0.07499999999999999722, -0.5499999999999999334 ) ) ;
#5139 = ADVANCED_FACE ( 'NONE', ( #1943 ), #4024, .F. ) ;
#5140 = CARTESIAN_POINT ( 'NONE',  ( -4.336808689942017736E-16, 0.2249999999999999500, -0.7999999999999997113 ) ) ;
#5141 = ORIENTED_EDGE ( 'NONE', *, *, #1561, .F. ) ;
#5142 = DIRECTION ( 'NONE',  ( 1.000000000000000000, 0.000000000000000000, -1.858632295689436004E-15 ) ) ;
#5143 = LINE ( 'NONE', #4091, #5019 ) ;
#5144 = ORIENTED_EDGE ( 'NONE', *, *, #1608, .F. ) ;
#5145 = EDGE_CURVE ( 'NONE', #6280, #402, #4157, .T. ) ;
#5146 = FACE_OUTER_BOUND ( 'NONE', #2713, .T. ) ;
#5147 = CARTESIAN_POINT ( 'NONE',  ( 0.3250000000000000111, 2.489731222669117727, 0.5299999999999999156 ) ) ;
#5148 = ORIENTED_EDGE ( 'NONE', *, *, #1024, .T. ) ;
#5149 = LINE ( 'NONE', #3521, #6512 ) ;
#5150 = CARTESIAN_POINT ( 'NONE',  ( 0.4670526090495509264, 0.5149999999999992362, -0.03020581678025675842 ) ) ;
#5151 = ORIENTED_EDGE ( 'NONE', *, *, #1988, .F. ) ;
#5152 = CARTESIAN_POINT ( 'NONE',  ( 0.3250000000000000111, 2.489731222669117727, 0.5299999999999999156 ) ) ;
#5153 = CARTESIAN_POINT ( 'NONE',  ( 0.000000000000000000, 0.5149999999999999023, 0.000000000000000000 ) ) ;
#5154 = EDGE_LOOP ( 'NONE', ( #3693, #3651, #3939 ) ) ;
#5155 = EDGE_CURVE ( 'NONE', #1796, #5192, #4234, .T. ) ;
#5156 =( NAMED_UNIT ( * ) SI_UNIT ( $, .STERADIAN. ) SOLID_ANGLE_UNIT ( ) );
#5157 = ORIENTED_EDGE ( 'NONE', *, *, #237, .F. ) ;
#5158 = DIRECTION ( 'NONE',  ( 0.000000000000000000, 0.000000000000000000, 1.000000000000000000 ) ) ;
#5159 = ORIENTED_EDGE ( 'NONE', *, *, #4967, .F. ) ;
#5160 = CARTESIAN_POINT ( 'NONE',  ( 0.8427657606103799992, 0.3250000000000000111, 0.8999999999999995781 ) ) ;
#5161 = DIRECTION ( 'NONE',  ( -1.000000000000000000, 0.000000000000000000, 4.613626265895764052E-16 ) ) ;
#5162 = SURFACE_STYLE_USAGE ( .BOTH. , #5404 ) ;
#5163 = DIRECTION ( 'NONE',  ( 0.000000000000000000, 0.000000000000000000, 1.000000000000000000 ) ) ;
#5164 = ORIENTED_EDGE ( 'NONE', *, *, #4923, .F. ) ;
#5165 = VERTEX_POINT ( 'NONE', #3756 ) ;
#5166 = ADVANCED_FACE ( 'NONE', ( #523 ), #2641, .F. ) ;
#5167 = EDGE_CURVE ( 'NONE', #6163, #1360, #6360, .T. ) ;
#5168 = LINE ( 'NONE', #5595, #2599 ) ;
#5169 = CARTESIAN_POINT ( 'NONE',  ( 1.499999999999999778, -0.4699747468305839893, 0.3499999999999993117 ) ) ;
#5170 = CARTESIAN_POINT ( 'NONE',  ( 4.336808689942017736E-16, 0.02500000000000000139, -0.7999999999999997113 ) ) ;
#5171 = VERTEX_POINT ( 'NONE', #1129 ) ;
#5172 = FACE_OUTER_BOUND ( 'NONE', #1368, .T. ) ;
#5173 = AXIS2_PLACEMENT_3D ( 'NONE', #1387, #2937, #5114 ) ;
#5174 = EDGE_CURVE ( 'NONE', #1700, #934, #6251, .T. ) ;
#5175 = FACE_OUTER_BOUND ( 'NONE', #4579, .T. ) ;
#5176 = FACE_OUTER_BOUND ( 'NONE', #3830, .T. ) ;
#5177 = CARTESIAN_POINT ( 'NONE',  ( 0.8427657606103799992, 0.3250000000000000111, 0.8999999999999995781 ) ) ;
#5178 = ORIENTED_EDGE ( 'NONE', *, *, #4967, .T. ) ;
#5179 = EDGE_CURVE ( 'NONE', #6765, #66, #622, .T. ) ;
#5180 = ADVANCED_FACE ( 'NONE', ( #2742 ), #4264, .F. ) ;
#5181 = DIRECTION ( 'NONE',  ( 0.000000000000000000, 1.000000000000000000, 0.000000000000000000 ) ) ;
#5182 = VECTOR ( 'NONE', #122, 1000.000000000000000 ) ;
#5183 = CARTESIAN_POINT ( 'NONE',  ( 0.9593865445117156776, 0.3499999999999999778, 0.2040443338732237377 ) ) ;
#5184 = LINE ( 'NONE', #2680, #4441 ) ;
#5185 = ORIENTED_EDGE ( 'NONE', *, *, #1587, .T. ) ;
#5186 = CARTESIAN_POINT ( 'NONE',  ( 1.149999999999999689, 0.07499999999999999722, 0.2000000000000000389 ) ) ;
#5187 = CIRCLE ( 'NONE', #1016, 0.07499999999999998335 ) ;
#5188 = VECTOR ( 'NONE', #1493, 1000.000000000000000 ) ;
#5189 = CARTESIAN_POINT ( 'NONE',  ( -0.3999999999999999667, 2.489731222669117727, -0.3549999999999997602 ) ) ;
#5190 = EDGE_CURVE ( 'NONE', #1264, #809, #3962, .T. ) ;
#5191 = DIRECTION ( 'NONE',  ( 0.7025510745092516940, 0.000000000000000000, 0.7116333239147081269 ) ) ;
#5192 = VERTEX_POINT ( 'NONE', #2187 ) ;
#5193 = CARTESIAN_POINT ( 'NONE',  ( 1.499999999999999778, -0.4699747468305839893, 0.3499999999999993117 ) ) ;
#5194 = VERTEX_POINT ( 'NONE', #586 ) ;
#5195 = CARTESIAN_POINT ( 'NONE',  ( -0.4086633323914709570, 0.000000000000000000, 0.6147448925490746063 ) ) ;
#5196 = VECTOR ( 'NONE', #1507, 1000.000000000000000 ) ;
#5197 = VECTOR ( 'NONE', #4776, 1000.000000000000000 ) ;
#5198 = EDGE_CURVE ( 'NONE', #6765, #1700, #1239, .T. ) ;
#5199 = CARTESIAN_POINT ( 'NONE',  ( -0.6750000000000000444, 0.02499999999999984873, 0.5299999999999999156 ) ) ;
#5200 = VECTOR ( 'NONE', #3159, 1000.000000000000000 ) ;
#5201 = DIRECTION ( 'NONE',  ( -6.195440985631456303E-16, 0.000000000000000000, -1.000000000000000000 ) ) ;
#5202 = PRESENTATION_STYLE_ASSIGNMENT (( #5716 ) ) ;
#5203 = CIRCLE ( 'NONE', #6521, 0.07499999999999998335 ) ;
#5204 = CARTESIAN_POINT ( 'NONE',  ( -0.04249999999999988509, 0.000000000000000000, 0.3549999999999997602 ) ) ;
#5205 = ORIENTED_EDGE ( 'NONE', *, *, #412, .T. ) ;
#5206 = AXIS2_PLACEMENT_3D ( 'NONE', #6048, #2377, #3387 ) ;
#5207 = CARTESIAN_POINT ( 'NONE',  ( 0.8427657606103799992, 0.3250000000000000111, -0.8999999999999995781 ) ) ;
#5208 = CYLINDRICAL_SURFACE ( 'NONE', #6511, 0.07499999999999998335 ) ;
#5209 = CIRCLE ( 'NONE', #2795, 0.07499999999999998335 ) ;
#5210 = DIRECTION ( 'NONE',  ( -4.170008355713474686E-16, 0.000000000000000000, -1.000000000000000000 ) ) ;
#5211 = ORIENTED_EDGE ( 'NONE', *, *, #3846, .T. ) ;
#5212 = CIRCLE ( 'NONE', #1134, 0.06499999999999994671 ) ;
#5213 = CARTESIAN_POINT ( 'NONE',  ( -0.2402395371030256188, 0.5149999999999999023, -0.4033170028571939070 ) ) ;
#5214 = CARTESIAN_POINT ( 'NONE',  ( 0.000000000000000000, 0.5195520701168854227, -0.4550000000000000155 ) ) ;
#5215 = CARTESIAN_POINT ( 'NONE',  ( -1.069999999999999840, 0.3250000000000000111, 0.1913252839170866415 ) ) ;
#5216 = COLOUR_RGB ( '',0.7960784313725489669, 0.8235294117647058432, 0.9372549019607843146 ) ;
#5217 = CARTESIAN_POINT ( 'NONE',  ( -0.6624999999999996447, 0.02499999999999984873, 0.6849999999999997202 ) ) ;
#5218 = DIRECTION ( 'NONE',  ( 0.000000000000000000, 0.000000000000000000, -1.000000000000000000 ) ) ;
#5219 = ORIENTED_EDGE ( 'NONE', *, *, #4766, .T. ) ;
#5220 = ORIENTED_EDGE ( 'NONE', *, *, #2525, .F. ) ;
#5221 = EDGE_LOOP ( 'NONE', ( #1799, #136, #6796, #5472 ) ) ;
#5222 = DIRECTION ( 'NONE',  ( 0.000000000000000000, 0.000000000000000000, -1.000000000000000000 ) ) ;
#5223 = EDGE_CURVE ( 'NONE', #6286, #392, #2714, .T. ) ;
#5224 = ORIENTED_EDGE ( 'NONE', *, *, #460, .T. ) ;
#5225 = DIRECTION ( 'NONE',  ( -0.000000000000000000, -1.000000000000000000, -0.000000000000000000 ) ) ;
#5226 = LINE ( 'NONE', #2612, #2144 ) ;
#5227 = VECTOR ( 'NONE', #4267, 1000.000000000000000 ) ;
#5228 = ORIENTED_EDGE ( 'NONE', *, *, #2326, .T. ) ;
#5229 = EDGE_CURVE ( 'NONE', #6142, #3776, #382, .T. ) ;
#5230 = VECTOR ( 'NONE', #931, 1000.000000000000000 ) ;
#5231 = LINE ( 'NONE', #4133, #945 ) ;
#5232 = VECTOR ( 'NONE', #488, 1000.000000000000000 ) ;
#5233 = ORIENTED_EDGE ( 'NONE', *, *, #3934, .F. ) ;
#5234 = DIRECTION ( 'NONE',  ( 0.000000000000000000, 0.000000000000000000, -1.000000000000000000 ) ) ;
#5235 = CARTESIAN_POINT ( 'NONE',  ( -1.234999999999999654, 0.2149999999999999967, -0.7349999999999997646 ) ) ;
#5236 = EDGE_LOOP ( 'NONE', ( #556, #4406, #1661, #1718 ) ) ;
#5237 = VECTOR ( 'NONE', #6658, 1000.000000000000000 ) ;
#5238 = ADVANCED_FACE ( 'NONE', ( #3145 ), #6407, .T. ) ;
#5239 = EDGE_CURVE ( 'NONE', #4445, #5623, #6801, .T. ) ;
#5240 = LINE ( 'NONE', #3669, #4565 ) ;
#5241 = PLANE ( 'NONE',  #197 ) ;
#5242 = CARTESIAN_POINT ( 'NONE',  ( -1.499999999999999778, -0.4699747468305839893, -0.3499999999999993117 ) ) ;
#5243 = AXIS2_PLACEMENT_3D ( 'NONE', #3335, #3931, #6056 ) ;
#5244 = ORIENTED_EDGE ( 'NONE', *, *, #3130, .F. ) ;
#5245 = EDGE_CURVE ( 'NONE', #13, #4748, #1524, .T. ) ;
#5246 = ORIENTED_EDGE ( 'NONE', *, *, #5402, .F. ) ;
#5247 = DIRECTION ( 'NONE',  ( 2.562659680420284750E-15, 0.000000000000000000, 1.000000000000000000 ) ) ;
#5248 = CARTESIAN_POINT ( 'NONE',  ( 1.424999999999999600, 0.07499999999999999722, 0.1999999999999993450 ) ) ;
#5249 = ADVANCED_FACE ( 'NONE', ( #5733 ), #1028, .F. ) ;
#5250 = DIRECTION ( 'NONE',  ( -0.000000000000000000, 1.000000000000000000, -0.000000000000000000 ) ) ;
#5251 = ORIENTED_EDGE ( 'NONE', *, *, #2600, .F. ) ;
#5252 = CARTESIAN_POINT ( 'NONE',  ( 0.4651012171537800555, 0.5149999999999999023, -0.05028626221636193355 ) ) ;
#5253 = DIRECTION ( 'NONE',  ( 6.195440985631456303E-16, 0.000000000000000000, 1.000000000000000000 ) ) ;
#5254 = VERTEX_POINT ( 'NONE', #6322 ) ;
#5255 = EDGE_CURVE ( 'NONE', #2532, #3788, #5771, .T. ) ;
#5256 = CARTESIAN_POINT ( 'NONE',  ( 0.6624999999999998668, 2.489731222669117727, -0.6849999999999998312 ) ) ;
#5257 = LINE ( 'NONE', #2287, #370 ) ;
#5258 = ORIENTED_EDGE ( 'NONE', *, *, #2107, .F. ) ;
#5259 = EDGE_LOOP ( 'NONE', ( #5144, #5694, #3555 ) ) ;
#5260 = DIRECTION ( 'NONE',  ( -0.000000000000000000, -1.000000000000000000, -0.000000000000000000 ) ) ;
#5261 = ORIENTED_EDGE ( 'NONE', *, *, #3376, .T. ) ;
#5262 = CYLINDRICAL_SURFACE ( 'NONE', #1790, 0.09999999999999993616 ) ;
#5263 = ORIENTED_EDGE ( 'NONE', *, *, #4466, .T. ) ;
#5264 = EDGE_CURVE ( 'NONE', #1095, #4273, #1599, .T. ) ;
#5265 = CARTESIAN_POINT ( 'NONE',  ( -0.1174999999999998268, 0.02499999999999984873, -0.4299999999999997158 ) ) ;
#5266 = DIRECTION ( 'NONE',  ( 0.000000000000000000, 0.000000000000000000, 1.000000000000000000 ) ) ;
#5267 = LINE ( 'NONE', #2128, #34 ) ;
#5268 = LINE ( 'NONE', #81, #4530 ) ;
#5269 = EDGE_CURVE ( 'NONE', #1796, #2118, #1446, .T. ) ;
#5270 = CARTESIAN_POINT ( 'NONE',  ( 1.424999999999999600, 0.02499999999999995628, 0.1999999999999993450 ) ) ;
#5271 = LINE ( 'NONE', #567, #4438 ) ;
#5272 = CARTESIAN_POINT ( 'NONE',  ( 5.572142936120457080E-17, 0.5195520701168854227, 0.4550000000000000155 ) ) ;
#5273 = ORIENTED_EDGE ( 'NONE', *, *, #1714, .F. ) ;
#5274 = ADVANCED_FACE ( 'NONE', ( #2324 ), #1732, .T. ) ;
#5275 = ORIENTED_EDGE ( 'NONE', *, *, #109, .F. ) ;
#5276 = ORIENTED_EDGE ( 'NONE', *, *, #1299, .F. ) ;
#5277 = ADVANCED_FACE ( 'NONE', ( #3912 ), #4306, .F. ) ;
#5278 = DIRECTION ( 'NONE',  ( 1.000000000000000000, 0.000000000000000000, 8.778964959396797376E-17 ) ) ;
#5279 = CARTESIAN_POINT ( 'NONE',  ( 0.6624999999999999778, 0.000000000000000000, 0.1575000000000000011 ) ) ;
#5280 = PLANE ( 'NONE',  #6546 ) ;
#5281 = DIRECTION ( 'NONE',  ( -2.950209993157834433E-16, 0.000000000000000000, 1.000000000000000000 ) ) ;
#5282 = ORIENTED_EDGE ( 'NONE', *, *, #1243, .T. ) ;
#5283 = CARTESIAN_POINT ( 'NONE',  ( 0.4294796478723777455, 0.3499999999999999778, 0.7303844438303084274 ) ) ;
#5284 = EDGE_LOOP ( 'NONE', ( #1942, #3285, #4335, #6609 ) ) ;
#5285 = LINE ( 'NONE', #5325, #5964 ) ;
#5286 = EDGE_CURVE ( 'NONE', #5535, #3395, #4443, .T. ) ;
#5287 = CARTESIAN_POINT ( 'NONE',  ( 1.064999999999999503, 0.2250000000000000056, 0.5649999999999995026 ) ) ;
#5288 = CARTESIAN_POINT ( 'NONE',  ( 0.3374999999999999112, 0.02499999999999984873, 0.6849999999999998312 ) ) ;
#5289 = LINE ( 'NONE', #3835, #4851 ) ;
#5290 = VERTEX_POINT ( 'NONE', #5468 ) ;
#5291 = EDGE_LOOP ( 'NONE', ( #5141, #5475, #2174, #1000 ) ) ;
#5292 = DIRECTION ( 'NONE',  ( 0.5807029557109358864, 0.000000000000000000, -0.8141155183563220099 ) ) ;
#5293 = VERTEX_POINT ( 'NONE', #3881 ) ;
#5294 = DIRECTION ( 'NONE',  ( -0.000000000000000000, 1.000000000000000000, 0.000000000000000000 ) ) ;
#5295 = CARTESIAN_POINT ( 'NONE',  ( 1.149999999999999689, -0.4699747468305839893, -0.2000000000000000389 ) ) ;
#5296 = AXIS2_PLACEMENT_3D ( 'NONE', #3989, #5668, #3519 ) ;
#5297 = DIRECTION ( 'NONE',  ( 0.000000000000000000, 1.000000000000000000, 0.000000000000000000 ) ) ;
#5298 = DIRECTION ( 'NONE',  ( -6.505213034913017138E-15, -0.000000000000000000, -1.000000000000000000 ) ) ;
#5299 = EDGE_CURVE ( 'NONE', #5984, #1454, #4935, .T. ) ;
#5300 = VERTEX_POINT ( 'NONE', #6523 ) ;
#5301 = CARTESIAN_POINT ( 'NONE',  ( -1.149999999999999689, 0.07499999999999999722, 0.2000000000000000389 ) ) ;
#5302 = CARTESIAN_POINT ( 'NONE',  ( -0.5913366676085288764, 0.02499999999999984873, 0.6147448925490744953 ) ) ;
#5303 = CIRCLE ( 'NONE', #147, 0.1249999999999998890 ) ;
#5304 = CIRCLE ( 'NONE', #4505, 0.07499999999999996947 ) ;
#5305 = DIRECTION ( 'NONE',  ( 0.000000000000000000, 0.000000000000000000, -1.000000000000000000 ) ) ;
#5306 = FACE_BOUND ( 'NONE', #4390, .T. ) ;
#5307 = FACE_OUTER_BOUND ( 'NONE', #1199, .T. ) ;
#5308 = ORIENTED_EDGE ( 'NONE', *, *, #5440, .F. ) ;
#5309 = DIRECTION ( 'NONE',  ( -0.000000000000000000, 1.000000000000000000, 0.000000000000000000 ) ) ;
#5310 = VECTOR ( 'NONE', #1896, 1000.000000000000000 ) ;
#5311 = CIRCLE ( 'NONE', #4408, 0.5000000000000002220 ) ;
#5312 = VERTEX_POINT ( 'NONE', #1312 ) ;
#5313 = EDGE_CURVE ( 'NONE', #4829, #4256, #5525, .T. ) ;
#5314 = ORIENTED_EDGE ( 'NONE', *, *, #1966, .F. ) ;
#5315 = CARTESIAN_POINT ( 'NONE',  ( -1.234999999999999654, 0.02500000000000000139, 0.7349999999999997646 ) ) ;
#5316 = EDGE_CURVE ( 'NONE', #5194, #2167, #755, .T. ) ;
#5317 = AXIS2_PLACEMENT_3D ( 'NONE', #30, #1662, #1557 ) ;
#5318 = CARTESIAN_POINT ( 'NONE',  ( 0.04250000000000039163, 0.000000000000000000, 0.5699999999999998401 ) ) ;
#5319 = EDGE_CURVE ( 'NONE', #2993, #651, #2295, .T. ) ;
#5320 = CARTESIAN_POINT ( 'NONE',  ( 0.6624999999999998668, 0.000000000000000000, -0.6849999999999998312 ) ) ;
#5321 = VERTEX_POINT ( 'NONE', #6009 ) ;
#5322 = VECTOR ( 'NONE', #3084, 1000.000000000000000 ) ;
#5323 = CARTESIAN_POINT ( 'NONE',  ( 0.2038619738783786495, 0.5149999999999999023, 0.4209349320853011389 ) ) ;
#5324 = ORIENTED_EDGE ( 'NONE', *, *, #6747, .F. ) ;
#5325 = CARTESIAN_POINT ( 'NONE',  ( 4.336808689942017736E-16, 0.3250000000000000111, -0.7999999999999997113 ) ) ;
#5326 = LINE ( 'NONE', #5912, #5743 ) ;
#5327 = ADVANCED_FACE ( 'NONE', ( #6426 ), #1286, .T. ) ;
#5328 = AXIS2_PLACEMENT_3D ( 'NONE', #320, #6561, #4375 ) ;
#5329 = DIRECTION ( 'NONE',  ( 0.000000000000000000, 0.000000000000000000, 1.000000000000000000 ) ) ;
#5330 = VERTEX_POINT ( 'NONE', #818 ) ;
#5331 = ORIENTED_EDGE ( 'NONE', *, *, #415, .F. ) ;
#5332 = DIRECTION ( 'NONE',  ( 1.224646799147351975E-16, 0.000000000000000000, -1.000000000000000000 ) ) ;
#5333 = ORIENTED_EDGE ( 'NONE', *, *, #5355, .F. ) ;
#5334 = CARTESIAN_POINT ( 'NONE',  ( 1.424999999999999600, 0.07499999999999999722, 0.1999999999999993450 ) ) ;
#5335 = PLANE ( 'NONE',  #1810 ) ;
#5336 = EDGE_CURVE ( 'NONE', #5881, #426, #4965, .T. ) ;
#5337 = AXIS2_PLACEMENT_3D ( 'NONE', #6417, #3374, #174 ) ;
#5338 = VECTOR ( 'NONE', #3465, 1000.000000000000000 ) ;
#5339 = FACE_OUTER_BOUND ( 'NONE', #141, .T. ) ;
#5340 = CARTESIAN_POINT ( 'NONE',  ( -0.1174999999999998268, 0.000000000000000000, 0.4299999999999997158 ) ) ;
#5341 = DIRECTION ( 'NONE',  ( 0.000000000000000000, 1.000000000000000000, 0.000000000000000000 ) ) ;
#5342 = LINE ( 'NONE', #634, #2108 ) ;
#5343 = PRESENTATION_LAYER_ASSIGNMENT (  '', '', ( #6437 ) ) ;
#5344 = PLANE ( 'NONE',  #6416 ) ;
#5345 = VECTOR ( 'NONE', #3863, 1000.000000000000000 ) ;
#5346 = CIRCLE ( 'NONE', #1583, 0.04330127018922183546 ) ;
#5347 = LINE ( 'NONE', #83, #5463 ) ;
#5348 = FACE_OUTER_BOUND ( 'NONE', #4715, .T. ) ;
#5349 = CARTESIAN_POINT ( 'NONE',  ( 0.2125000000000000222, 0.000000000000000000, -0.1575000000000000011 ) ) ;
#5350 = EDGE_LOOP ( 'NONE', ( #4896, #4762, #1316, #4263 ) ) ;
#5351 = SURFACE_STYLE_USAGE ( .BOTH. , #5383 ) ;
#5352 = VERTEX_POINT ( 'NONE', #1222 ) ;
#5353 = VECTOR ( 'NONE', #3031, 1000.000000000000000 ) ;
#5354 = FACE_OUTER_BOUND ( 'NONE', #4483, .T. ) ;
#5355 = EDGE_CURVE ( 'NONE', #1720, #651, #6558, .T. ) ;
#5356 = CARTESIAN_POINT ( 'NONE',  ( -0.04249999999999988509, 2.489731222669117727, -0.3549999999999997602 ) ) ;
#5357 = AXIS2_PLACEMENT_3D ( 'NONE', #5093, #438, #5305 ) ;
#5358 = CARTESIAN_POINT ( 'NONE',  ( 1.499999999999999556, 0.07499999999999999722, 0.2749999999999993006 ) ) ;
#5359 = CARTESIAN_POINT ( 'NONE',  ( -1.897353801849632760E-16, 0.3499999999999998113, -0.7303844438303078723 ) ) ;
#5360 = EDGE_CURVE ( 'NONE', #2272, #3168, #137, .T. ) ;
#5361 = ORIENTED_EDGE ( 'NONE', *, *, #5961, .T. ) ;
#5362 = AXIS2_PLACEMENT_3D ( 'NONE', #1964, #2529, #4618 ) ;
#5363 = LINE ( 'NONE', #2668, #409 ) ;
#5364 = LINE ( 'NONE', #3750, #5081 ) ;
#5365 = ORIENTED_EDGE ( 'NONE', *, *, #3264, .F. ) ;
#5366 = ORIENTED_EDGE ( 'NONE', *, *, #5681, .F. ) ;
#5367 = CARTESIAN_POINT ( 'NONE',  ( 0.7499999999999995559, 1.661001497005149652, -0.7999999999999997113 ) ) ;
#5368 = ORIENTED_EDGE ( 'NONE', *, *, #6545, .T. ) ;
#5369 = CARTESIAN_POINT ( 'NONE',  ( 1.424999999999999600, 0.07499999999999999722, -0.2749999999999993006 ) ) ;
#5370 = ORIENTED_EDGE ( 'NONE', *, *, #3848, .F. ) ;
#5371 = EDGE_CURVE ( 'NONE', #209, #2302, #1696, .T. ) ;
#5372 = CARTESIAN_POINT ( 'NONE',  ( 0.6624999999999998668, 0.000000000000000000, 0.6849999999999998312 ) ) ;
#5373 = DIRECTION ( 'NONE',  ( 1.000000000000000000, 0.000000000000000000, 0.000000000000000000 ) ) ;
#5374 = CARTESIAN_POINT ( 'NONE',  ( -1.234999999999999654, 0.05000000000000000278, -0.7349999999999997646 ) ) ;
#5375 = EDGE_LOOP ( 'NONE', ( #3278, #1986, #3656, #2323 ) ) ;
#5376 = DIRECTION ( 'NONE',  ( 1.000000000000000000, 0.000000000000000000, 0.000000000000000000 ) ) ;
#5377 = CARTESIAN_POINT ( 'NONE',  ( -1.499999999999999778, 0.02499999999999995628, -0.3499999999999993117 ) ) ;
#5378 = CARTESIAN_POINT ( 'NONE',  ( 0.3374999999999999112, 0.000000000000000000, -0.6849999999999998312 ) ) ;
#5379 = EDGE_LOOP ( 'NONE', ( #4397, #3438, #694, #3381 ) ) ;
#5380 = CARTESIAN_POINT ( 'NONE',  ( -1.157057759178160783, 0.3499999999999999778, 0.5496352209124993893 ) ) ;
#5381 = ADVANCED_FACE ( 'NONE', ( #3786 ), #6489, .T. ) ;
#5382 = CARTESIAN_POINT ( 'NONE',  ( 0.2125000000000000222, 2.489731222669117727, 0.1575000000000000011 ) ) ;
#5383 = SURFACE_SIDE_STYLE ('',( #2694 ) ) ;
#5384 = ORIENTED_EDGE ( 'NONE', *, *, #3339, .F. ) ;
#5385 = ORIENTED_EDGE ( 'NONE', *, *, #2754, .F. ) ;
#5386 = CARTESIAN_POINT ( 'NONE',  ( 0.3250000000000000111, 0.000000000000000000, -0.5299999999999999156 ) ) ;
#5387 = CARTESIAN_POINT ( 'NONE',  ( 1.069999999999999840, 0.3250000000000000111, 0.1913252839170866415 ) ) ;
#5388 = ORIENTED_EDGE ( 'NONE', *, *, #59, .F. ) ;
#5389 = EDGE_CURVE ( 'NONE', #2903, #4017, #1763, .T. ) ;
#5390 = LINE ( 'NONE', #4859, #168 ) ;
#5391 = CARTESIAN_POINT ( 'NONE',  ( 4.065758146820641628E-16, 0.5149999999999985700, 0.4719932064211317946 ) ) ;
#5392 = EDGE_LOOP ( 'NONE', ( #3557, #5040, #522, #2138, #577, #4156, #1733, #2873 ) ) ;
#5393 = DIRECTION ( 'NONE',  ( -0.000000000000000000, 1.000000000000000000, -0.000000000000000000 ) ) ;
#5394 = LINE ( 'NONE', #618, #5530 ) ;
#5395 = ORIENTED_EDGE ( 'NONE', *, *, #979, .F. ) ;
#5396 = CARTESIAN_POINT ( 'NONE',  ( -0.5699999999999995071, 1.661001497005149652, -0.1913252839170866137 ) ) ;
#5397 = ORIENTED_EDGE ( 'NONE', *, *, #4636, .T. ) ;
#5398 = LINE ( 'NONE', #3948, #2008 ) ;
#5399 = ORIENTED_EDGE ( 'NONE', *, *, #274, .T. ) ;
#5400 = ADVANCED_FACE ( 'NONE', ( #4870 ), #182, .F. ) ;
#5401 = EDGE_CURVE ( 'NONE', #4021, #513, #379, .T. ) ;
#5402 = EDGE_CURVE ( 'NONE', #4626, #2892, #2224, .T. ) ;
#5403 = ORIENTED_EDGE ( 'NONE', *, *, #1122, .T. ) ;
#5404 = SURFACE_SIDE_STYLE ('',( #1634 ) ) ;
#5405 = DIRECTION ( 'NONE',  ( 2.950209993157834926E-16, 0.000000000000000000, -1.000000000000000000 ) ) ;
#5406 = PLANE ( 'NONE',  #6394 ) ;
#5407 = AXIS2_PLACEMENT_3D ( 'NONE', #6443, #1182, #3261 ) ;
#5408 = ORIENTED_EDGE ( 'NONE', *, *, #4681, .F. ) ;
#5409 = DIRECTION ( 'NONE',  ( 0.000000000000000000, 1.000000000000000000, 0.000000000000000000 ) ) ;
#5410 = LINE ( 'NONE', #3222, #3865 ) ;
#5411 = CIRCLE ( 'NONE', #5296, 0.02000000000000005246 ) ;
#5412 = CARTESIAN_POINT ( 'NONE',  ( 0.9770577591781608451, 0.3250000000000000111, 0.4816767617725544182 ) ) ;
#5413 = DIRECTION ( 'NONE',  ( 0.7071067811865465735, 0.000000000000000000, -0.7071067811865483499 ) ) ;
#5414 = DIRECTION ( 'NONE',  ( 0.000000000000000000, 0.000000000000000000, 1.000000000000000000 ) ) ;
#5415 = VECTOR ( 'NONE', #6498, 1000.000000000000000 ) ;
#5416 = ORIENTED_EDGE ( 'NONE', *, *, #5894, .T. ) ;
#5417 = ADVANCED_FACE ( 'NONE', ( #4086 ), #2399, .T. ) ;
#5418 = CARTESIAN_POINT ( 'NONE',  ( 1.064999999999999503, 0.2250000000000000056, -0.5649999999999995026 ) ) ;
#5419 = CIRCLE ( 'NONE', #4067, 0.07499999999999998335 ) ;
#5420 =( LENGTH_UNIT ( ) NAMED_UNIT ( * ) SI_UNIT ( .MILLI., .METRE. ) );
#5421 = AXIS2_PLACEMENT_3D ( 'NONE', #5567, #2358, #3909 ) ;
#5422 = CIRCLE ( 'NONE', #263, 0.04999999999999991257 ) ;
#5423 = ORIENTED_EDGE ( 'NONE', *, *, #6327, .T. ) ;
#5424 = EDGE_CURVE ( 'NONE', #6179, #1729, #2998, .T. ) ;
#5425 = DIRECTION ( 'NONE',  ( -0.000000000000000000, 1.000000000000000000, 0.000000000000000000 ) ) ;
#5426 = ORIENTED_EDGE ( 'NONE', *, *, #4382, .T. ) ;
#5427 = VECTOR ( 'NONE', #2217, 1000.000000000000000 ) ;
#5428 = CARTESIAN_POINT ( 'NONE',  ( -0.7499999999999995559, 0.3250000000000000111, 0.7999999999999997113 ) ) ;
#5429 = CARTESIAN_POINT ( 'NONE',  ( -0.5499999999999971578, 0.02500000000000000139, -0.8499999999999998668 ) ) ;
#5430 = EDGE_LOOP ( 'NONE', ( #5151, #1598, #1197, #489 ) ) ;
#5431 = ORIENTED_EDGE ( 'NONE', *, *, #5255, .T. ) ;
#5432 = AXIS2_PLACEMENT_3D ( 'NONE', #4657, #6378, #6349 ) ;
#5433 = VERTEX_POINT ( 'NONE', #1899 ) ;
#5434 = DIRECTION ( 'NONE',  ( -0.000000000000000000, -1.000000000000000000, -0.000000000000000000 ) ) ;
#5435 = ORIENTED_EDGE ( 'NONE', *, *, #4271, .F. ) ;
#5436 = DIRECTION ( 'NONE',  ( -0.000000000000000000, -1.000000000000000000, -0.000000000000000000 ) ) ;
#5437 = ORIENTED_EDGE ( 'NONE', *, *, #5047, .F. ) ;
#5438 = SURFACE_STYLE_FILL_AREA ( #860 ) ;
#5439 = CARTESIAN_POINT ( 'NONE',  ( -1.299999999999999378, 0.07499999999999998335, -0.7349999999999997646 ) ) ;
#5440 = EDGE_CURVE ( 'NONE', #6350, #2955, #1783, .T. ) ;
#5441 = DIRECTION ( 'NONE',  ( 1.000000000000000000, 0.000000000000000000, -0.000000000000000000 ) ) ;
#5442 = CARTESIAN_POINT ( 'NONE',  ( -0.8427657606103799992, 0.3250000000000000111, 0.7749999999999996891 ) ) ;
#5443 = MECHANICAL_DESIGN_GEOMETRIC_PRESENTATION_REPRESENTATION (  '', ( #716 ), #2134 ) ;
#5444 = DIRECTION ( 'NONE',  ( 0.7071067811865472397, 0.000000000000000000, -0.7071067811865479058 ) ) ;
#5445 = EDGE_CURVE ( 'NONE', #1360, #6032, #2675, .T. ) ;
#5446 = DIRECTION ( 'NONE',  ( -0.000000000000000000, -1.000000000000000000, -0.000000000000000000 ) ) ;
#5447 = PLANE ( 'NONE',  #2026 ) ;
#5448 = AXIS2_PLACEMENT_3D ( 'NONE', #4513, #4591, #3042 ) ;
#5449 = CARTESIAN_POINT ( 'NONE',  ( -1.149999999999999689, 0.07499999999999999722, 0.2000000000000000389 ) ) ;
#5450 = VERTEX_POINT ( 'NONE', #1936 ) ;
#5451 = VECTOR ( 'NONE', #4847, 1000.000000000000000 ) ;
#5452 = UNCERTAINTY_MEASURE_WITH_UNIT (LENGTH_MEASURE( 1.000000000000000082E-05 ), #629, 'distance_accuracy_value', 'NONE');
#5453 = EDGE_CURVE ( 'NONE', #5514, #3433, #1344, .T. ) ;
#5454 = CIRCLE ( 'NONE', #4101, 0.5000000000000002220 ) ;
#5455 = DIRECTION ( 'NONE',  ( 0.000000000000000000, 0.000000000000000000, 1.000000000000000000 ) ) ;
#5456 = CARTESIAN_POINT ( 'NONE',  ( 1.499999999999999556, 0.07499999999999999722, 0.2749999999999993006 ) ) ;
#5457 = VECTOR ( 'NONE', #560, 1000.000000000000000 ) ;
#5458 = CARTESIAN_POINT ( 'NONE',  ( -1.499999999999999778, 0.07499999999999999722, 0.3499999999999993117 ) ) ;
#5459 = ORIENTED_EDGE ( 'NONE', *, *, #4756, .F. ) ;
#5460 = VECTOR ( 'NONE', #5720, 1000.000000000000227 ) ;
#5461 = ORIENTED_EDGE ( 'NONE', *, *, #5245, .F. ) ;
#5462 = DIRECTION ( 'NONE',  ( 1.000000000000000000, 0.000000000000000000, -1.606225440719270558E-16 ) ) ;
#5463 = VECTOR ( 'NONE', #6371, 1000.000000000000000 ) ;
#5464 = LINE ( 'NONE', #275, #1175 ) ;
#5465 = CARTESIAN_POINT ( 'NONE',  ( -0.9999999999999995559, 0.2250000000000000056, 0.5649999999999995026 ) ) ;
#5466 = EDGE_CURVE ( 'NONE', #2992, #5870, #6207, .T. ) ;
#5467 = ORIENTED_EDGE ( 'NONE', *, *, #5190, .T. ) ;
#5468 = CARTESIAN_POINT ( 'NONE',  ( 0.9770577591781608451, 0.3250000000000000111, -0.4816767617725544182 ) ) ;
#5469 = VECTOR ( 'NONE', #6441, 1000.000000000000000 ) ;
#5470 = ORIENTED_EDGE ( 'NONE', *, *, #664, .F. ) ;
#5471 = FACE_OUTER_BOUND ( 'NONE', #3639, .T. ) ;
#5472 = ORIENTED_EDGE ( 'NONE', *, *, #772, .F. ) ;
#5473 = DIRECTION ( 'NONE',  ( -1.000000000000000000, 0.000000000000000000, 0.000000000000000000 ) ) ;
#5474 = LINE ( 'NONE', #2227, #4054 ) ;
#5475 = ORIENTED_EDGE ( 'NONE', *, *, #1866, .T. ) ;
#5476 = CARTESIAN_POINT ( 'NONE',  ( -0.1174999999999998407, 2.489731222669117727, 0.4949999999999997735 ) ) ;
#5477 = VERTEX_POINT ( 'NONE', #2964 ) ;
#5478 = DIRECTION ( 'NONE',  ( -1.000000000000000000, 0.000000000000000000, 6.195440985631456303E-16 ) ) ;
#5479 = PLANE ( 'NONE',  #4004 ) ;
#5480 = DIRECTION ( 'NONE',  ( -0.000000000000000000, 1.000000000000000000, 0.000000000000000000 ) ) ;
#5481 = CARTESIAN_POINT ( 'NONE',  ( 1.234999999999999654, 0.2149999999999999967, 0.7349999999999997646 ) ) ;
#5482 = EDGE_CURVE ( 'NONE', #1859, #2332, #6661, .T. ) ;
#5483 = ORIENTED_EDGE ( 'NONE', *, *, #4372, .F. ) ;
#5484 = FACE_OUTER_BOUND ( 'NONE', #2770, .T. ) ;
#5485 = CARTESIAN_POINT ( 'NONE',  ( 1.149999999999999689, 0.07499999999999999722, 0.2000000000000000389 ) ) ;
#5486 = EDGE_CURVE ( 'NONE', #6376, #402, #6106, .T. ) ;
#5487 = PLANE ( 'NONE',  #5634 ) ;
#5488 = EDGE_CURVE ( 'NONE', #5112, #3527, #317, .T. ) ;
#5489 = CARTESIAN_POINT ( 'NONE',  ( -0.3374999999999986899, 0.02499999999999984873, 0.7849999999999999201 ) ) ;
#5490 = ADVANCED_FACE ( 'NONE', ( #5628 ), #6688, .F. ) ;
#5491 = CARTESIAN_POINT ( 'NONE',  ( -0.5913366676085288764, 2.489731222669117727, 0.6147448925490744953 ) ) ;
#5492 = DIRECTION ( 'NONE',  ( -0.5807029557109358864, 0.000000000000000000, 0.8141155183563220099 ) ) ;
#5493 = ORIENTED_EDGE ( 'NONE', *, *, #2944, .T. ) ;
#5494 = DIRECTION ( 'NONE',  ( 2.572962080709738771E-16, 0.000000000000000000, -1.000000000000000000 ) ) ;
#5495 = ORIENTED_EDGE ( 'NONE', *, *, #2958, .F. ) ;
#5496 = DIRECTION ( 'NONE',  ( 0.000000000000000000, 0.000000000000000000, 1.000000000000000000 ) ) ;
#5497 = ORIENTED_EDGE ( 'NONE', *, *, #6794, .T. ) ;
#5498 = CARTESIAN_POINT ( 'NONE',  ( 1.499999999999999778, 0.02499999999999995628, -0.3499999999999993117 ) ) ;
#5499 = LINE ( 'NONE', #1260, #800 ) ;
#5500 = EDGE_LOOP ( 'NONE', ( #3204, #1007, #3976, #4258 ) ) ;
#5501 = CARTESIAN_POINT ( 'NONE',  ( 1.299999999999999378, 0.02500000000000000139, -0.7349999999999997646 ) ) ;
#5502 = ORIENTED_EDGE ( 'NONE', *, *, #5316, .F. ) ;
#5503 = CARTESIAN_POINT ( 'NONE',  ( 0.5699999999999995071, 0.2250000000000000056, 0.1913252839170866137 ) ) ;
#5504 = VERTEX_POINT ( 'NONE', #4477 ) ;
#5505 = LINE ( 'NONE', #793, #4423 ) ;
#5506 = LINE ( 'NONE', #3862, #2164 ) ;
#5507 = LINE ( 'NONE', #5020, #5669 ) ;
#5508 = CARTESIAN_POINT ( 'NONE',  ( -1.499999999999999556, 0.02499999999999995628, -0.5499999999999992673 ) ) ;
#5509 = DIRECTION ( 'NONE',  ( -0.8141155183563224540, 0.000000000000000000, -0.5807029557109352202 ) ) ;
#5510 = DIRECTION ( 'NONE',  ( 0.000000000000000000, 0.000000000000000000, -1.000000000000000000 ) ) ;
#5511 = LINE ( 'NONE', #3870, #742 ) ;
#5512 = CARTESIAN_POINT ( 'NONE',  ( 1.234999999999999654, 0.02500000000000000139, -0.7349999999999997646 ) ) ;
#5513 = LINE ( 'NONE', #2316, #272 ) ;
#5514 = VERTEX_POINT ( 'NONE', #5660 ) ;
#5515 = ADVANCED_FACE ( 'NONE', ( #1382 ), #1484, .T. ) ;
#5516 = VECTOR ( 'NONE', #133, 1000.000000000000000 ) ;
#5517 = ORIENTED_EDGE ( 'NONE', *, *, #5650, .T. ) ;
#5518 = CARTESIAN_POINT ( 'NONE',  ( -0.4670526090495507598, 0.5149999999999999023, 0.03020581678025704986 ) ) ;
#5519 = EDGE_CURVE ( 'NONE', #1616, #6475, #5570, .T. ) ;
#5520 = LINE ( 'NONE', #5428, #1374 ) ;
#5521 = VECTOR ( 'NONE', #6632, 1000.000000000000000 ) ;
#5522 = CARTESIAN_POINT ( 'NONE',  ( 0.5500000000000029310, 1.326135777277262395, -0.8499999999999998668 ) ) ;
#5523 = VERTEX_POINT ( 'NONE', #1863 ) ;
#5524 = ORIENTED_EDGE ( 'NONE', *, *, #4460, .F. ) ;
#5525 = LINE ( 'NONE', #1835, #1555 ) ;
#5526 = ORIENTED_EDGE ( 'NONE', *, *, #5689, .F. ) ;
#5527 = CIRCLE ( 'NONE', #1441, 0.07499999999999998335 ) ;
#5528 = AXIS2_PLACEMENT_3D ( 'NONE', #5597, #2902, #3036 ) ;
#5529 = CARTESIAN_POINT ( 'NONE',  ( 1.064999999999999503, 0.2149999999999999967, -0.4999999999999995559 ) ) ;
#5530 = VECTOR ( 'NONE', #715, 1000.000000000000000 ) ;
#5531 = EDGE_CURVE ( 'NONE', #3886, #558, #854, .T. ) ;
#5532 = VECTOR ( 'NONE', #1539, 1000.000000000000000 ) ;
#5533 = AXIS2_PLACEMENT_3D ( 'NONE', #1052, #4014, #542 ) ;
#5534 = AXIS2_PLACEMENT_3D ( 'NONE', #1570, #4786, #2170 ) ;
#5535 = VERTEX_POINT ( 'NONE', #883 ) ;
#5536 = SPHERICAL_SURFACE ( 'NONE', #619, 0.04999999999999998196 ) ;
#5537 = DIRECTION ( 'NONE',  ( -0.000000000000000000, -1.000000000000000000, -0.000000000000000000 ) ) ;
#5538 = ORIENTED_EDGE ( 'NONE', *, *, #1736, .F. ) ;
#5539 = ADVANCED_FACE ( 'NONE', ( #5037 ), #2426, .T. ) ;
#5540 = CARTESIAN_POINT ( 'NONE',  ( 0.1175000000000002293, 0.02499999999999984873, 0.4299999999999996048 ) ) ;
#5541 = DIRECTION ( 'NONE',  ( 0.000000000000000000, 0.000000000000000000, 1.000000000000000000 ) ) ;
#5542 = VECTOR ( 'NONE', #229, 1000.000000000000000 ) ;
#5543 = CARTESIAN_POINT ( 'NONE',  ( -1.149999999999999689, 0.07499999999999999722, -0.2000000000000000389 ) ) ;
#5544 = CARTESIAN_POINT ( 'NONE',  ( -1.299999999999999378, 0.2249999999999999500, -0.7349999999999997646 ) ) ;
#5545 = VECTOR ( 'NONE', #5867, 1000.000000000000000 ) ;
#5546 = VECTOR ( 'NONE', #2943, 1000.000000000000000 ) ;
#5547 = DIRECTION ( 'NONE',  ( 0.000000000000000000, 1.000000000000000000, 0.000000000000000000 ) ) ;
#5548 = DIRECTION ( 'NONE',  ( 0.000000000000000000, 0.000000000000000000, 1.000000000000000000 ) ) ;
#5549 = DIRECTION ( 'NONE',  ( 0.000000000000000000, 0.000000000000000000, -1.000000000000000000 ) ) ;
#5550 = EDGE_CURVE ( 'NONE', #3647, #2218, #2035, .T. ) ;
#5551 = LINE ( 'NONE', #840, #5088 ) ;
#5552 = CARTESIAN_POINT ( 'NONE',  ( -1.499999999999999556, 0.02499999999999995628, 0.5499999999999992673 ) ) ;
#5553 = ORIENTED_EDGE ( 'NONE', *, *, #5155, .F. ) ;
#5554 = ORIENTED_EDGE ( 'NONE', *, *, #2864, .F. ) ;
#5555 = CLOSED_SHELL ( 'NONE', ( #2344, #3238, #4691, #3800, #2952, #1040, #2914, #1766 ) ) ;
#5556 = CARTESIAN_POINT ( 'NONE',  ( -0.6624999999999996447, 0.000000000000000000, 0.6849999999999997202 ) ) ;
#5557 = SURFACE_STYLE_FILL_AREA ( #6096 ) ;
#5558 = LINE ( 'NONE', #4687, #4097 ) ;
#5559 = ORIENTED_EDGE ( 'NONE', *, *, #3251, .T. ) ;
#5560 = CARTESIAN_POINT ( 'NONE',  ( 0.5500000000000029310, 0.02500000000000000139, -0.8499999999999998668 ) ) ;
#5561 = EDGE_LOOP ( 'NONE', ( #4635, #1764, #2288, #2741 ) ) ;
#5562 =( GEOMETRIC_REPRESENTATION_CONTEXT ( 3 ) GLOBAL_UNCERTAINTY_ASSIGNED_CONTEXT ( ( #5452 ) ) GLOBAL_UNIT_ASSIGNED_CONTEXT ( ( #629, #6196, #4839 ) ) REPRESENTATION_CONTEXT ( 'NONE', 'WORKASPACE' ) );
#5563 = EDGE_LOOP ( 'NONE', ( #3052, #3578, #6014, #4936 ) ) ;
#5564 = EDGE_CURVE ( 'NONE', #3987, #3494, #576, .T. ) ;
#5565 = AXIS2_PLACEMENT_3D ( 'NONE', #2054, #4570, #463 ) ;
#5566 = LINE ( 'NONE', #4903, #6000 ) ;
#5567 = CARTESIAN_POINT ( 'NONE',  ( 0.000000000000000000, 0.5999999999999999778, 0.000000000000000000 ) ) ;
#5568 = AXIS2_PLACEMENT_3D ( 'NONE', #5295, #3147, #6325 ) ;
#5569 = ADVANCED_FACE ( 'NONE', ( #6242 ), #4761, .T. ) ;
#5570 = LINE ( 'NONE', #5140, #3641 ) ;
#5571 = EDGE_LOOP ( 'NONE', ( #761, #6139, #2906, #3250 ) ) ;
#5572 = DIRECTION ( 'NONE',  ( -1.000000000000000000, 0.000000000000000000, -6.195440985631456303E-16 ) ) ;
#5573 = CIRCLE ( 'NONE', #3569, 0.07499999999999992784 ) ;
#5574 = EDGE_LOOP ( 'NONE', ( #1289, #4187, #6423, #5365 ) ) ;
#5575 = CARTESIAN_POINT ( 'NONE',  ( 1.299999999999999600, 0.2250000000000000056, 0.4999999999999995559 ) ) ;
#5576 = AXIS2_PLACEMENT_3D ( 'NONE', #6649, #875, #3024 ) ;
#5577 = ORIENTED_EDGE ( 'NONE', *, *, #6586, .F. ) ;
#5578 = DIRECTION ( 'NONE',  ( 0.000000000000000000, -0.000000000000000000, -1.000000000000000000 ) ) ;
#5579 = VERTEX_POINT ( 'NONE', #1514 ) ;
#5580 = LINE ( 'NONE', #866, #5546 ) ;
#5581 = LINE ( 'NONE', #1391, #6768 ) ;
#5582 = CARTESIAN_POINT ( 'NONE',  ( 1.299999999999999378, 0.02499999999999984873, -0.5499999999999997113 ) ) ;
#5583 = EDGE_CURVE ( 'NONE', #5192, #3553, #599, .T. ) ;
#5584 = DIRECTION ( 'NONE',  ( -0.000000000000000000, -1.000000000000000000, -0.000000000000000000 ) ) ;
#5585 = CARTESIAN_POINT ( 'NONE',  ( 1.149999999999999689, 0.02499999999999995628, 0.2000000000000000389 ) ) ;
#5586 = DIRECTION ( 'NONE',  ( -0.000000000000000000, 1.000000000000000000, 0.000000000000000000 ) ) ;
#5587 = CARTESIAN_POINT ( 'NONE',  ( 1.299999999999999600, 0.02500000000000000139, 0.7349999999999997646 ) ) ;
#5588 = ORIENTED_EDGE ( 'NONE', *, *, #4490, .F. ) ;
#5589 = EDGE_CURVE ( 'NONE', #3633, #5828, #2601, .T. ) ;
#5590 = DIRECTION ( 'NONE',  ( 0.000000000000000000, -0.000000000000000000, -1.000000000000000000 ) ) ;
#5591 = VERTEX_POINT ( 'NONE', #1086 ) ;
#5592 = DIRECTION ( 'NONE',  ( 1.000000000000000000, 0.000000000000000000, 0.000000000000000000 ) ) ;
#5593 = ORIENTED_EDGE ( 'NONE', *, *, #85, .T. ) ;
#5594 = VERTEX_POINT ( 'NONE', #1544 ) ;
#5595 = CARTESIAN_POINT ( 'NONE',  ( -0.3250000000000000111, 2.489731222669117727, 0.4299999999999997158 ) ) ;
#5596 = DIRECTION ( 'NONE',  ( 0.000000000000000000, 0.000000000000000000, 1.000000000000000000 ) ) ;
#5597 = CARTESIAN_POINT ( 'NONE',  ( 0.04250000000000012101, 2.489731222669117727, -0.3549999999999997602 ) ) ;
#5598 = VERTEX_POINT ( 'NONE', #2662 ) ;
#5599 = CARTESIAN_POINT ( 'NONE',  ( 0.7374999999999998224, 0.000000000000000000, -0.08250000000000000389 ) ) ;
#5600 = VERTEX_POINT ( 'NONE', #4221 ) ;
#5601 = DIRECTION ( 'NONE',  ( -1.858632295689436004E-15, -0.000000000000000000, 1.000000000000000000 ) ) ;
#5602 = CARTESIAN_POINT ( 'NONE',  ( 1.299999999999999600, 1.851433752247375164, 0.1999999999999996503 ) ) ;
#5603 = ORIENTED_EDGE ( 'NONE', *, *, #282, .T. ) ;
#5604 = CARTESIAN_POINT ( 'NONE',  ( 0.5500000000000029310, 0.02500000000000000139, -0.8499999999999998668 ) ) ;
#5605 = CARTESIAN_POINT ( 'NONE',  ( 0.3848609354016575002, 0.5150000000000004574, -0.2738946391165777983 ) ) ;
#5606 = EDGE_CURVE ( 'NONE', #2489, #4063, #5832, .T. ) ;
#5607 = EDGE_CURVE ( 'NONE', #1452, #5731, #4983, .T. ) ;
#5608 = LINE ( 'NONE', #5189, #5230 ) ;
#5609 = DIRECTION ( 'NONE',  ( 1.224646799147353207E-16, 0.000000000000000000, -1.000000000000000000 ) ) ;
#5610 = CARTESIAN_POINT ( 'NONE',  ( 0.2125000000000000222, 2.489731222669117727, -0.08250000000000001776 ) ) ;
#5611 = EDGE_CURVE ( 'NONE', #3957, #6034, #2994, .T. ) ;
#5612 = ORIENTED_EDGE ( 'NONE', *, *, #3950, .T. ) ;
#5613 = DIRECTION ( 'NONE',  ( 0.7071067811865465735, 0.000000000000000000, 0.7071067811865483499 ) ) ;
#5614 = ORIENTED_EDGE ( 'NONE', *, *, #4015, .F. ) ;
#5615 = DIRECTION ( 'NONE',  ( 0.000000000000000000, 0.000000000000000000, -1.000000000000000000 ) ) ;
#5616 = VERTEX_POINT ( 'NONE', #1651 ) ;
#5617 = EDGE_CURVE ( 'NONE', #970, #6622, #2072, .T. ) ;
#5618 = CARTESIAN_POINT ( 'NONE',  ( 1.064999999999999503, 0.2149999999999999967, 0.4999999999999995559 ) ) ;
#5619 = EDGE_CURVE ( 'NONE', #6162, #4954, #3754, .T. ) ;
#5620 = DIRECTION ( 'NONE',  ( 0.000000000000000000, -1.000000000000000000, -0.000000000000000000 ) ) ;
#5621 = DIRECTION ( 'NONE',  ( 2.950209993157834433E-16, 0.000000000000000000, -1.000000000000000000 ) ) ;
#5622 = EDGE_CURVE ( 'NONE', #656, #1195, #4181, .T. ) ;
#5623 = VERTEX_POINT ( 'NONE', #2703 ) ;
#5624 = SHAPE_DEFINITION_REPRESENTATION ( #1657, #4132 ) ;
#5625 = CARTESIAN_POINT ( 'NONE',  ( 1.234999999999999654, 0.05000000000000000278, 0.7349999999999997646 ) ) ;
#5626 = VECTOR ( 'NONE', #4557, 1000.000000000000000 ) ;
#5627 = CARTESIAN_POINT ( 'NONE',  ( 0.9999999999999995559, 0.2250000000000000056, 0.7999999999999996003 ) ) ;
#5628 = FACE_OUTER_BOUND ( 'NONE', #1578, .T. ) ;
#5629 = ORIENTED_EDGE ( 'NONE', *, *, #1725, .F. ) ;
#5630 = LINE ( 'NONE', #5662, #3334 ) ;
#5631 = VECTOR ( 'NONE', #4349, 1000.000000000000000 ) ;
#5632 = DIRECTION ( 'NONE',  ( 0.000000000000000000, 0.000000000000000000, 1.000000000000000000 ) ) ;
#5633 = ORIENTED_EDGE ( 'NONE', *, *, #1114, .F. ) ;
#5634 = AXIS2_PLACEMENT_3D ( 'NONE', #3399, #5592, #6550 ) ;
#5635 = LINE ( 'NONE', #1868, #3731 ) ;
#5636 = VERTEX_POINT ( 'NONE', #4120 ) ;
#5637 = VERTEX_POINT ( 'NONE', #3200 ) ;
#5638 = DIRECTION ( 'NONE',  ( 1.000000000000000000, 0.000000000000000000, -1.084202172485504828E-15 ) ) ;
#5639 = CARTESIAN_POINT ( 'NONE',  ( 0.9593865445117155666, 0.3499999999999999223, 0.1039760693198451269 ) ) ;
#5640 = ORIENTED_EDGE ( 'NONE', *, *, #1617, .T. ) ;
#5641 = VECTOR ( 'NONE', #1409, 1000.000000000000000 ) ;
#5642 = EDGE_CURVE ( 'NONE', #1079, #2696, #1786, .T. ) ;
#5643 = DIRECTION ( 'NONE',  ( 0.000000000000000000, 0.000000000000000000, 1.000000000000000000 ) ) ;
#5644 = LINE ( 'NONE', #6024, #6326 ) ;
#5645 = CARTESIAN_POINT ( 'NONE',  ( -0.9445302004049205280, 0.3499999999999999778, -0.8475878694638663280 ) ) ;
#5646 = ORIENTED_EDGE ( 'NONE', *, *, #5531, .F. ) ;
#5647 = ORIENTED_EDGE ( 'NONE', *, *, #4888, .T. ) ;
#5648 = VECTOR ( 'NONE', #3234, 1000.000000000000000 ) ;
#5649 = CARTESIAN_POINT ( 'NONE',  ( -0.8427657606103799992, 0.3250000000000000111, 0.8999999999999995781 ) ) ;
#5650 = EDGE_CURVE ( 'NONE', #4647, #5594, #1451, .T. ) ;
#5651 = DIRECTION ( 'NONE',  ( -0.000000000000000000, -1.000000000000000000, 0.000000000000000000 ) ) ;
#5652 = AXIS2_PLACEMENT_3D ( 'NONE', #3178, #5294, #2679 ) ;
#5653 = CARTESIAN_POINT ( 'NONE',  ( 1.299999999999999378, 1.851433752247375164, 0.7349999999999997646 ) ) ;
#5654 = CARTESIAN_POINT ( 'NONE',  ( -0.1174999999999998407, 2.489731222669117727, -0.4949999999999997735 ) ) ;
#5655 = ORIENTED_EDGE ( 'NONE', *, *, #3868, .T. ) ;
#5656 = COLOUR_RGB ( '',0.7960784313725489669, 0.8235294117647058432, 0.9372549019607843146 ) ;
#5657 = EDGE_CURVE ( 'NONE', #3245, #5293, #5724, .T. ) ;
#5658 = CARTESIAN_POINT ( 'NONE',  ( -0.6624999999999999778, 0.000000000000000000, 0.08250000000000001776 ) ) ;
#5659 = VECTOR ( 'NONE', #6464, 1000.000000000000000 ) ;
#5660 = CARTESIAN_POINT ( 'NONE',  ( 0.6749999999999998224, 0.000000000000000000, -0.3549999999999997047 ) ) ;
#5661 = ORIENTED_EDGE ( 'NONE', *, *, #1315, .T. ) ;
#5662 = CARTESIAN_POINT ( 'NONE',  ( 0.6750000000000000444, 2.489731222669117727, 0.5299999999999999156 ) ) ;
#5663 = PRESENTATION_LAYER_ASSIGNMENT (  '', '', ( #5994 ) ) ;
#5664 = TOROIDAL_SURFACE ( 'NONE', #6212, 0.4677028131658454990, 0.02000000000000003858 ) ;
#5665 = ADVANCED_FACE ( 'NONE', ( #3743 ), #1013, .T. ) ;
#5666 = CARTESIAN_POINT ( 'NONE',  ( 0.9999999999999995559, 0.2250000000000000056, 0.5649999999999995026 ) ) ;
#5667 = ORIENTED_EDGE ( 'NONE', *, *, #4682, .T. ) ;
#5668 = DIRECTION ( 'NONE',  ( -1.000000000000000000, 0.000000000000000000, 0.000000000000000000 ) ) ;
#5669 = VECTOR ( 'NONE', #331, 1000.000000000000000 ) ;
#5670 = ORIENTED_EDGE ( 'NONE', *, *, #4080, .F. ) ;
#5671 = ORIENTED_EDGE ( 'NONE', *, *, #6241, .T. ) ;
#5672 = DIRECTION ( 'NONE',  ( 0.000000000000000000, -1.000000000000000000, 0.000000000000000000 ) ) ;
#5673 = VECTOR ( 'NONE', #2657, 1000.000000000000114 ) ;
#5674 = CARTESIAN_POINT ( 'NONE',  ( -0.9276533538734086370, 0.3499999999999999778, 0.3646351321769975007 ) ) ;
#5675 = LINE ( 'NONE', #5544, #5338 ) ;
#5676 = AXIS2_PLACEMENT_3D ( 'NONE', #3640, #4853, #3229 ) ;
#5677 = CARTESIAN_POINT ( 'NONE',  ( 0.6624999999999998668, 0.02499999999999984873, 0.6849999999999998312 ) ) ;
#5678 = PLANE ( 'NONE',  #5734 ) ;
#5679 = EDGE_LOOP ( 'NONE', ( #3664, #2050, #784, #2198 ) ) ;
#5680 = DIRECTION ( 'NONE',  ( -2.572962080709738771E-16, 0.000000000000000000, 1.000000000000000000 ) ) ;
#5681 = EDGE_CURVE ( 'NONE', #2302, #3418, #3861, .T. ) ;
#5682 = VECTOR ( 'NONE', #1180, 1000.000000000000000 ) ;
#5683 = VERTEX_POINT ( 'NONE', #6272 ) ;
#5684 = CARTESIAN_POINT ( 'NONE',  ( 0.1175000000000000350, 2.489731222669117727, -0.4299999999999997713 ) ) ;
#5685 = LINE ( 'NONE', #3056, #4781 ) ;
#5686 = PLANE ( 'NONE',  #6073 ) ;
#5687 = EDGE_LOOP ( 'NONE', ( #2263, #6176, #5838, #6524 ) ) ;
#5688 = EDGE_LOOP ( 'NONE', ( #2210, #400, #1548, #1127 ) ) ;
#5689 = EDGE_CURVE ( 'NONE', #402, #1536, #1340, .T. ) ;
#5690 = CARTESIAN_POINT ( 'NONE',  ( -0.3374999999999998002, 0.000000000000000000, 0.6849999999999997202 ) ) ;
#5691 = EDGE_CURVE ( 'NONE', #6743, #5841, #645, .T. ) ;
#5692 = LINE ( 'NONE', #3095, #3954 ) ;
#5693 = CARTESIAN_POINT ( 'NONE',  ( -1.149999999999999467, -0.4699747468305839893, 0.5499999999999999334 ) ) ;
#5694 = ORIENTED_EDGE ( 'NONE', *, *, #551, .T. ) ;
#5695 = LINE ( 'NONE', #984, #2690 ) ;
#5696 = ADVANCED_FACE ( 'NONE', ( #2734 ), #6054, .T. ) ;
#5697 = DIRECTION ( 'NONE',  ( 0.000000000000000000, -0.000000000000000000, 1.000000000000000000 ) ) ;
#5698 = ADVANCED_FACE ( 'NONE', ( #1879 ), #3393, .T. ) ;
#5699 = ORIENTED_EDGE ( 'NONE', *, *, #824, .F. ) ;
#5700 = DIRECTION ( 'NONE',  ( 1.000000000000000000, 0.000000000000000000, 2.562659680420284750E-15 ) ) ;
#5701 = ORIENTED_EDGE ( 'NONE', *, *, #6278, .F. ) ;
#5702 = EDGE_LOOP ( 'NONE', ( #4346, #4680, #6691, #1148 ) ) ;
#5703 = CARTESIAN_POINT ( 'NONE',  ( -1.234999999999999654, 0.05000000000000000278, 0.7349999999999997646 ) ) ;
#5704 = CARTESIAN_POINT ( 'NONE',  ( -0.7889616633844754867, 0.3499999999999996447, 0.5689656325201033482 ) ) ;
#5705 = EDGE_CURVE ( 'NONE', #3371, #5254, #3470, .T. ) ;
#5706 = VERTEX_POINT ( 'NONE', #672 ) ;
#5707 = CARTESIAN_POINT ( 'NONE',  ( 0.7374999999999998224, 0.02499999999999984873, 0.08250000000000000389 ) ) ;
#5708 = CARTESIAN_POINT ( 'NONE',  ( -0.5913366676085289875, 2.489731222669117727, 0.6147448925490746063 ) ) ;
#5709 = ORIENTED_EDGE ( 'NONE', *, *, #6479, .T. ) ;
#5710 = VERTEX_POINT ( 'NONE', #6027 ) ;
#5711 = DIRECTION ( 'NONE',  ( -0.000000000000000000, 1.000000000000000000, 0.000000000000000000 ) ) ;
#5712 = ORIENTED_EDGE ( 'NONE', *, *, #3032, .F. ) ;
#5713 =( NAMED_UNIT ( * ) PLANE_ANGLE_UNIT ( ) SI_UNIT ( $, .RADIAN. ) );
#5714 = CARTESIAN_POINT ( 'NONE',  ( 0.9500000000000003997, 2.489731222669117727, -0.6599999999999998090 ) ) ;
#5715 = CARTESIAN_POINT ( 'NONE',  ( 1.234999999999999654, 0.02500000000000000139, -0.7999999999999998224 ) ) ;
#5716 = SURFACE_STYLE_USAGE ( .BOTH. , #3604 ) ;
#5717 = FACE_OUTER_BOUND ( 'NONE', #4011, .T. ) ;
#5718 = B_SPLINE_CURVE_WITH_KNOTS ( 'NONE', 1,
 ( #3410, #1314 ),
 .UNSPECIFIED., .F., .F.,
 ( 2, 2 ),
 ( 0.000000000000000000, 1.000000000000000000 ),
 .UNSPECIFIED. ) ;
#5719 = ORIENTED_EDGE ( 'NONE', *, *, #6633, .T. ) ;
#5720 = DIRECTION ( 'NONE',  ( -0.5807029557109352202, 0.000000000000000000, -0.8141155183563223430 ) ) ;
#5721 = FILL_AREA_STYLE ('',( #2497 ) ) ;
#5722 = ADVANCED_FACE ( 'NONE', ( #129 ), #2249, .T. ) ;
#5723 = CIRCLE ( 'NONE', #4946, 0.5000000000000002220 ) ;
#5724 = LINE ( 'NONE', #3680, #6075 ) ;
#5725 = ORIENTED_EDGE ( 'NONE', *, *, #5229, .T. ) ;
#5726 = EDGE_CURVE ( 'NONE', #3577, #558, #4989, .T. ) ;
#5727 = CARTESIAN_POINT ( 'NONE',  ( 0.4395198120705041678, 0.5149999999999993472, -0.1730166995796432738 ) ) ;
#5728 = FACE_OUTER_BOUND ( 'NONE', #4598, .T. ) ;
#5729 = DIRECTION ( 'NONE',  ( -5.421010862427514281E-16, 0.000000000000000000, -1.000000000000000000 ) ) ;
#5730 = CARTESIAN_POINT ( 'NONE',  ( 0.6624999999999999778, 2.489731222669117727, -0.08250000000000001776 ) ) ;
#5731 = VERTEX_POINT ( 'NONE', #6091 ) ;
#5732 = ORIENTED_EDGE ( 'NONE', *, *, #6447, .T. ) ;
#5733 = FACE_OUTER_BOUND ( 'NONE', #2530, .T. ) ;
#5734 = AXIS2_PLACEMENT_3D ( 'NONE', #5708, #3081, #5191 ) ;
#5735 = ORIENTED_EDGE ( 'NONE', *, *, #5179, .F. ) ;
#5736 = CARTESIAN_POINT ( 'NONE',  ( 0.3066419522631320116, 0.5149999999999995692, 0.3595483853303096389 ) ) ;
#5737 = DIRECTION ( 'NONE',  ( 0.000000000000000000, 0.000000000000000000, 1.000000000000000000 ) ) ;
#5738 = EDGE_CURVE ( 'NONE', #2304, #3987, #6574, .T. ) ;
#5739 = ORIENTED_EDGE ( 'NONE', *, *, #2366, .T. ) ;
#5740 = AXIS2_PLACEMENT_3D ( 'NONE', #864, #4560, #6178 ) ;
#5741 = CARTESIAN_POINT ( 'NONE',  ( -0.04249999999999991285, 0.02499999999999984873, 0.3549999999999997602 ) ) ;
#5742 = EDGE_CURVE ( 'NONE', #4755, #3494, #5868, .T. ) ;
#5743 = VECTOR ( 'NONE', #2769, 1000.000000000000000 ) ;
#5744 = CARTESIAN_POINT ( 'NONE',  ( 1.299999999999999600, 0.2250000000000000056, -0.4999999999999995559 ) ) ;
#5745 = VERTEX_POINT ( 'NONE', #1688 ) ;
#5746 = DIRECTION ( 'NONE',  ( -6.195440985631456303E-16, 0.000000000000000000, -1.000000000000000000 ) ) ;
#5747 = ORIENTED_EDGE ( 'NONE', *, *, #5445, .F. ) ;
#5748 = DIRECTION ( 'NONE',  ( 6.505213034913017138E-15, 0.000000000000000000, -1.000000000000000000 ) ) ;
#5749 = ORIENTED_EDGE ( 'NONE', *, *, #3077, .F. ) ;
#5750 = AXIS2_PLACEMENT_3D ( 'NONE', #2868, #5434, #1254 ) ;
#5751 = LINE ( 'NONE', #536, #2391 ) ;
#5752 = ADVANCED_FACE ( 'NONE', ( #1366 ), #6189, .T. ) ;
#5753 = DIRECTION ( 'NONE',  ( 1.000000000000000000, -0.000000000000000000, 1.239088197126289486E-15 ) ) ;
#5754 = VECTOR ( 'NONE', #4066, 1000.000000000000000 ) ;
#5755 = CARTESIAN_POINT ( 'NONE',  ( -0.5913366676085289875, 0.02499999999999984873, -0.6147448925490746063 ) ) ;
#5756 = ORIENTED_EDGE ( 'NONE', *, *, #998, .T. ) ;
#5757 = AXIS2_PLACEMENT_3D ( 'NONE', #2752, #1139, #4275 ) ;
#5758 = CARTESIAN_POINT ( 'NONE',  ( -0.2125000000000000222, 0.000000000000000000, 0.1574999999999999734 ) ) ;
#5759 = CARTESIAN_POINT ( 'NONE',  ( -1.234999999999999654, 0.05000000000000000278, 0.7349999999999997646 ) ) ;
#5760 = AXIS2_PLACEMENT_3D ( 'NONE', #952, #6624, #1901 ) ;
#5761 = CARTESIAN_POINT ( 'NONE',  ( -1.149999999999999689, 0.07499999999999999722, 0.2000000000000000389 ) ) ;
#5762 = ORIENTED_EDGE ( 'NONE', *, *, #1949, .F. ) ;
#5763 = CARTESIAN_POINT ( 'NONE',  ( 0.4588248752848643197, 0.5149999999999999023, 0.09856257781750897562 ) ) ;
#5764 = ORIENTED_EDGE ( 'NONE', *, *, #6626, .F. ) ;
#5765 = LINE ( 'NONE', #5111, #3030 ) ;
#5766 = MECHANICAL_DESIGN_GEOMETRIC_PRESENTATION_REPRESENTATION (  '', ( #5888 ), #2141 ) ;
#5767 = EDGE_CURVE ( 'NONE', #6622, #4977, #3099, .T. ) ;
#5768 = CYLINDRICAL_SURFACE ( 'NONE', #4745, 0.5000000000000000000 ) ;
#5769 = EDGE_LOOP ( 'NONE', ( #4434, #5324, #3050, #6225 ) ) ;
#5770 = ORIENTED_EDGE ( 'NONE', *, *, #824, .T. ) ;
#5771 = LINE ( 'NONE', #4195, #1025 ) ;
#5772 = VECTOR ( 'NONE', #4462, 1000.000000000000000 ) ;
#5773 = ORIENTED_EDGE ( 'NONE', *, *, #1393, .F. ) ;
#5774 = DIRECTION ( 'NONE',  ( -0.000000000000000000, 1.000000000000000000, 0.000000000000000000 ) ) ;
#5775 = FACE_OUTER_BOUND ( 'NONE', #1168, .T. ) ;
#5776 = VECTOR ( 'NONE', #2067, 1000.000000000000000 ) ;
#5777 = ORIENTED_EDGE ( 'NONE', *, *, #5589, .T. ) ;
#5778 = AXIS2_PLACEMENT_3D ( 'NONE', #2875, #4314, #3795 ) ;
#5779 = EDGE_CURVE ( 'NONE', #4727, #6653, #6645, .T. ) ;
#5780 = CARTESIAN_POINT ( 'NONE',  ( 1.234999999999999654, 1.851433752247375164, -0.7349999999999997646 ) ) ;
#5781 = CIRCLE ( 'NONE', #6552, 0.1250000000000002220 ) ;
#5782 = CARTESIAN_POINT ( 'NONE',  ( 0.8427657606103799992, 0.3250000000000000111, -0.7749999999999996891 ) ) ;
#5783 = EDGE_LOOP ( 'NONE', ( #321, #5244, #5646, #6063 ) ) ;
#5784 = CARTESIAN_POINT ( 'NONE',  ( -0.7499999999999995559, 0.2249999999999999778, -0.7999999999999998224 ) ) ;
#5785 = EDGE_CURVE ( 'NONE', #4954, #2892, #5551, .T. ) ;
#5786 = CARTESIAN_POINT ( 'NONE',  ( -0.3250000000000000111, 0.000000000000000000, -0.5299999999999999156 ) ) ;
#5787 = VECTOR ( 'NONE', #1471, 1000.000000000000000 ) ;
#5788 = CARTESIAN_POINT ( 'NONE',  ( -1.234999999999999654, 0.05000000000000000278, -0.7349999999999997646 ) ) ;
#5789 = DIRECTION ( 'NONE',  ( 0.000000000000000000, 0.000000000000000000, 1.000000000000000000 ) ) ;
#5790 = LINE ( 'NONE', #1644, #5200 ) ;
#5791 = VERTEX_POINT ( 'NONE', #2919 ) ;
#5792 = VECTOR ( 'NONE', #637, 1000.000000000000114 ) ;
#5793 = VERTEX_POINT ( 'NONE', #2444 ) ;
#5794 = ORIENTED_EDGE ( 'NONE', *, *, #3903, .F. ) ;
#5795 = EDGE_CURVE ( 'NONE', #3933, #3528, #1919, .T. ) ;
#5796 = CARTESIAN_POINT ( 'NONE',  ( 1.149999999999999689, -0.4699747468305839893, 0.2000000000000000389 ) ) ;
#5797 = CARTESIAN_POINT ( 'NONE',  ( -1.299999999999999600, 0.2149999999999999967, 0.4999999999999995559 ) ) ;
#5798 = CARTESIAN_POINT ( 'NONE',  ( 0.04250000000000012101, 2.489731222669117727, -0.5699999999999998401 ) ) ;
#5799 = EDGE_LOOP ( 'NONE', ( #2810, #3617, #6676, #1383 ) ) ;
#5800 = DIRECTION ( 'NONE',  ( 4.170008355713474686E-16, 0.000000000000000000, -1.000000000000000000 ) ) ;
#5801 = LINE ( 'NONE', #3101, #524 ) ;
#5802 = ORIENTED_EDGE ( 'NONE', *, *, #291, .T. ) ;
#5803 = CARTESIAN_POINT ( 'NONE',  ( -1.299999999999999600, 0.2149999999999999967, -0.4999999999999995559 ) ) ;
#5804 = CARTESIAN_POINT ( 'NONE',  ( -0.4086633323914709015, 2.489731222669117727, -0.6147448925490747174 ) ) ;
#5805 = LINE ( 'NONE', #6785, #4547 ) ;
#5806 = LINE ( 'NONE', #1061, #1008 ) ;
#5807 = ORIENTED_EDGE ( 'NONE', *, *, #1459, .F. ) ;
#5808 = ORIENTED_EDGE ( 'NONE', *, *, #4616, .T. ) ;
#5809 = CARTESIAN_POINT ( 'NONE',  ( -0.7499999999999995559, 1.661001497005149652, -0.7999999999999997113 ) ) ;
#5810 = ORIENTED_EDGE ( 'NONE', *, *, #2366, .F. ) ;
#5811 = CARTESIAN_POINT ( 'NONE',  ( -0.3066419522631323447, 0.5149999999999994582, 0.3595483853303100275 ) ) ;
#5812 = CARTESIAN_POINT ( 'NONE',  ( 0.000000000000000000, 0.5350000000000000311, 0.000000000000000000 ) ) ;
#5813 = EDGE_LOOP ( 'NONE', ( #45, #5712, #3113, #2013 ) ) ;
#5814 = LINE ( 'NONE', #75, #6439 ) ;
#5815 = EDGE_CURVE ( 'NONE', #5600, #4876, #5203, .T. ) ;
#5816 = DIRECTION ( 'NONE',  ( -0.000000000000000000, -1.000000000000000000, -0.000000000000000000 ) ) ;
#5817 = EDGE_LOOP ( 'NONE', ( #6683, #790, #3074, #70 ) ) ;
#5818 = FACE_OUTER_BOUND ( 'NONE', #280, .T. ) ;
#5819 = DIRECTION ( 'NONE',  ( 0.000000000000000000, 0.000000000000000000, -1.000000000000000000 ) ) ;
#5820 = DIRECTION ( 'NONE',  ( 1.000000000000000000, 0.000000000000000000, 4.613626265895764052E-16 ) ) ;
#5821 = EDGE_CURVE ( 'NONE', #2981, #3194, #799, .T. ) ;
#5822 = LINE ( 'NONE', #4717, #5128 ) ;
#5823 = EDGE_CURVE ( 'NONE', #4017, #3263, #5390, .T. ) ;
#5824 = DIRECTION ( 'NONE',  ( -0.7116333239147081269, 0.000000000000000000, -0.7025510745092516940 ) ) ;
#5825 = LINE ( 'NONE', #4821, #5182 ) ;
#5826 = EDGE_LOOP ( 'NONE', ( #1963, #4290, #1311, #4039, #2137, #447, #2821, #2910, #1691, #4837, #5517, #1857, #5033, #3930 ) ) ;
#5827 = VERTEX_POINT ( 'NONE', #2584 ) ;
#5828 = VERTEX_POINT ( 'NONE', #1399 ) ;
#5829 = DIRECTION ( 'NONE',  ( 1.000000000000000000, -0.000000000000000000, 6.672013369141570147E-16 ) ) ;
#5830 = PRESENTATION_STYLE_ASSIGNMENT (( #3296 ) ) ;
#5831 = ADVANCED_FACE ( 'NONE', ( #1468 ), #5127, .T. ) ;
#5832 = LINE ( 'NONE', #5170, #5972 ) ;
#5833 = ORIENTED_EDGE ( 'NONE', *, *, #1747, .T. ) ;
#5834 = CARTESIAN_POINT ( 'NONE',  ( 0.3848609354016575002, 0.5150000000000004574, -0.2738946391165777983 ) ) ;
#5835 = ORIENTED_EDGE ( 'NONE', *, *, #3363, .T. ) ;
#5836 = DIRECTION ( 'NONE',  ( -1.000000000000000000, 0.000000000000000000, -8.363055544496858865E-16 ) ) ;
#5837 = DIRECTION ( 'NONE',  ( 1.000000000000000000, 0.000000000000000000, 1.858632295689436004E-15 ) ) ;
#5838 = ORIENTED_EDGE ( 'NONE', *, *, #6026, .T. ) ;
#5839 = LINE ( 'NONE', #2673, #2446 ) ;
#5840 = ORIENTED_EDGE ( 'NONE', *, *, #1393, .T. ) ;
#5841 = VERTEX_POINT ( 'NONE', #4572 ) ;
#5842 = DIRECTION ( 'NONE',  ( 0.000000000000000000, 0.000000000000000000, -1.000000000000000000 ) ) ;
#5843 = DIRECTION ( 'NONE',  ( 0.000000000000000000, 0.000000000000000000, 1.000000000000000000 ) ) ;
#5844 = CARTESIAN_POINT ( 'NONE',  ( -1.234999999999999654, 0.02500000000000000139, 0.7999999999999998224 ) ) ;
#5845 = VECTOR ( 'NONE', #6630, 1000.000000000000000 ) ;
#5846 = LINE ( 'NONE', #3149, #304 ) ;
#5847 = CARTESIAN_POINT ( 'NONE',  ( 0.3374999999999992450, 0.000000000000000000, 0.7849999999999998090 ) ) ;
#5848 = ORIENTED_EDGE ( 'NONE', *, *, #2248, .F. ) ;
#5849 = LINE ( 'NONE', #2619, #6400 ) ;
#5850 = CARTESIAN_POINT ( 'NONE',  ( -1.149999999999999689, 0.07499999999999999722, -0.2000000000000000389 ) ) ;
#5851 = CARTESIAN_POINT ( 'NONE',  ( 0.5500000000000029310, 0.2249999999999999500, -0.8499999999999998668 ) ) ;
#5852 = VECTOR ( 'NONE', #1218, 1000.000000000000000 ) ;
#5853 = VECTOR ( 'NONE', #5924, 1000.000000000000000 ) ;
#5854 = LINE ( 'NONE', #4819, #6229 ) ;
#5855 = DIRECTION ( 'NONE',  ( -1.000000000000000000, 0.000000000000000000, 0.000000000000000000 ) ) ;
#5856 = LINE ( 'NONE', #332, #5949 ) ;
#5857 = ORIENTED_EDGE ( 'NONE', *, *, #2283, .T. ) ;
#5858 = ADVANCED_FACE ( 'NONE', ( #2016 ), #4679, .F. ) ;
#5859 = VECTOR ( 'NONE', #4549, 1000.000000000000000 ) ;
#5860 = EDGE_LOOP ( 'NONE', ( #6135, #3480, #1029, #3354 ) ) ;
#5861 = VERTEX_POINT ( 'NONE', #2515 ) ;
#5862 = CIRCLE ( 'NONE', #1669, 0.3627028131658454613 ) ;
#5863 = AXIS2_PLACEMENT_3D ( 'NONE', #11, #6751, #2519 ) ;
#5864 = DIRECTION ( 'NONE',  ( 0.000000000000000000, 0.000000000000000000, 1.000000000000000000 ) ) ;
#5865 = VECTOR ( 'NONE', #4724, 1000.000000000000000 ) ;
#5866 = AXIS2_PLACEMENT_3D ( 'NONE', #3611, #2560, #18 ) ;
#5867 = DIRECTION ( 'NONE',  ( 0.000000000000000000, 1.000000000000000000, 0.000000000000000000 ) ) ;
#5868 = LINE ( 'NONE', #1327, #5648 ) ;
#5869 = AXIS2_PLACEMENT_3D ( 'NONE', #5610, #3627, #493 ) ;
#5870 = VERTEX_POINT ( 'NONE', #6228 ) ;
#5871 = UNCERTAINTY_MEASURE_WITH_UNIT (LENGTH_MEASURE( 1.000000000000000082E-05 ), #434, 'distance_accuracy_value', 'NONE');
#5872 = CARTESIAN_POINT ( 'NONE',  ( 0.1084093427411661620, 0.5149999999999999023, -0.4591564742960396739 ) ) ;
#5873 = EDGE_CURVE ( 'NONE', #4001, #3577, #3565, .T. ) ;
#5874 = ORIENTED_EDGE ( 'NONE', *, *, #2727, .F. ) ;
#5875 = CARTESIAN_POINT ( 'NONE',  ( 1.234999999999998321, 0.02500000000000000139, 0.1999999999999997613 ) ) ;
#5876 = DIRECTION ( 'NONE',  ( 0.000000000000000000, 0.000000000000000000, 1.000000000000000000 ) ) ;
#5877 = PRESENTATION_STYLE_ASSIGNMENT (( #3752 ) ) ;
#5878 = ORIENTED_EDGE ( 'NONE', *, *, #1081, .F. ) ;
#5879 = CARTESIAN_POINT ( 'NONE',  ( 0.2125000000000000222, 0.02499999999999984873, 0.08250000000000001776 ) ) ;
#5880 = CARTESIAN_POINT ( 'NONE',  ( -0.1084093427411661203, 0.5150000000000004574, 0.4591564742960401180 ) ) ;
#5881 = VERTEX_POINT ( 'NONE', #1502 ) ;
#5882 = ADVANCED_FACE ( 'NONE', ( #6 ), #901, .T. ) ;
#5883 = DIRECTION ( 'NONE',  ( -4.170008355713474686E-16, 0.000000000000000000, 1.000000000000000000 ) ) ;
#5884 = CARTESIAN_POINT ( 'NONE',  ( -1.064999999999999503, 0.2149999999999999967, 0.4999999999999995559 ) ) ;
#5885 = CARTESIAN_POINT ( 'NONE',  ( 0.7499999999999995559, 1.661001497005149652, -0.7999999999999997113 ) ) ;
#5886 = ORIENTED_EDGE ( 'NONE', *, *, #2030, .T. ) ;
#5887 = FACE_OUTER_BOUND ( 'NONE', #4999, .T. ) ;
#5888 = STYLED_ITEM ( 'NONE', ( #5202 ), #114 ) ;
#5889 = CARTESIAN_POINT ( 'NONE',  ( 0.000000000000000000, 0.5195520701168854227, 0.000000000000000000 ) ) ;
#5890 = MECHANICAL_DESIGN_GEOMETRIC_PRESENTATION_REPRESENTATION (  '', ( #5994 ), #6210 ) ;
#5891 = AXIS2_PLACEMENT_3D ( 'NONE', #46, #4249, #2199 ) ;
#5892 =( GEOMETRIC_REPRESENTATION_CONTEXT ( 3 ) GLOBAL_UNCERTAINTY_ASSIGNED_CONTEXT ( ( #3832 ) ) GLOBAL_UNIT_ASSIGNED_CONTEXT ( ( #2240, #2281, #3262 ) ) REPRESENTATION_CONTEXT ( 'NONE', 'WORKASPACE' ) );
#5893 = DIRECTION ( 'NONE',  ( -0.000000000000000000, 0.000000000000000000, 1.000000000000000000 ) ) ;
#5894 = EDGE_CURVE ( 'NONE', #6280, #2126, #813, .T. ) ;
#5895 = DIRECTION ( 'NONE',  ( 1.000000000000000000, 0.000000000000000000, 0.000000000000000000 ) ) ;
#5896 = DIRECTION ( 'NONE',  ( -0.000000000000000000, -1.000000000000000000, -0.000000000000000000 ) ) ;
#5897 = CARTESIAN_POINT ( 'NONE',  ( 0.5913366676085289875, 2.489731222669117727, -0.6147448925490746063 ) ) ;
#5898 = VERTEX_POINT ( 'NONE', #935 ) ;
#5899 = VECTOR ( 'NONE', #4224, 1000.000000000000000 ) ;
#5900 = CARTESIAN_POINT ( 'NONE',  ( 0.4086633323914709570, 2.489731222669117727, -0.6147448925490746063 ) ) ;
#5901 = FACE_OUTER_BOUND ( 'NONE', #994, .T. ) ;
#5902 = VECTOR ( 'NONE', #4286, 1000.000000000000000 ) ;
#5903 = VERTEX_POINT ( 'NONE', #3053 ) ;
#5904 = DIRECTION ( 'NONE',  ( 0.000000000000000000, 0.000000000000000000, 1.000000000000000000 ) ) ;
#5905 = ORIENTED_EDGE ( 'NONE', *, *, #3203, .T. ) ;
#5906 = CARTESIAN_POINT ( 'NONE',  ( -0.4670526090495505933, 0.5150000000000000133, -0.03020581678025676536 ) ) ;
#5907 = ORIENTED_EDGE ( 'NONE', *, *, #6241, .F. ) ;
#5908 = AXIS2_PLACEMENT_3D ( 'NONE', #1488, #985, #2502 ) ;
#5909 = ADVANCED_FACE ( 'NONE', ( #2486 ), #3021, .F. ) ;
#5910 = ADVANCED_FACE ( 'NONE', ( #2056 ), #499, .F. ) ;
#5911 = CARTESIAN_POINT ( 'NONE',  ( -1.069999999999999618, 0.2250000000000000056, -0.1913252839170866137 ) ) ;
#5912 = CARTESIAN_POINT ( 'NONE',  ( -0.7499999999999995559, 0.3250000000000000111, -0.7999999999999997113 ) ) ;
#5913 = ORIENTED_EDGE ( 'NONE', *, *, #1509, .T. ) ;
#5914 = CARTESIAN_POINT ( 'NONE',  ( -1.234999999999999654, 0.2149999999999999967, -0.7349999999999997646 ) ) ;
#5915 = EDGE_LOOP ( 'NONE', ( #668, #721, #2569, #5205 ) ) ;
#5916 = CARTESIAN_POINT ( 'NONE',  ( 0.1084093427411659399, 0.5150000000000007905, 0.4591564742960398959 ) ) ;
#5917 = ORIENTED_EDGE ( 'NONE', *, *, #1424, .F. ) ;
#5918 = EDGE_CURVE ( 'NONE', #4771, #4899, #3502, .T. ) ;
#5919 = ORIENTED_EDGE ( 'NONE', *, *, #4368, .F. ) ;
#5920 = FACE_OUTER_BOUND ( 'NONE', #4509, .T. ) ;
#5921 = DIRECTION ( 'NONE',  ( 0.000000000000000000, 1.000000000000000000, 0.000000000000000000 ) ) ;
#5922 = ORIENTED_EDGE ( 'NONE', *, *, #1104, .F. ) ;
#5923 = EDGE_CURVE ( 'NONE', #5841, #887, #533, .T. ) ;
#5924 = DIRECTION ( 'NONE',  ( -0.000000000000000000, 1.000000000000000000, -0.000000000000000000 ) ) ;
#5925 = DIRECTION ( 'NONE',  ( -0.000000000000000000, -1.000000000000000000, -0.000000000000000000 ) ) ;
#5926 = DIRECTION ( 'NONE',  ( 0.000000000000000000, -1.000000000000000000, 0.000000000000000000 ) ) ;
#5927 = PLANE ( 'NONE',  #3237 ) ;
#5928 = DIRECTION ( 'NONE',  ( 1.000000000000000000, -0.000000000000000000, 6.672013369141570147E-16 ) ) ;
#5929 = EDGE_LOOP ( 'NONE', ( #3785, #2004, #1412, #6250 ) ) ;
#5930 = ORIENTED_EDGE ( 'NONE', *, *, #4365, .F. ) ;
#5931 = CARTESIAN_POINT ( 'NONE',  ( 0.9593865445117155666, 0.3499999999999999778, 0.1247286140794536535 ) ) ;
#5932 = CARTESIAN_POINT ( 'NONE',  ( -0.9999999999999995559, 0.2149999999999999967, -0.7999999999999996003 ) ) ;
#5933 = EDGE_LOOP ( 'NONE', ( #3039, #6292, #1144, #4718, #5042, #3044, #1545, #6642, #2430, #2817, #6804, #3440, #1757, #3345, #231, #6753, #175, #850, #816, #3707, #6588, #3452, #6462, #3020, #3755, #3883, #2175, #4906, #1108, #6662, #933, #2094, #6243, #6732, #1601, #5246, #5922, #2775, #324, #4499, #2626, #6424, #5045, #6199 ) ) ;
#5934 = ORIENTED_EDGE ( 'NONE', *, *, #575, .F. ) ;
#5935 = CARTESIAN_POINT ( 'NONE',  ( 0.1720104733052814361, 0.3500000000000001998, 0.7303844438303089825 ) ) ;
#5936 = EDGE_LOOP ( 'NONE', ( #2028, #1731, #3092, #6689 ) ) ;
#5937 = EDGE_CURVE ( 'NONE', #2733, #3245, #3120, .T. ) ;
#5938 = PLANE ( 'NONE',  #1984 ) ;
#5939 = CARTESIAN_POINT ( 'NONE',  ( 0.04250000000000039163, 0.02499999999999984873, 0.5699999999999998401 ) ) ;
#5940 = VERTEX_POINT ( 'NONE', #6707 ) ;
#5941 = EDGE_CURVE ( 'NONE', #3245, #6267, #4139, .T. ) ;
#5942 = DIRECTION ( 'NONE',  ( -0.7025510745092516940, 0.000000000000000000, -0.7116333239147081269 ) ) ;
#5943 = ORIENTED_EDGE ( 'NONE', *, *, #2140, .F. ) ;
#5944 = DIRECTION ( 'NONE',  ( 1.000000000000000000, -0.000000000000000000, -0.000000000000000000 ) ) ;
#5945 = ORIENTED_EDGE ( 'NONE', *, *, #5550, .T. ) ;
#5946 = ORIENTED_EDGE ( 'NONE', *, *, #2681, .T. ) ;
#5947 = CARTESIAN_POINT ( 'NONE',  ( -0.3250000000000000111, 0.02499999999999984873, 0.4299999999999997158 ) ) ;
#5948 = LINE ( 'NONE', #1230, #3198 ) ;
#5949 = VECTOR ( 'NONE', #2857, 1000.000000000000114 ) ;
#5950 = ORIENTED_EDGE ( 'NONE', *, *, #3326, .T. ) ;
#5951 = CARTESIAN_POINT ( 'NONE',  ( 0.3374999999999992450, 0.02499999999999984873, 0.7849999999999998090 ) ) ;
#5952 = EDGE_CURVE ( 'NONE', #549, #6557, #6126, .T. ) ;
#5953 = DIRECTION ( 'NONE',  ( 1.000000000000000000, 0.000000000000000000, -8.363055544496858865E-16 ) ) ;
#5954 = EDGE_CURVE ( 'NONE', #5623, #4662, #2620, .T. ) ;
#5955 = AXIS2_PLACEMENT_3D ( 'NONE', #6185, #6641, #360 ) ;
#5956 = CARTESIAN_POINT ( 'NONE',  ( 0.9999999999999995559, 0.2250000000000000056, -0.7999999999999996003 ) ) ;
#5957 = LINE ( 'NONE', #4947, #6211 ) ;
#5958 = DIRECTION ( 'NONE',  ( 0.7071067811865465735, -0.000000000000000000, -0.7071067811865483499 ) ) ;
#5959 = VERTEX_POINT ( 'NONE', #2545 ) ;
#5960 = VECTOR ( 'NONE', #2, 1000.000000000000000 ) ;
#5961 = EDGE_CURVE ( 'NONE', #3351, #3504, #4714, .T. ) ;
#5962 = DIRECTION ( 'NONE',  ( 0.000000000000000000, -1.000000000000000000, 0.000000000000000000 ) ) ;
#5963 = DIRECTION ( 'NONE',  ( 0.000000000000000000, 1.000000000000000000, 0.000000000000000000 ) ) ;
#5964 = VECTOR ( 'NONE', #1193, 1000.000000000000000 ) ;
#5965 = VECTOR ( 'NONE', #3665, 1000.000000000000000 ) ;
#5966 = FACE_OUTER_BOUND ( 'NONE', #2803, .T. ) ;
#5967 = CARTESIAN_POINT ( 'NONE',  ( 0.3537307147608607649, 0.3499999999999999778, -0.7303844438303085385 ) ) ;
#5968 = ORIENTED_EDGE ( 'NONE', *, *, #6772, .F. ) ;
#5969 = VECTOR ( 'NONE', #1443, 1000.000000000000000 ) ;
#5970 = DIRECTION ( 'NONE',  ( 0.000000000000000000, 0.000000000000000000, 1.000000000000000000 ) ) ;
#5971 = CARTESIAN_POINT ( 'NONE',  ( -0.7499999999999995559, 0.3250000000000000111, 0.2592837430570318902 ) ) ;
#5972 = VECTOR ( 'NONE', #95, 1000.000000000000000 ) ;
#5973 = ORIENTED_EDGE ( 'NONE', *, *, #6461, .T. ) ;
#5974 = EDGE_CURVE ( 'NONE', #6736, #3351, #1430, .T. ) ;
#5975 = DIRECTION ( 'NONE',  ( 0.000000000000000000, 0.000000000000000000, -1.000000000000000000 ) ) ;
#5976 = EDGE_LOOP ( 'NONE', ( #1187, #3906, #6248, #6008 ) ) ;
#5977 = CARTESIAN_POINT ( 'NONE',  ( -0.5499999999999971578, 0.02500000000000000139, -0.7999999999999997113 ) ) ;
#5978 = VECTOR ( 'NONE', #3111, 1000.000000000000114 ) ;
#5979 = ADVANCED_FACE ( 'NONE', ( #2724 ), #2196, .F. ) ;
#5980 = ORIENTED_EDGE ( 'NONE', *, *, #5795, .F. ) ;
#5981 = DIRECTION ( 'NONE',  ( 0.000000000000000000, 0.000000000000000000, 1.000000000000000000 ) ) ;
#5982 = EDGE_LOOP ( 'NONE', ( #2942, #1043 ) ) ;
#5983 = LINE ( 'NONE', #5476, #1771 ) ;
#5984 = VERTEX_POINT ( 'NONE', #5302 ) ;
#5985 = CARTESIAN_POINT ( 'NONE',  ( -0.8249999999999999556, 0.02499999999999984873, 0.7850000000000000311 ) ) ;
#5986 = CYLINDRICAL_SURFACE ( 'NONE', #711, 0.06499999999999994671 ) ;
#5987 = EDGE_CURVE ( 'NONE', #4069, #6133, #2784, .T. ) ;
#5988 = DIRECTION ( 'NONE',  ( -0.000000000000000000, -1.000000000000000000, -0.000000000000000000 ) ) ;
#5989 = DIRECTION ( 'NONE',  ( 0.000000000000000000, 1.000000000000000000, 0.000000000000000000 ) ) ;
#5990 = STYLED_ITEM ( 'NONE', ( #4450 ), #151 ) ;
#5991 = DIRECTION ( 'NONE',  ( -0.000000000000000000, -1.000000000000000000, -0.000000000000000000 ) ) ;
#5992 = EDGE_CURVE ( 'NONE', #3267, #5514, #5268, .T. ) ;
#5993 = DIRECTION ( 'NONE',  ( 0.8141155183563224540, -0.000000000000000000, 0.5807029557109352202 ) ) ;
#5994 = STYLED_ITEM ( 'NONE', ( #1500 ), #4667 ) ;
#5995 = ORIENTED_EDGE ( 'NONE', *, *, #3819, .F. ) ;
#5996 = VECTOR ( 'NONE', #797, 1000.000000000000000 ) ;
#5997 = FACE_BOUND ( 'NONE', #28, .T. ) ;
#5998 = LINE ( 'NONE', #5560, #2223 ) ;
#5999 = ORIENTED_EDGE ( 'NONE', *, *, #1676, .T. ) ;
#6000 = VECTOR ( 'NONE', #814, 1000.000000000000000 ) ;
#6001 = EDGE_CURVE ( 'NONE', #3457, #336, #6411, .T. ) ;
#6002 = ORIENTED_EDGE ( 'NONE', *, *, #3464, .T. ) ;
#6003 = CARTESIAN_POINT ( 'NONE',  ( -0.4294796478723778010, 0.3499999999999999778, 0.7303844438303084274 ) ) ;
#6004 = LINE ( 'NONE', #4957, #2376 ) ;
#6005 = CIRCLE ( 'NONE', #4342, 0.07499999999999992784 ) ;
#6006 = LINE ( 'NONE', #1284, #1271 ) ;
#6007 = LINE ( 'NONE', #815, #5310 ) ;
#6008 = ORIENTED_EDGE ( 'NONE', *, *, #404, .F. ) ;
#6009 = CARTESIAN_POINT ( 'NONE',  ( 0.9445302004049205280, 0.3250000000000000111, -0.8475878694638663280 ) ) ;
#6010 = AXIS2_PLACEMENT_3D ( 'NONE', #679, #177, #5837 ) ;
#6011 = ORIENTED_EDGE ( 'NONE', *, *, #936, .T. ) ;
#6012 = LINE ( 'NONE', #281, #4986 ) ;
#6013 = EDGE_CURVE ( 'NONE', #4503, #2535, #696, .T. ) ;
#6014 = ORIENTED_EDGE ( 'NONE', *, *, #5034, .T. ) ;
#6015 = LINE ( 'NONE', #5439, #4793 ) ;
#6016 = ORIENTED_EDGE ( 'NONE', *, *, #4772, .F. ) ;
#6017 = DIRECTION ( 'NONE',  ( 0.000000000000000000, 0.000000000000000000, -1.000000000000000000 ) ) ;
#6018 = ORIENTED_EDGE ( 'NONE', *, *, #4368, .T. ) ;
#6019 = CARTESIAN_POINT ( 'NONE',  ( -1.234999999999999654, 0.05000000000000000278, 0.7349999999999997646 ) ) ;
#6020 = DIRECTION ( 'NONE',  ( -1.000000000000000000, 0.000000000000000000, -6.195440985631456303E-16 ) ) ;
#6021 = EDGE_CURVE ( 'NONE', #6107, #673, #6637, .T. ) ;
#6022 = LINE ( 'NONE', #3360, #2826 ) ;
#6023 = CARTESIAN_POINT ( 'NONE',  ( 1.299999999999999600, 0.2149999999999999967, 0.4999999999999995559 ) ) ;
#6024 = CARTESIAN_POINT ( 'NONE',  ( 0.6749999999999998224, 2.489731222669117727, -0.3549999999999997047 ) ) ;
#6025 = CARTESIAN_POINT ( 'NONE',  ( 0.000000000000000000, 0.5999999999999999778, 0.000000000000000000 ) ) ;
#6026 = EDGE_CURVE ( 'NONE', #3589, #185, #663, .T. ) ;
#6027 = CARTESIAN_POINT ( 'NONE',  ( -0.3375000000000001332, 0.000000000000000000, -0.7849999999999998090 ) ) ;
#6028 = ORIENTED_EDGE ( 'NONE', *, *, #4795, .T. ) ;
#6029 = DIRECTION ( 'NONE',  ( 1.000000000000000000, -0.000000000000000000, -0.000000000000000000 ) ) ;
#6030 = FACE_OUTER_BOUND ( 'NONE', #5687, .T. ) ;
#6031 = DIRECTION ( 'NONE',  ( 0.5807029557109352202, -0.000000000000000000, -0.8141155183563223430 ) ) ;
#6032 = VERTEX_POINT ( 'NONE', #3729 ) ;
#6033 = EDGE_CURVE ( 'NONE', #1666, #5793, #6438, .T. ) ;
#6034 = VERTEX_POINT ( 'NONE', #6369 ) ;
#6035 = PLANE ( 'NONE',  #3350 ) ;
#6036 = EDGE_CURVE ( 'NONE', #3880, #3007, #5410, .T. ) ;
#6037 = LINE ( 'NONE', #2931, #6615 ) ;
#6038 = ORIENTED_EDGE ( 'NONE', *, *, #4700, .F. ) ;
#6039 = CARTESIAN_POINT ( 'NONE',  ( -0.5913366676085289875, 0.02499999999999984873, 0.6147448925490746063 ) ) ;
#6040 = ORIENTED_EDGE ( 'NONE', *, *, #6527, .T. ) ;
#6041 = LINE ( 'NONE', #5529, #2238 ) ;
#6042 = ORIENTED_EDGE ( 'NONE', *, *, #3284, .F. ) ;
#6043 = CARTESIAN_POINT ( 'NONE',  ( 1.499999999999999556, 0.07499999999999999722, -0.2749999999999993006 ) ) ;
#6044 = VERTEX_POINT ( 'NONE', #4168 ) ;
#6045 = CARTESIAN_POINT ( 'NONE',  ( -0.04249999999999994060, 0.000000000000000000, -0.5699999999999998401 ) ) ;
#6046 = ORIENTED_EDGE ( 'NONE', *, *, #735, .T. ) ;
#6047 = DIRECTION ( 'NONE',  ( 0.000000000000000000, 1.000000000000000000, 0.000000000000000000 ) ) ;
#6048 = CARTESIAN_POINT ( 'NONE',  ( -1.234999999999999654, 1.851433752247375164, 0.7349999999999997646 ) ) ;
#6049 = ORIENTED_EDGE ( 'NONE', *, *, #5961, .F. ) ;
#6050 = PLANE ( 'NONE',  #6344 ) ;
#6051 = AXIS2_PLACEMENT_3D ( 'NONE', #3500, #494, #2948 ) ;
#6052 = DIRECTION ( 'NONE',  ( 0.000000000000000000, 0.000000000000000000, 1.000000000000000000 ) ) ;
#6053 = LINE ( 'NONE', #3427, #5542 ) ;
#6054 = PLANE ( 'NONE',  #922 ) ;
#6055 = VECTOR ( 'NONE', #1974, 1000.000000000000000 ) ;
#6056 = DIRECTION ( 'NONE',  ( 0.000000000000000000, -0.000000000000000000, 1.000000000000000000 ) ) ;
#6057 = ADVANCED_FACE ( 'NONE', ( #564 ), #5344, .T. ) ;
#6058 = CARTESIAN_POINT ( 'NONE',  ( 1.149999999999999467, 0.02499999999999995628, 0.5499999999999999334 ) ) ;
#6059 = ORIENTED_EDGE ( 'NONE', *, *, #5937, .T. ) ;
#6060 = FACE_BOUND ( 'NONE', #5099, .T. ) ;
#6061 = ORIENTED_EDGE ( 'NONE', *, *, #3276, .F. ) ;
#6062 = CIRCLE ( 'NONE', #4852, 0.04999999999999991257 ) ;
#6063 = ORIENTED_EDGE ( 'NONE', *, *, #2019, .F. ) ;
#6064 = CARTESIAN_POINT ( 'NONE',  ( 1.157057759178160783, 0.3250000000000000111, 0.5496352209124993893 ) ) ;
#6065 = AXIS2_PLACEMENT_3D ( 'NONE', #2783, #6500, #3386 ) ;
#6066 = FACE_OUTER_BOUND ( 'NONE', #305, .T. ) ;
#6067 = EDGE_CURVE ( 'NONE', #6156, #2155, #6194, .T. ) ;
#6068 = DIRECTION ( 'NONE',  ( 0.000000000000000000, 0.000000000000000000, 1.000000000000000000 ) ) ;
#6069 = VERTEX_POINT ( 'NONE', #5850 ) ;
#6070 = AXIS2_PLACEMENT_3D ( 'NONE', #5065, #2526, #3485 ) ;
#6071 = DIRECTION ( 'NONE',  ( -1.000000000000000000, 0.000000000000000000, 0.000000000000000000 ) ) ;
#6072 = CARTESIAN_POINT ( 'NONE',  ( 1.149999999999999689, 0.02499999999999999792, 0.2000000000000000389 ) ) ;
#6073 = AXIS2_PLACEMENT_3D ( 'NONE', #4112, #974, #6235 ) ;
#6074 = VECTOR ( 'NONE', #5991, 1000.000000000000000 ) ;
#6075 = VECTOR ( 'NONE', #5281, 1000.000000000000000 ) ;
#6076 = ORIENTED_EDGE ( 'NONE', *, *, #5255, .F. ) ;
#6077 = CARTESIAN_POINT ( 'NONE',  ( 0.6624999999999999778, 2.489731222669117727, -0.1574999999999999178 ) ) ;
#6078 = CARTESIAN_POINT ( 'NONE',  ( -0.9593865445117155666, 0.3499999999999999778, 0.1247286140794536535 ) ) ;
#6079 = ORIENTED_EDGE ( 'NONE', *, *, #1608, .T. ) ;
#6080 = VERTEX_POINT ( 'NONE', #6398 ) ;
#6081 = DIRECTION ( 'NONE',  ( -0.000000000000000000, -1.000000000000000000, -0.000000000000000000 ) ) ;
#6082 = ORIENTED_EDGE ( 'NONE', *, *, #5650, .F. ) ;
#6083 = FACE_OUTER_BOUND ( 'NONE', #2046, .T. ) ;
#6084 = EDGE_CURVE ( 'NONE', #2048, #3818, #1673, .T. ) ;
#6085 = ORIENTED_EDGE ( 'NONE', *, *, #3359, .F. ) ;
#6086 = AXIS2_PLACEMENT_3D ( 'NONE', #3380, #757, #5496 ) ;
#6087 = CARTESIAN_POINT ( 'NONE',  ( -0.5999999999999994227, 0.02499999999999984873, -0.3549999999999997602 ) ) ;
#6088 = VECTOR ( 'NONE', #857, 1000.000000000000000 ) ;
#6089 = DIRECTION ( 'NONE',  ( 0.000000000000000000, 0.000000000000000000, 1.000000000000000000 ) ) ;
#6090 = LINE ( 'NONE', #4948, #3515 ) ;
#6091 = CARTESIAN_POINT ( 'NONE',  ( -1.278301270189221350, 0.02499999999999999792, 0.7349999999999997646 ) ) ;
#6092 = DIRECTION ( 'NONE',  ( -1.000000000000000000, 0.000000000000000000, -1.858632295689436004E-15 ) ) ;
#6093 = EDGE_LOOP ( 'NONE', ( #4648, #1845, #2554, #6800 ) ) ;
#6094 =( GEOMETRIC_REPRESENTATION_CONTEXT ( 3 ) GLOBAL_UNCERTAINTY_ASSIGNED_CONTEXT ( ( #6477 ) ) GLOBAL_UNIT_ASSIGNED_CONTEXT ( ( #5012, #250, #1768 ) ) REPRESENTATION_CONTEXT ( 'NONE', 'WORKASPACE' ) );
#6095 = LINE ( 'NONE', #2953, #4902 ) ;
#6096 = FILL_AREA_STYLE ('',( #4392 ) ) ;
#6097 = VERTEX_POINT ( 'NONE', #3765 ) ;
#6098 = FACE_BOUND ( 'NONE', #4136, .T. ) ;
#6099 = AXIS2_PLACEMENT_3D ( 'NONE', #2824, #3860, #3323 ) ;
#6100 = FACE_OUTER_BOUND ( 'NONE', #5929, .T. ) ;
#6101 = CIRCLE ( 'NONE', #74, 0.5000000000000002220 ) ;
#6102 = DIRECTION ( 'NONE',  ( 0.000000000000000000, 0.000000000000000000, 1.000000000000000000 ) ) ;
#6103 = DIRECTION ( 'NONE',  ( -0.000000000000000000, 0.000000000000000000, -1.000000000000000000 ) ) ;
#6104 = EDGE_CURVE ( 'NONE', #521, #4698, #6294, .T. ) ;
#6105 = AXIS2_PLACEMENT_3D ( 'NONE', #5690, #6269, #6165 ) ;
#6106 = LINE ( 'NONE', #3512, #4523 ) ;
#6107 = VERTEX_POINT ( 'NONE', #3799 ) ;
#6108 = ADVANCED_FACE ( 'NONE', ( #4206 ), #283, .T. ) ;
#6109 = DIRECTION ( 'NONE',  ( 1.858632295689436004E-15, 0.000000000000000000, 1.000000000000000000 ) ) ;
#6110 = CIRCLE ( 'NONE', #5009, 0.1000000000000001582 ) ;
#6111 = ADVANCED_FACE ( 'NONE', ( #153 ), #1178, .F. ) ;
#6112 = ORIENTED_EDGE ( 'NONE', *, *, #4107, .T. ) ;
#6113 = CARTESIAN_POINT ( 'NONE',  ( 0.6749999999999998224, 0.000000000000000000, 0.3549999999999997047 ) ) ;
#6114 = DIRECTION ( 'NONE',  ( -1.000000000000000000, 0.000000000000000000, -1.858632295689436004E-15 ) ) ;
#6115 = AXIS2_PLACEMENT_3D ( 'NONE', #5315, #4796, #2731 ) ;
#6116 = ORIENTED_EDGE ( 'NONE', *, *, #735, .F. ) ;
#6117 = DIRECTION ( 'NONE',  ( 0.000000000000000000, 0.000000000000000000, 1.000000000000000000 ) ) ;
#6118 = CARTESIAN_POINT ( 'NONE',  ( -0.3848609354016575002, 0.5150000000000006795, -0.2738946391165772432 ) ) ;
#6119 = ADVANCED_FACE ( 'NONE', ( #2231 ), #4319, .T. ) ;
#6120 = DIRECTION ( 'NONE',  ( 0.000000000000000000, 0.000000000000000000, 1.000000000000000000 ) ) ;
#6121 = EDGE_CURVE ( 'NONE', #6323, #1666, #5580, .T. ) ;
#6122 = DIRECTION ( 'NONE',  ( 0.5807029557109352202, 0.000000000000000000, 0.8141155183563223430 ) ) ;
#6123 = CARTESIAN_POINT ( 'NONE',  ( -1.424999999999999600, -0.4699747468305839893, -0.1999999999999993450 ) ) ;
#6124 = DIRECTION ( 'NONE',  ( 0.000000000000000000, 0.000000000000000000, -1.000000000000000000 ) ) ;
#6125 = ORIENTED_EDGE ( 'NONE', *, *, #5488, .T. ) ;
#6126 = LINE ( 'NONE', #6262, #277 ) ;
#6127 = CARTESIAN_POINT ( 'NONE',  ( -0.3999999999999999667, 0.000000000000000000, 0.3549999999999997602 ) ) ;
#6128 = EDGE_LOOP ( 'NONE', ( #5385, #620, #4340, #3383 ) ) ;
#6129 = ADVANCED_FACE ( 'NONE', ( #1268 ), #5986, .F. ) ;
#6130 = CARTESIAN_POINT ( 'NONE',  ( -0.6625000000000000888, 0.000000000000000000, -0.1574999999999999734 ) ) ;
#6131 = DIRECTION ( 'NONE',  ( 1.000000000000000000, 0.000000000000000000, -1.606225440719265874E-16 ) ) ;
#6132 = CARTESIAN_POINT ( 'NONE',  ( -0.3374999999999986899, 0.02499999999999984873, 0.7849999999999999201 ) ) ;
#6133 = VERTEX_POINT ( 'NONE', #3420 ) ;
#6134 = EDGE_LOOP ( 'NONE', ( #3211, #4050, #3029, #5739 ) ) ;
#6135 = ORIENTED_EDGE ( 'NONE', *, *, #164, .F. ) ;
#6136 = CARTESIAN_POINT ( 'NONE',  ( 0.6625000000000005329, 0.02499999999999984873, 0.7849999999999998090 ) ) ;
#6137 = CARTESIAN_POINT ( 'NONE',  ( -0.9999999999999995559, 0.2149999999999999967, -0.5649999999999995026 ) ) ;
#6138 = CARTESIAN_POINT ( 'NONE',  ( 1.064999999999999503, 0.2149999999999999967, -0.4999999999999995559 ) ) ;
#6139 = ORIENTED_EDGE ( 'NONE', *, *, #2086, .T. ) ;
#6140 = LINE ( 'NONE', #920, #4428 ) ;
#6141 = ADVANCED_FACE ( 'NONE', ( #3960 ), #195, .F. ) ;
#6142 = VERTEX_POINT ( 'NONE', #3463 ) ;
#6143 = DIRECTION ( 'NONE',  ( 0.000000000000000000, -1.000000000000000000, 0.000000000000000000 ) ) ;
#6144 = ORIENTED_EDGE ( 'NONE', *, *, #3394, .F. ) ;
#6145 = ORIENTED_EDGE ( 'NONE', *, *, #5137, .F. ) ;
#6146 = CARTESIAN_POINT ( 'NONE',  ( -1.064999999999999503, 0.2149999999999999967, 0.4999999999999995559 ) ) ;
#6147 = ORIENTED_EDGE ( 'NONE', *, *, #476, .T. ) ;
#6148 = CARTESIAN_POINT ( 'NONE',  ( 4.065758146820641628E-17, 0.5149999999999997913, -0.4719932064211324052 ) ) ;
#6149 = ORIENTED_EDGE ( 'NONE', *, *, #3157, .T. ) ;
#6150 = CARTESIAN_POINT ( 'NONE',  ( -1.149999999999999467, 0.02499999999999995628, -0.5499999999999999334 ) ) ;
#6151 = FACE_OUTER_BOUND ( 'NONE', #4002, .T. ) ;
#6152 = ADVANCED_FACE ( 'NONE', ( #6083 ), #1233, .T. ) ;
#6153 = DIRECTION ( 'NONE',  ( -0.000000000000000000, -1.000000000000000000, -0.000000000000000000 ) ) ;
#6154 = ORIENTED_EDGE ( 'NONE', *, *, #1977, .F. ) ;
#6155 = CARTESIAN_POINT ( 'NONE',  ( -0.7499999999999995559, 1.661001497005149652, -0.7999999999999997113 ) ) ;
#6156 = VERTEX_POINT ( 'NONE', #2338 ) ;
#6157 = CARTESIAN_POINT ( 'NONE',  ( 0.9999999999999995559, 0.2149999999999999967, -0.7999999999999996003 ) ) ;
#6158 = AXIS2_PLACEMENT_3D ( 'NONE', #4791, #3292, #5414 ) ;
#6159 = LINE ( 'NONE', #1370, #204 ) ;
#6160 = PLANE ( 'NONE',  #4326 ) ;
#6161 = FACE_OUTER_BOUND ( 'NONE', #1429, .T. ) ;
#6162 = VERTEX_POINT ( 'NONE', #4384 ) ;
#6163 = VERTEX_POINT ( 'NONE', #4418 ) ;
#6164 = DIRECTION ( 'NONE',  ( 1.000000000000000000, 0.000000000000000000, 0.000000000000000000 ) ) ;
#6165 = DIRECTION ( 'NONE',  ( 0.000000000000000000, 0.000000000000000000, -1.000000000000000000 ) ) ;
#6166 =( LENGTH_UNIT ( ) NAMED_UNIT ( * ) SI_UNIT ( .MILLI., .METRE. ) );
#6167 = DIRECTION ( 'NONE',  ( 2.950209993157834926E-16, 0.000000000000000000, 1.000000000000000000 ) ) ;
#6168 = ORIENTED_EDGE ( 'NONE', *, *, #3166, .T. ) ;
#6169 = CARTESIAN_POINT ( 'NONE',  ( -0.6624999999999999778, 0.02499999999999984873, -0.08250000000000001776 ) ) ;
#6170 = AXIS2_PLACEMENT_3D ( 'NONE', #1263, #5441, #4978 ) ;
#6171 = AXIS2_PLACEMENT_3D ( 'NONE', #5301, #5, #5746 ) ;
#6172 = DIRECTION ( 'NONE',  ( 0.5807029557109358864, 0.000000000000000000, -0.8141155183563220099 ) ) ;
#6173 = EDGE_LOOP ( 'NONE', ( #3654, #1385, #2832, #5251 ) ) ;
#6174 = DIRECTION ( 'NONE',  ( -1.000000000000000000, 0.000000000000000000, -1.858632295689436004E-15 ) ) ;
#6175 = LINE ( 'NONE', #3588, #3943 ) ;
#6176 = ORIENTED_EDGE ( 'NONE', *, *, #4563, .T. ) ;
#6177 = AXIS2_PLACEMENT_3D ( 'NONE', #4843, #2168, #4815 ) ;
#6178 = DIRECTION ( 'NONE',  ( 0.000000000000000000, 0.000000000000000000, -1.000000000000000000 ) ) ;
#6179 = VERTEX_POINT ( 'NONE', #6469 ) ;
#6180 = CARTESIAN_POINT ( 'NONE',  ( -0.9593865445117157886, 0.3499999999999996447, -1.355252715606880543E-17 ) ) ;
#6181 = DIRECTION ( 'NONE',  ( -0.000000000000000000, -1.000000000000000000, -0.000000000000000000 ) ) ;
#6182 = EDGE_CURVE ( 'NONE', #2642, #1720, #1358, .T. ) ;
#6183 = VECTOR ( 'NONE', #6458, 1000.000000000000000 ) ;
#6184 = CARTESIAN_POINT ( 'NONE',  ( 0.3250000000000000111, 2.489731222669117727, 0.3549999999999997047 ) ) ;
#6185 = CARTESIAN_POINT ( 'NONE',  ( -1.234999999999999654, 0.02500000000000000139, 0.7349999999999997646 ) ) ;
#6186 = ORIENTED_EDGE ( 'NONE', *, *, #5198, .T. ) ;
#6187 = CARTESIAN_POINT ( 'NONE',  ( -1.499999999999999556, 0.07499999999999999722, 0.2749999999999993006 ) ) ;
#6188 = ORIENTED_EDGE ( 'NONE', *, *, #954, .T. ) ;
#6189 = TOROIDAL_SURFACE ( 'NONE', #3325, 0.3499999999999999778, 0.02000000000000010103 ) ;
#6190 = DIRECTION ( 'NONE',  ( 0.000000000000000000, 0.000000000000000000, -1.000000000000000000 ) ) ;
#6191 = ORIENTED_EDGE ( 'NONE', *, *, #2712, .T. ) ;
#6192 = ADVANCED_FACE ( 'NONE', ( #3825 ), #4486, .T. ) ;
#6193 = CARTESIAN_POINT ( 'NONE',  ( -0.9999999999999995559, 0.2250000000000000056, 0.7999999999999996003 ) ) ;
#6194 = CIRCLE ( 'NONE', #3972, 0.06499999999999994671 ) ;
#6195 = CARTESIAN_POINT ( 'NONE',  ( -1.424999999999999600, -0.4699747468305839893, -0.2749999999999993006 ) ) ;
#6196 =( NAMED_UNIT ( * ) PLANE_ANGLE_UNIT ( ) SI_UNIT ( $, .RADIAN. ) );
#6197 = CARTESIAN_POINT ( 'NONE',  ( -1.149999999999999689, 0.02499999999999995628, 0.2000000000000000389 ) ) ;
#6198 = ORIENTED_EDGE ( 'NONE', *, *, #3376, .F. ) ;
#6199 = ORIENTED_EDGE ( 'NONE', *, *, #1243, .F. ) ;
#6200 = VECTOR ( 'NONE', #1734, 1000.000000000000000 ) ;
#6201 =( NAMED_UNIT ( * ) SI_UNIT ( $, .STERADIAN. ) SOLID_ANGLE_UNIT ( ) );
#6202 = DIRECTION ( 'NONE',  ( 0.000000000000000000, 0.000000000000000000, -1.000000000000000000 ) ) ;
#6203 = DIRECTION ( 'NONE',  ( -0.000000000000000000, -1.000000000000000000, -0.000000000000000000 ) ) ;
#6204 = STYLED_ITEM ( 'NONE', ( #845 ), #2457 ) ;
#6205 = EDGE_CURVE ( 'NONE', #5710, #4777, #2997, .T. ) ;
#6206 = PRESENTATION_LAYER_ASSIGNMENT (  '', '', ( #3340 ) ) ;
#6207 = LINE ( 'NONE', #4584, #1991 ) ;
#6208 = EDGE_LOOP ( 'NONE', ( #604, #3152, #6778, #6252 ) ) ;
#6209 = LINE ( 'NONE', #5599, #2894 ) ;
#6210 =( GEOMETRIC_REPRESENTATION_CONTEXT ( 3 ) GLOBAL_UNCERTAINTY_ASSIGNED_CONTEXT ( ( #5871 ) ) GLOBAL_UNIT_ASSIGNED_CONTEXT ( ( #434, #4064, #5156 ) ) REPRESENTATION_CONTEXT ( 'NONE', 'WORKASPACE' ) );
#6211 = VECTOR ( 'NONE', #3425, 1000.000000000000000 ) ;
#6212 = AXIS2_PLACEMENT_3D ( 'NONE', #5812, #2084, #5737 ) ;
#6213 = LINE ( 'NONE', #6693, #1491 ) ;
#6214 = ORIENTED_EDGE ( 'NONE', *, *, #4123, .T. ) ;
#6215 = CARTESIAN_POINT ( 'NONE',  ( 1.234999999999998321, 0.02500000000000000139, -0.1999999999999997613 ) ) ;
#6216 = VECTOR ( 'NONE', #5297, 1000.000000000000000 ) ;
#6217 = EDGE_LOOP ( 'NONE', ( #5833, #3606, #4664, #162, #5553, #704, #865, #183, #4809, #1927, #5044, #1652 ) ) ;
#6218 = DIRECTION ( 'NONE',  ( -0.000000000000000000, -1.000000000000000000, -0.000000000000000000 ) ) ;
#6219 = VECTOR ( 'NONE', #4660, 1000.000000000000000 ) ;
#6220 = CARTESIAN_POINT ( 'NONE',  ( -0.9276533538734091922, 0.3499999999999997002, -0.3646351321769979448 ) ) ;
#6221 = VERTEX_POINT ( 'NONE', #2854 ) ;
#6222 = VECTOR ( 'NONE', #5829, 1000.000000000000000 ) ;
#6223 = CARTESIAN_POINT ( 'NONE',  ( -1.499999999999999778, 0.02499999999999995628, 0.3499999999999993117 ) ) ;
#6224 = DIRECTION ( 'NONE',  ( 0.000000000000000000, 0.000000000000000000, -1.000000000000000000 ) ) ;
#6225 = ORIENTED_EDGE ( 'NONE', *, *, #4544, .T. ) ;
#6226 = FACE_OUTER_BOUND ( 'NONE', #1671, .T. ) ;
#6227 = VERTEX_POINT ( 'NONE', #831 ) ;
#6228 = CARTESIAN_POINT ( 'NONE',  ( -0.5499999999999971578, 0.02500000000000000139, -0.8499999999999998668 ) ) ;
#6229 = VECTOR ( 'NONE', #4170, 1000.000000000000000 ) ;
#6230 = ORIENTED_EDGE ( 'NONE', *, *, #928, .F. ) ;
#6231 = EDGE_CURVE ( 'NONE', #3298, #5710, #290, .T. ) ;
#6232 = DIRECTION ( 'NONE',  ( 0.000000000000000000, -1.000000000000000000, 0.000000000000000000 ) ) ;
#6233 = DIRECTION ( 'NONE',  ( -2.950209993157834926E-16, 0.000000000000000000, 1.000000000000000000 ) ) ;
#6234 = ADVANCED_FACE ( 'NONE', ( #2823 ), #1811, .T. ) ;
#6235 = DIRECTION ( 'NONE',  ( -1.000000000000000000, 0.000000000000000000, 1.606225440719270558E-16 ) ) ;
#6236 = VERTEX_POINT ( 'NONE', #226 ) ;
#6237 = ORIENTED_EDGE ( 'NONE', *, *, #3903, .T. ) ;
#6238 = CARTESIAN_POINT ( 'NONE',  ( 0.1375000000000000389, 0.02499999999999984873, -0.08250000000000001776 ) ) ;
#6239 = DIRECTION ( 'NONE',  ( -0.000000000000000000, -1.000000000000000000, -0.000000000000000000 ) ) ;
#6240 = ADVANCED_FACE ( 'NONE', ( #5018 ), #3893, .T. ) ;
#6241 = EDGE_CURVE ( 'NONE', #1663, #4235, #2306, .T. ) ;
#6242 = FACE_OUTER_BOUND ( 'NONE', #2546, .T. ) ;
#6243 = ORIENTED_EDGE ( 'NONE', *, *, #6788, .F. ) ;
#6244 = CARTESIAN_POINT ( 'NONE',  ( 0.4651012171537800555, 0.5149999999999999023, 0.05028626221636196131 ) ) ;
#6245 = EDGE_CURVE ( 'NONE', #2735, #5600, #5505, .T. ) ;
#6246 = CARTESIAN_POINT ( 'NONE',  ( -0.7374999999999998224, 2.489731222669117727, -0.08250000000000000389 ) ) ;
#6247 = LINE ( 'NONE', #1521, #5072 ) ;
#6248 = ORIENTED_EDGE ( 'NONE', *, *, #1050, .T. ) ;
#6249 = VERTEX_POINT ( 'NONE', #2913 ) ;
#6250 = ORIENTED_EDGE ( 'NONE', *, *, #301, .F. ) ;
#6251 = LINE ( 'NONE', #4736, #2990 ) ;
#6252 = ORIENTED_EDGE ( 'NONE', *, *, #5313, .T. ) ;
#6253 = CARTESIAN_POINT ( 'NONE',  ( -0.4395198120705040568, 0.5149999999999990141, -0.1730166995796437734 ) ) ;
#6254 = DIRECTION ( 'NONE',  ( 0.000000000000000000, -1.000000000000000000, -0.000000000000000000 ) ) ;
#6255 = EDGE_LOOP ( 'NONE', ( #1647, #6112, #2965, #2634 ) ) ;
#6256 = ADVANCED_FACE ( 'NONE', ( #6595 ), #1229, .T. ) ;
#6257 = DIRECTION ( 'NONE',  ( 0.000000000000000000, -1.000000000000000000, 0.000000000000000000 ) ) ;
#6258 = FACE_OUTER_BOUND ( 'NONE', #3320, .T. ) ;
#6259 = ORIENTED_EDGE ( 'NONE', *, *, #5622, .F. ) ;
#6260 = DIRECTION ( 'NONE',  ( -0.000000000000000000, 0.000000000000000000, -1.000000000000000000 ) ) ;
#6261 = EDGE_LOOP ( 'NONE', ( #2433, #6198, #4775, #3711 ) ) ;
#6262 = CARTESIAN_POINT ( 'NONE',  ( -0.6750000000000000444, 0.000000000000000000, 0.5299999999999999156 ) ) ;
#6263 = ORIENTED_EDGE ( 'NONE', *, *, #4696, .F. ) ;
#6264 = LINE ( 'NONE', #5270, #6337 ) ;
#6265 = DIRECTION ( 'NONE',  ( -0.000000000000000000, -1.000000000000000000, -0.000000000000000000 ) ) ;
#6266 = DIRECTION ( 'NONE',  ( -0.000000000000000000, 1.000000000000000000, -0.000000000000000000 ) ) ;
#6267 = VERTEX_POINT ( 'NONE', #4707 ) ;
#6268 = ADVANCED_FACE ( 'NONE', ( #1170 ), #3214, .F. ) ;
#6269 = DIRECTION ( 'NONE',  ( 0.000000000000000000, 1.000000000000000000, -0.000000000000000000 ) ) ;
#6270 = CARTESIAN_POINT ( 'NONE',  ( 1.191698729810777735, 0.02499999999999999792, 0.7349999999999997646 ) ) ;
#6271 = VECTOR ( 'NONE', #5958, 1000.000000000000114 ) ;
#6272 = CARTESIAN_POINT ( 'NONE',  ( 1.299999999999999600, 0.07499999999999998335, 0.1999999999999993450 ) ) ;
#6273 = EDGE_LOOP ( 'NONE', ( #3213, #386, #1762, #3177 ) ) ;
#6274 = CARTESIAN_POINT ( 'NONE',  ( -0.3066419522631327332, 0.5149999999999993472, -0.3595483853303100830 ) ) ;
#6275 = VERTEX_POINT ( 'NONE', #1132 ) ;
#6276 = LINE ( 'NONE', #4732, #2043 ) ;
#6277 = ORIENTED_EDGE ( 'NONE', *, *, #3648, .T. ) ;
#6278 = EDGE_CURVE ( 'NONE', #3788, #4235, #4770, .T. ) ;
#6279 = DIRECTION ( 'NONE',  ( -0.000000000000000000, -1.000000000000000000, -0.000000000000000000 ) ) ;
#6280 = VERTEX_POINT ( 'NONE', #4738 ) ;
#6281 = ORIENTED_EDGE ( 'NONE', *, *, #748, .F. ) ;
#6282 = CARTESIAN_POINT ( 'NONE',  ( 0.1375000000000000389, 2.489731222669117727, 0.08250000000000001776 ) ) ;
#6283 = ORIENTED_EDGE ( 'NONE', *, *, #4369, .T. ) ;
#6284 = CARTESIAN_POINT ( 'NONE',  ( 0.1720104733052814361, 0.3500000000000001998, 0.7303844438303089825 ) ) ;
#6285 = CARTESIAN_POINT ( 'NONE',  ( 1.149999999999999467, 0.07499999999999999722, -0.5499999999999999334 ) ) ;
#6286 = VERTEX_POINT ( 'NONE', #3789 ) ;
#6287 = CIRCLE ( 'NONE', #373, 0.02000000000000005246 ) ;
#6288 = VECTOR ( 'NONE', #256, 1000.000000000000000 ) ;
#6289 = DIRECTION ( 'NONE',  ( -0.7025510745092516940, 0.000000000000000000, -0.7116333239147081269 ) ) ;
#6290 = VECTOR ( 'NONE', #2214, 1000.000000000000000 ) ;
#6291 = LINE ( 'NONE', #3663, #2334 ) ;
#6292 = ORIENTED_EDGE ( 'NONE', *, *, #6013, .F. ) ;
#6293 = DIRECTION ( 'NONE',  ( 0.000000000000000000, 0.000000000000000000, 1.000000000000000000 ) ) ;
#6294 = LINE ( 'NONE', #5377, #1569 ) ;
#6295 = AXIS2_PLACEMENT_3D ( 'NONE', #5396, #3309, #780 ) ;
#6296 = LINE ( 'NONE', #2197, #3252 ) ;
#6297 = DIRECTION ( 'NONE',  ( 0.000000000000000000, 0.000000000000000000, 1.000000000000000000 ) ) ;
#6298 = AXIS2_PLACEMENT_3D ( 'NONE', #3999, #1532, #461 ) ;
#6299 = PRESENTATION_LAYER_ASSIGNMENT (  '', '', ( #1034 ) ) ;
#6300 = AXIS2_PLACEMENT_3D ( 'NONE', #474, #545, #2103 ) ;
#6301 = CARTESIAN_POINT ( 'NONE',  ( 0.3249999999999999001, 0.02499999999999984873, -0.3549999999999997047 ) ) ;
#6302 = ORIENTED_EDGE ( 'NONE', *, *, #2872, .T. ) ;
#6303 = EDGE_CURVE ( 'NONE', #5117, #4193, #4190, .T. ) ;
#6304 = VECTOR ( 'NONE', #1745, 1000.000000000000000 ) ;
#6305 = CARTESIAN_POINT ( 'NONE',  ( -0.9500000000000003997, 0.02499999999999984873, -0.6599999999999998090 ) ) ;
#6306 = PLANE ( 'NONE',  #381 ) ;
#6307 = CARTESIAN_POINT ( 'NONE',  ( 1.424999999999999600, -0.4699747468305839893, 0.1999999999999993450 ) ) ;
#6308 = ORIENTED_EDGE ( 'NONE', *, *, #1795, .F. ) ;
#6309 = CARTESIAN_POINT ( 'NONE',  ( -0.7889616633844750426, 0.3500000000000002554, -0.5689656325201035703 ) ) ;
#6310 = LINE ( 'NONE', #4295, #2915 ) ;
#6311 = ORIENTED_EDGE ( 'NONE', *, *, #6001, .F. ) ;
#6312 = ADVANCED_FACE ( 'NONE', ( #4236 ), #3146, .T. ) ;
#6313 = DIRECTION ( 'NONE',  ( 1.000000000000000000, 0.000000000000000000, -2.562659680420284750E-15 ) ) ;
#6314 = CARTESIAN_POINT ( 'NONE',  ( -1.064999999999999503, 0.2250000000000000056, -0.5649999999999995026 ) ) ;
#6315 = AXIS2_PLACEMENT_3D ( 'NONE', #2567, #6763, #5113 ) ;
#6316 = FILL_AREA_STYLE_COLOUR ( '', #5216 ) ;
#6317 = LINE ( 'NONE', #4231, #4854 ) ;
#6318 = ORIENTED_EDGE ( 'NONE', *, *, #6618, .F. ) ;
#6319 = EDGE_CURVE ( 'NONE', #365, #5171, #1097, .T. ) ;
#6320 = ADVANCED_FACE ( 'NONE', ( #139 ), #5262, .T. ) ;
#6321 = ORIENTED_EDGE ( 'NONE', *, *, #832, .T. ) ;
#6322 = CARTESIAN_POINT ( 'NONE',  ( 1.064999999999999503, 0.2250000000000000056, 0.4999999999999995559 ) ) ;
#6323 = VERTEX_POINT ( 'NONE', #624 ) ;
#6324 = CARTESIAN_POINT ( 'NONE',  ( 0.3537307145380697015, 0.3499999999999999778, 0.7303844438303084274 ) ) ;
#6325 = DIRECTION ( 'NONE',  ( 1.000000000000000000, 0.000000000000000000, 2.562659680420284750E-15 ) ) ;
#6326 = VECTOR ( 'NONE', #1818, 1000.000000000000000 ) ;
#6327 = EDGE_CURVE ( 'NONE', #3992, #2221, #817, .T. ) ;
#6328 = CARTESIAN_POINT ( 'NONE',  ( -1.149999999999999689, 0.02499999999999995628, -0.2000000000000000389 ) ) ;
#6329 = VECTOR ( 'NONE', #6519, 1000.000000000000000 ) ;
#6330 = DIRECTION ( 'NONE',  ( 0.000000000000000000, 0.000000000000000000, 1.000000000000000000 ) ) ;
#6331 = ORIENTED_EDGE ( 'NONE', *, *, #2670, .T. ) ;
#6332 = DIRECTION ( 'NONE',  ( 0.000000000000000000, -1.000000000000000000, 0.000000000000000000 ) ) ;
#6333 = EDGE_CURVE ( 'NONE', #3820, #4470, #4778, .T. ) ;
#6334 = EDGE_CURVE ( 'NONE', #1204, #2055, #52, .T. ) ;
#6335 = DIRECTION ( 'NONE',  ( 0.000000000000000000, -1.000000000000000000, 0.000000000000000000 ) ) ;
#6336 = CARTESIAN_POINT ( 'NONE',  ( 0.1175000000000000350, 2.489731222669117727, -0.4949999999999997735 ) ) ;
#6337 = VECTOR ( 'NONE', #566, 1000.000000000000000 ) ;
#6338 = EDGE_CURVE ( 'NONE', #4574, #2730, #6526, .T. ) ;
#6339 = CARTESIAN_POINT ( 'NONE',  ( 0.1175000000000000350, 0.000000000000000000, -0.4949999999999997735 ) ) ;
#6340 = CARTESIAN_POINT ( 'NONE',  ( 1.299999999999999378, 0.07499999999999998335, -0.7349999999999997646 ) ) ;
#6341 = CARTESIAN_POINT ( 'NONE',  ( -0.3374999999999998002, 2.489731222669117727, 0.6849999999999997202 ) ) ;
#6342 = ORIENTED_EDGE ( 'NONE', *, *, #1111, .T. ) ;
#6343 = DIRECTION ( 'NONE',  ( 0.000000000000000000, 0.000000000000000000, -1.000000000000000000 ) ) ;
#6344 = AXIS2_PLACEMENT_3D ( 'NONE', #1816, #2827, #6571 ) ;
#6345 = VERTEX_POINT ( 'NONE', #5369 ) ;
#6346 = ORIENTED_EDGE ( 'NONE', *, *, #6084, .F. ) ;
#6347 = PLANE ( 'NONE',  #2816 ) ;
#6348 = PLANE ( 'NONE',  #384 ) ;
#6349 = DIRECTION ( 'NONE',  ( 0.000000000000000000, 0.000000000000000000, 1.000000000000000000 ) ) ;
#6350 = VERTEX_POINT ( 'NONE', #655 ) ;
#6351 = CARTESIAN_POINT ( 'NONE',  ( 0.9593865445117154556, 0.3499999999999994227, 6.776263578034402713E-18 ) ) ;
#6352 = EDGE_LOOP ( 'NONE', ( #1525, #534, #3108, #3059 ) ) ;
#6353 = DIRECTION ( 'NONE',  ( 6.195440985631456303E-16, 0.000000000000000000, 1.000000000000000000 ) ) ;
#6354 = DIRECTION ( 'NONE',  ( -0.000000000000000000, -1.000000000000000000, -0.000000000000000000 ) ) ;
#6355 = ORIENTED_EDGE ( 'NONE', *, *, #5245, .T. ) ;
#6356 = DIRECTION ( 'NONE',  ( 0.000000000000000000, 0.000000000000000000, 1.000000000000000000 ) ) ;
#6357 = DIRECTION ( 'NONE',  ( 1.224646799147349509E-16, 0.000000000000000000, -1.000000000000000000 ) ) ;
#6358 = ORIENTED_EDGE ( 'NONE', *, *, #1935, .T. ) ;
#6359 = EDGE_LOOP ( 'NONE', ( #343, #5273, #6669, #5431 ) ) ;
#6360 = LINE ( 'NONE', #3109, #4076 ) ;
#6361 = ORIENTED_EDGE ( 'NONE', *, *, #4015, .T. ) ;
#6362 = DIRECTION ( 'NONE',  ( 2.562659680420284750E-15, 0.000000000000000000, 1.000000000000000000 ) ) ;
#6363 = ADVANCED_FACE ( 'NONE', ( #4836 ), #4308, .T. ) ;
#6364 = CARTESIAN_POINT ( 'NONE',  ( 1.299999999999999600, 0.07499999999999999722, 0.5499999999999996003 ) ) ;
#6365 = DIRECTION ( 'NONE',  ( 0.000000000000000000, 0.000000000000000000, -1.000000000000000000 ) ) ;
#6366 = SPHERICAL_SURFACE ( 'NONE', #6507, 0.04999999999999998196 ) ;
#6367 = ORIENTED_EDGE ( 'NONE', *, *, #4506, .F. ) ;
#6368 = CARTESIAN_POINT ( 'NONE',  ( 0.6624999999999999778, 0.000000000000000000, -0.1574999999999999178 ) ) ;
#6369 = CARTESIAN_POINT ( 'NONE',  ( -0.6625000000000000888, 0.02499999999999984873, 0.1575000000000000011 ) ) ;
#6370 = DIRECTION ( 'NONE',  ( -0.000000000000000000, -0.000000000000000000, 1.000000000000000000 ) ) ;
#6371 = DIRECTION ( 'NONE',  ( -0.000000000000000000, -1.000000000000000000, -0.000000000000000000 ) ) ;
#6372 = DIRECTION ( 'NONE',  ( -0.000000000000000000, -1.000000000000000000, -0.000000000000000000 ) ) ;
#6373 = CARTESIAN_POINT ( 'NONE',  ( 1.069999999999999840, 0.2250000000000000056, 0.1913252839170866415 ) ) ;
#6374 = EDGE_CURVE ( 'NONE', #2772, #4964, #5007, .T. ) ;
#6375 = VERTEX_POINT ( 'NONE', #4911 ) ;
#6376 = VERTEX_POINT ( 'NONE', #5977 ) ;
#6377 = CARTESIAN_POINT ( 'NONE',  ( 1.234999999999999654, 0.2149999999999999967, -0.7349999999999997646 ) ) ;
#6378 = DIRECTION ( 'NONE',  ( 0.000000000000000000, 1.000000000000000000, 0.000000000000000000 ) ) ;
#6379 = EDGE_CURVE ( 'NONE', #2535, #6227, #1151, .T. ) ;
#6380 = EDGE_LOOP ( 'NONE', ( #3721, #5026, #2015, #6281 ) ) ;
#6381 = CARTESIAN_POINT ( 'NONE',  ( 0.9593865445117153445, 0.3500000000000004774, 0.06241777867044768363 ) ) ;
#6382 = ORIENTED_EDGE ( 'NONE', *, *, #5691, .T. ) ;
#6383 = FACE_OUTER_BOUND ( 'NONE', #1900, .T. ) ;
#6384 = DIRECTION ( 'NONE',  ( 0.000000000000000000, -1.000000000000000000, 0.000000000000000000 ) ) ;
#6385 = ORIENTED_EDGE ( 'NONE', *, *, #880, .F. ) ;
#6386 = DIRECTION ( 'NONE',  ( 0.000000000000000000, 0.000000000000000000, 1.000000000000000000 ) ) ;
#6387 = EDGE_LOOP ( 'NONE', ( #3681, #3594, #2805, #428 ) ) ;
#6388 = DIRECTION ( 'NONE',  ( 0.000000000000000000, 1.000000000000000000, 0.000000000000000000 ) ) ;
#6389 = ORIENTED_EDGE ( 'NONE', *, *, #4154, .F. ) ;
#6390 = DIRECTION ( 'NONE',  ( -2.950209993157834433E-16, 0.000000000000000000, -1.000000000000000000 ) ) ;
#6391 = ORIENTED_EDGE ( 'NONE', *, *, #5104, .T. ) ;
#6392 = DIRECTION ( 'NONE',  ( 0.000000000000000000, 0.000000000000000000, -1.000000000000000000 ) ) ;
#6393 = CYLINDRICAL_SURFACE ( 'NONE', #6657, 0.06499999999999994671 ) ;
#6394 = AXIS2_PLACEMENT_3D ( 'NONE', #1203, #2271, #2373 ) ;
#6395 = DIRECTION ( 'NONE',  ( 1.000000000000000000, 0.000000000000000000, 0.000000000000000000 ) ) ;
#6396 = ORIENTED_EDGE ( 'NONE', *, *, #688, .T. ) ;
#6397 = CARTESIAN_POINT ( 'NONE',  ( 1.234999999999999654, 0.05000000000000000278, 0.7349999999999997646 ) ) ;
#6398 = CARTESIAN_POINT ( 'NONE',  ( -0.9500000000000001776, 0.000000000000000000, -0.6599999999999998090 ) ) ;
#6399 = AXIS2_PLACEMENT_3D ( 'NONE', #2370, #6465, #3917 ) ;
#6400 = VECTOR ( 'NONE', #2648, 1000.000000000000114 ) ;
#6401 = LINE ( 'NONE', #6783, #4116 ) ;
#6402 = VERTEX_POINT ( 'NONE', #1865 ) ;
#6403 = CARTESIAN_POINT ( 'NONE',  ( -1.499999999999999556, 0.07499999999999999722, -0.5499999999999992673 ) ) ;
#6404 = CARTESIAN_POINT ( 'NONE',  ( 0.2125000000000000222, 0.02499999999999984873, -0.1575000000000000011 ) ) ;
#6405 = AXIS2_PLACEMENT_3D ( 'NONE', #5971, #1252, #3343 ) ;
#6406 = EDGE_CURVE ( 'NONE', #4019, #3683, #6012, .T. ) ;
#6407 = TOROIDAL_SURFACE ( 'NONE', #6518, 0.3499999999999999778, 0.02000000000000010103 ) ;
#6408 = VECTOR ( 'NONE', #6682, 1000.000000000000000 ) ;
#6409 = CARTESIAN_POINT ( 'NONE',  ( 0.8249999999999999556, 0.02499999999999984873, -0.7850000000000000311 ) ) ;
#6410 = VECTOR ( 'NONE', #2557, 1000.000000000000000 ) ;
#6411 = CIRCLE ( 'NONE', #3430, 0.1249999999999998890 ) ;
#6412 = DIRECTION ( 'NONE',  ( -2.562659680420284750E-15, 0.000000000000000000, -1.000000000000000000 ) ) ;
#6413 = ORIENTED_EDGE ( 'NONE', *, *, #2864, .T. ) ;
#6414 = DIRECTION ( 'NONE',  ( 1.000000000000000000, 0.000000000000000000, 2.562659680420284750E-15 ) ) ;
#6415 = PRODUCT_DEFINITION_CONTEXT ( 'detailed design', #2300, 'design' ) ;
#6416 = AXIS2_PLACEMENT_3D ( 'NONE', #635, #597, #4743 ) ;
#6417 = CARTESIAN_POINT ( 'NONE',  ( -0.3999999999999999667, 2.489731222669117727, 0.3549999999999997602 ) ) ;
#6418 = CARTESIAN_POINT ( 'NONE',  ( 1.424999999999999600, 0.07499999999999999722, 0.1999999999999993450 ) ) ;
#6419 = ORIENTED_EDGE ( 'NONE', *, *, #551, .F. ) ;
#6420 = DIRECTION ( 'NONE',  ( 0.000000000000000000, 1.000000000000000000, 0.000000000000000000 ) ) ;
#6421 = EDGE_CURVE ( 'NONE', #60, #923, #5718, .T. ) ;
#6422 = LINE ( 'NONE', #4260, #914 ) ;
#6423 = ORIENTED_EDGE ( 'NONE', *, *, #6013, .T. ) ;
#6424 = ORIENTED_EDGE ( 'NONE', *, *, #4382, .F. ) ;
#6425 = ORIENTED_EDGE ( 'NONE', *, *, #1122, .F. ) ;
#6426 = FACE_OUTER_BOUND ( 'NONE', #6359, .T. ) ;
#6427 = VERTEX_POINT ( 'NONE', #4446 ) ;
#6428 = CARTESIAN_POINT ( 'NONE',  ( 0.7499999999999995559, 0.3250000000000000111, -0.2592837430570318902 ) ) ;
#6429 = ORIENTED_EDGE ( 'NONE', *, *, #330, .F. ) ;
#6430 = DIRECTION ( 'NONE',  ( 0.000000000000000000, 1.000000000000000000, -0.000000000000000000 ) ) ;
#6431 = FACE_OUTER_BOUND ( 'NONE', #5074, .T. ) ;
#6432 = AXIS2_PLACEMENT_3D ( 'NONE', #1678, #5855, #6297 ) ;
#6433 = VECTOR ( 'NONE', #5620, 1000.000000000000000 ) ;
#6434 = LINE ( 'NONE', #3115, #6610 ) ;
#6435 = ORIENTED_EDGE ( 'NONE', *, *, #2861, .T. ) ;
#6436 = FACE_OUTER_BOUND ( 'NONE', #495, .T. ) ;
#6437 = STYLED_ITEM ( 'NONE', ( #1005 ), #79 ) ;
#6438 = LINE ( 'NONE', #3184, #3329 ) ;
#6439 = VECTOR ( 'NONE', #6289, 1000.000000000000114 ) ;
#6440 = AXIS2_PLACEMENT_3D ( 'NONE', #1020, #3988, #3104 ) ;
#6441 = DIRECTION ( 'NONE',  ( -2.950209993157834926E-16, 0.000000000000000000, 1.000000000000000000 ) ) ;
#6442 = PLANE ( 'NONE',  #3013 ) ;
#6443 = CARTESIAN_POINT ( 'NONE',  ( 1.064999999999999503, 0.2149999999999999967, 0.5649999999999995026 ) ) ;
#6444 = ORIENTED_EDGE ( 'NONE', *, *, #4000, .T. ) ;
#6445 = AXIS2_PLACEMENT_3D ( 'NONE', #1407, #2461, #4543 ) ;
#6446 = PLANE ( 'NONE',  #3787 ) ;
#6447 = EDGE_CURVE ( 'NONE', #2258, #5053, #5398, .T. ) ;
#6448 =( NAMED_UNIT ( * ) SI_UNIT ( $, .STERADIAN. ) SOLID_ANGLE_UNIT ( ) );
#6449 = VECTOR ( 'NONE', #1610, 1000.000000000000000 ) ;
#6450 = EDGE_LOOP ( 'NONE', ( #2639, #1213, #5135, #3836 ) ) ;
#6451 = CARTESIAN_POINT ( 'NONE',  ( -1.234999999999999654, 0.02499999999999999792, -0.7349999999999997646 ) ) ;
#6452 = VERTEX_POINT ( 'NONE', #1198 ) ;
#6453 = DIRECTION ( 'NONE',  ( 0.000000000000000000, 0.000000000000000000, 1.000000000000000000 ) ) ;
#6454 = LINE ( 'NONE', #5429, #1993 ) ;
#6455 = ADVANCED_FACE ( 'NONE', ( #2401 ), #1837, .F. ) ;
#6456 = EDGE_LOOP ( 'NONE', ( #4114, #5810, #2959, #2627 ) ) ;
#6457 = ORIENTED_EDGE ( 'NONE', *, *, #1044, .F. ) ;
#6458 = DIRECTION ( 'NONE',  ( -1.000000000000000000, 0.000000000000000000, -2.562659680420284750E-15 ) ) ;
#6459 = EDGE_LOOP ( 'NONE', ( #2421, #5057, #5524, #3338 ) ) ;
#6460 = CARTESIAN_POINT ( 'NONE',  ( 1.149999999999999467, 0.07499999999999999722, -0.5499999999999999334 ) ) ;
#6461 = EDGE_CURVE ( 'NONE', #4229, #451, #4653, .T. ) ;
#6462 = ORIENTED_EDGE ( 'NONE', *, *, #3068, .F. ) ;
#6463 = ORIENTED_EDGE ( 'NONE', *, *, #1114, .T. ) ;
#6464 = DIRECTION ( 'NONE',  ( -0.000000000000000000, -1.000000000000000000, -0.000000000000000000 ) ) ;
#6465 = DIRECTION ( 'NONE',  ( -1.858632295689436004E-15, 0.000000000000000000, -1.000000000000000000 ) ) ;
#6466 = DIRECTION ( 'NONE',  ( 0.000000000000000000, -1.000000000000000000, 0.000000000000000000 ) ) ;
#6467 = VERTEX_POINT ( 'NONE', #6492 ) ;
#6468 = CARTESIAN_POINT ( 'NONE',  ( -1.424999999999999600, 0.02499999999999995628, -0.1999999999999993450 ) ) ;
#6469 = CARTESIAN_POINT ( 'NONE',  ( 1.299999999999999600, 0.2149999999999999967, -0.7349999999999997646 ) ) ;
#6470 = ADVANCED_FACE ( 'NONE', ( #2362 ), #722, .F. ) ;
#6471 = LINE ( 'NONE', #2131, #300 ) ;
#6472 = DIRECTION ( 'NONE',  ( -0.000000000000000000, 1.000000000000000000, -0.000000000000000000 ) ) ;
#6473 = DIRECTION ( 'NONE',  ( 0.000000000000000000, 0.000000000000000000, 1.000000000000000000 ) ) ;
#6474 = CARTESIAN_POINT ( 'NONE',  ( 0.4086633323914709570, 2.489731222669117727, -0.6147448925490746063 ) ) ;
#6475 = VERTEX_POINT ( 'NONE', #2774 ) ;
#6476 = ORIENTED_EDGE ( 'NONE', *, *, #3287, .F. ) ;
#6477 = UNCERTAINTY_MEASURE_WITH_UNIT (LENGTH_MEASURE( 1.000000000000000082E-05 ), #5012, 'distance_accuracy_value', 'NONE');
#6478 = CARTESIAN_POINT ( 'NONE',  ( -0.04249999999999988509, 0.000000000000000000, 0.3549999999999997602 ) ) ;
#6479 = EDGE_CURVE ( 'NONE', #1397, #6581, #6589, .T. ) ;
#6480 = LINE ( 'NONE', #2352, #1245 ) ;
#6481 = CARTESIAN_POINT ( 'NONE',  ( 0.7499999999999995559, 0.3250000000000000111, 0.2592837430570318902 ) ) ;
#6482 = VERTEX_POINT ( 'NONE', #219 ) ;
#6483 = CARTESIAN_POINT ( 'NONE',  ( -0.1720104733052811863, 0.3499999999999996447, 0.7303844438303087605 ) ) ;
#6484 = EDGE_CURVE ( 'NONE', #3807, #2313, #2264, .T. ) ;
#6485 = EDGE_LOOP ( 'NONE', ( #38, #3491, #2610, #6263 ) ) ;
#6486 = DIRECTION ( 'NONE',  ( 0.000000000000000000, 0.000000000000000000, -1.000000000000000000 ) ) ;
#6487 = LINE ( 'NONE', #2711, #2455 ) ;
#6488 = ORIENTED_EDGE ( 'NONE', *, *, #1761, .F. ) ;
#6489 = PLANE ( 'NONE',  #2776 ) ;
#6490 = VERTEX_POINT ( 'NONE', #3349 ) ;
#6491 = EDGE_CURVE ( 'NONE', #513, #4279, #6041, .T. ) ;
#6492 = CARTESIAN_POINT ( 'NONE',  ( -0.04249999999999994754, 0.02499999999999984873, -0.5699999999999998401 ) ) ;
#6493 = ADVANCED_FACE ( 'NONE', ( #5471 ), #821, .T. ) ;
#6494 = CARTESIAN_POINT ( 'NONE',  ( -1.234999999999999654, 0.02499999999999999792, -0.7349999999999997646 ) ) ;
#6495 = EDGE_LOOP ( 'NONE', ( #6346, #1014, #2066, #1708 ) ) ;
#6496 = LINE ( 'NONE', #4348, #3673 ) ;
#6497 = VERTEX_POINT ( 'NONE', #2845 ) ;
#6498 = DIRECTION ( 'NONE',  ( 1.000000000000000000, 0.000000000000000000, 2.562659680420284750E-15 ) ) ;
#6499 = CIRCLE ( 'NONE', #2204, 0.1000000000000001582 ) ;
#6500 = DIRECTION ( 'NONE',  ( 0.000000000000000000, -0.000000000000000000, 1.000000000000000000 ) ) ;
#6501 = CARTESIAN_POINT ( 'NONE',  ( 0.3537307145380697015, 0.3499999999999999778, 0.7303844438303084274 ) ) ;
#6502 = CYLINDRICAL_SURFACE ( 'NONE', #4909, 0.5000000000000002220 ) ;
#6503 = CARTESIAN_POINT ( 'NONE',  ( 1.157057759178160783, 0.3250000000000000111, 0.5496352209124993893 ) ) ;
#6504 = DIRECTION ( 'NONE',  ( 1.000000000000000000, 0.000000000000000000, -1.858632295689436004E-15 ) ) ;
#6505 = DIRECTION ( 'NONE',  ( 0.000000000000000000, 0.000000000000000000, -1.000000000000000000 ) ) ;
#6506 = EDGE_LOOP ( 'NONE', ( #5276, #1402, #1351, #2929 ) ) ;
#6507 = AXIS2_PLACEMENT_3D ( 'NONE', #2193, #77, #3726 ) ;
#6508 = ORIENTED_EDGE ( 'NONE', *, *, #5174, .T. ) ;
#6509 = AXIS2_PLACEMENT_3D ( 'NONE', #6043, #4840, #1202 ) ;
#6510 = CARTESIAN_POINT ( 'NONE',  ( -1.234999999999999654, 2.032879073410320814E-17, 0.7349999999999997646 ) ) ;
#6511 = AXIS2_PLACEMENT_3D ( 'NONE', #947, #1992, #6790 ) ;
#6512 = VECTOR ( 'NONE', #4665, 1000.000000000000000 ) ;
#6513 = CARTESIAN_POINT ( 'NONE',  ( -0.3999999999999999667, 0.02499999999999984873, 0.4299999999999997158 ) ) ;
#6514 = EDGE_CURVE ( 'NONE', #4478, #5745, #173, .T. ) ;
#6515 = ORIENTED_EDGE ( 'NONE', *, *, #1546, .T. ) ;
#6516 = CARTESIAN_POINT ( 'NONE',  ( -0.5844463605362102410, 0.3500000000000000888, 0.7015244245103345877 ) ) ;
#6517 = VECTOR ( 'NONE', #306, 1000.000000000000000 ) ;
#6518 = AXIS2_PLACEMENT_3D ( 'NONE', #2047, #3655, #4128 ) ;
#6519 = DIRECTION ( 'NONE',  ( -0.000000000000000000, -1.000000000000000000, -0.000000000000000000 ) ) ;
#6520 = CARTESIAN_POINT ( 'NONE',  ( 0.7499999999999995559, 0.3250000000000000111, 0.7999999999999997113 ) ) ;
#6521 = AXIS2_PLACEMENT_3D ( 'NONE', #5358, #1188, #5510 ) ;
#6522 = ORIENTED_EDGE ( 'NONE', *, *, #4429, .T. ) ;
#6523 = CARTESIAN_POINT ( 'NONE',  ( 0.6749999999999998224, 0.02499999999999984873, 0.3549999999999997047 ) ) ;
#6524 = ORIENTED_EDGE ( 'NONE', *, *, #4600, .F. ) ;
#6525 = DIRECTION ( 'NONE',  ( 0.000000000000000000, 0.000000000000000000, -1.000000000000000000 ) ) ;
#6526 = CIRCLE ( 'NONE', #606, 0.6056558297508549682 ) ;
#6527 = EDGE_CURVE ( 'NONE', #4703, #687, #4937, .T. ) ;
#6528 = ORIENTED_EDGE ( 'NONE', *, *, #4237, .F. ) ;
#6529 = EDGE_CURVE ( 'NONE', #2216, #1120, #3817, .T. ) ;
#6530 = CARTESIAN_POINT ( 'NONE',  ( 0.5500000000000029310, 0.02500000000000000139, -0.8499999999999998668 ) ) ;
#6531 = ORIENTED_EDGE ( 'NONE', *, *, #4772, .T. ) ;
#6532 = CARTESIAN_POINT ( 'NONE',  ( 1.234999999999999654, 2.032879073410320814E-17, 0.7349999999999997646 ) ) ;
#6533 = ORIENTED_EDGE ( 'NONE', *, *, #5360, .T. ) ;
#6534 = CARTESIAN_POINT ( 'NONE',  ( 1.499999999999999778, 0.07499999999999999722, 0.3499999999999993117 ) ) ;
#6535 = PRODUCT_DEFINITION_FORMATION_WITH_SPECIFIED_SOURCE ( 'ANY', '', #862, .NOT_KNOWN. ) ;
#6536 = DIRECTION ( 'NONE',  ( -0.000000000000000000, 0.000000000000000000, -1.000000000000000000 ) ) ;
#6537 = DIRECTION ( 'NONE',  ( 0.000000000000000000, 0.000000000000000000, -1.000000000000000000 ) ) ;
#6538 = CARTESIAN_POINT ( 'NONE',  ( -0.3999999999999999667, 0.02499999999999984873, 0.3549999999999997602 ) ) ;
#6539 = EDGE_CURVE ( 'NONE', #1454, #549, #1224, .T. ) ;
#6540 = AXIS2_PLACEMENT_3D ( 'NONE', #4877, #110, #3088 ) ;
#6541 = CARTESIAN_POINT ( 'NONE',  ( 1.149999999999999689, 0.07499999999999999722, -0.2000000000000000389 ) ) ;
#6542 = DIRECTION ( 'NONE',  ( 0.000000000000000000, 0.000000000000000000, -1.000000000000000000 ) ) ;
#6543 = LINE ( 'NONE', #1821, #3233 ) ;
#6544 = AXIS2_PLACEMENT_3D ( 'NONE', #2097, #3224, #2691 ) ;
#6545 = EDGE_CURVE ( 'NONE', #585, #2678, #3977, .T. ) ;
#6546 = AXIS2_PLACEMENT_3D ( 'NONE', #3065, #4119, #544 ) ;
#6547 = PLANE ( 'NONE',  #312 ) ;
#6548 = DIRECTION ( 'NONE',  ( 0.000000000000000000, -1.000000000000000000, 0.000000000000000000 ) ) ;
#6549 = VECTOR ( 'NONE', #4672, 1000.000000000000000 ) ;
#6550 = DIRECTION ( 'NONE',  ( 0.000000000000000000, 0.000000000000000000, -1.000000000000000000 ) ) ;
#6551 = ORIENTED_EDGE ( 'NONE', *, *, #1512, .F. ) ;
#6552 = AXIS2_PLACEMENT_3D ( 'NONE', #751, #2357, #3942 ) ;
#6553 = CARTESIAN_POINT ( 'NONE',  ( -4.065758146820641628E-17, 0.3500000000000000333, 0.7303844438303077613 ) ) ;
#6554 = AXIS2_PLACEMENT_3D ( 'NONE', #1954, #6232, #6604 ) ;
#6555 = LINE ( 'NONE', #2397, #307 ) ;
#6556 = LINE ( 'NONE', #4507, #375 ) ;
#6557 = VERTEX_POINT ( 'NONE', #475 ) ;
#6558 = LINE ( 'NONE', #4908, #2348 ) ;
#6559 = AXIS2_PLACEMENT_3D ( 'NONE', #699, #6472, #6724 ) ;
#6560 = EDGE_LOOP ( 'NONE', ( #5874, #5070, #4094, #2729 ) ) ;
#6561 = DIRECTION ( 'NONE',  ( -0.000000000000000000, -1.000000000000000000, -0.000000000000000000 ) ) ;
#6562 = ORIENTED_EDGE ( 'NONE', *, *, #1315, .F. ) ;
#6563 = CARTESIAN_POINT ( 'NONE',  ( -1.234999999999999654, 0.05000000000000000278, -0.7349999999999997646 ) ) ;
#6564 = CARTESIAN_POINT ( 'NONE',  ( 0.9999999999999995559, 0.2149999999999999967, -0.5649999999999995026 ) ) ;
#6565 = ORIENTED_EDGE ( 'NONE', *, *, #2879, .T. ) ;
#6566 = PLANE ( 'NONE',  #1543 ) ;
#6567 = ORIENTED_EDGE ( 'NONE', *, *, #333, .T. ) ;
#6568 = CARTESIAN_POINT ( 'NONE',  ( 0.3250000000000000111, 0.02499999999999984873, 0.5299999999999999156 ) ) ;
#6569 = DIRECTION ( 'NONE',  ( -8.363055544496858865E-16, 0.000000000000000000, -1.000000000000000000 ) ) ;
#6570 = EDGE_CURVE ( 'NONE', #3788, #6142, #418, .T. ) ;
#6571 = DIRECTION ( 'NONE',  ( 5.421010862427514281E-16, 0.000000000000000000, -1.000000000000000000 ) ) ;
#6572 = DIRECTION ( 'NONE',  ( 0.000000000000000000, 0.000000000000000000, -1.000000000000000000 ) ) ;
#6573 = LINE ( 'NONE', #839, #6271 ) ;
#6574 = LINE ( 'NONE', #3900, #2351 ) ;
#6575 = LINE ( 'NONE', #6127, #3460 ) ;
#6576 = LINE ( 'NONE', #5931, #82 ) ;
#6577 = EDGE_CURVE ( 'NONE', #2167, #1360, #6140, .T. ) ;
#6578 = LINE ( 'NONE', #5485, #2122 ) ;
#6579 = ORIENTED_EDGE ( 'NONE', *, *, #1191, .F. ) ;
#6580 = DIRECTION ( 'NONE',  ( -0.000000000000000000, -1.000000000000000000, -0.000000000000000000 ) ) ;
#6581 = VERTEX_POINT ( 'NONE', #6760 ) ;
#6582 = ORIENTED_EDGE ( 'NONE', *, *, #2658, .T. ) ;
#6583 = ORIENTED_EDGE ( 'NONE', *, *, #5779, .F. ) ;
#6584 = DIRECTION ( 'NONE',  ( 0.7116333239147081269, 0.000000000000000000, -0.7025510745092516940 ) ) ;
#6585 = CARTESIAN_POINT ( 'NONE',  ( -0.04249999999999994060, 2.489731222669117727, 0.5699999999999998401 ) ) ;
#6586 = EDGE_CURVE ( 'NONE', #355, #2992, #1411, .T. ) ;
#6587 = DIRECTION ( 'NONE',  ( 0.000000000000000000, 1.000000000000000000, 0.000000000000000000 ) ) ;
#6588 = ORIENTED_EDGE ( 'NONE', *, *, #2075, .F. ) ;
#6589 = LINE ( 'NONE', #1765, #4311 ) ;
#6590 = ORIENTED_EDGE ( 'NONE', *, *, #2320, .F. ) ;
#6591 = DIRECTION ( 'NONE',  ( -0.7071067811865472397, 0.000000000000000000, 0.7071067811865479058 ) ) ;
#6592 = EDGE_LOOP ( 'NONE', ( #6725, #3085, #6582, #5670 ) ) ;
#6593 = SPHERICAL_SURFACE ( 'NONE', #912, 0.04999999999999998196 ) ;
#6594 = ORIENTED_EDGE ( 'NONE', *, *, #2388, .F. ) ;
#6595 = FACE_OUTER_BOUND ( 'NONE', #562, .T. ) ;
#6596 = EDGE_CURVE ( 'NONE', #4301, #3168, #6209, .T. ) ;
#6597 = VECTOR ( 'NONE', #3899, 1000.000000000000000 ) ;
#6598 = CARTESIAN_POINT ( 'NONE',  ( -0.2125000000000000222, 2.489731222669117727, 0.08250000000000001776 ) ) ;
#6599 = CARTESIAN_POINT ( 'NONE',  ( 0.5500000000000029310, 0.02500000000000000139, -0.7999999999999997113 ) ) ;
#6600 = DIRECTION ( 'NONE',  ( -0.000000000000000000, -1.000000000000000000, -0.000000000000000000 ) ) ;
#6601 = LINE ( 'NONE', #5552, #2027 ) ;
#6602 = ORIENTED_EDGE ( 'NONE', *, *, #5371, .F. ) ;
#6603 = CIRCLE ( 'NONE', #5173, 0.1249999999999998890 ) ;
#6604 = DIRECTION ( 'NONE',  ( 0.000000000000000000, 0.000000000000000000, -1.000000000000000000 ) ) ;
#6605 = DIRECTION ( 'NONE',  ( 0.000000000000000000, -0.000000000000000000, -1.000000000000000000 ) ) ;
#6606 = ORIENTED_EDGE ( 'NONE', *, *, #4730, .T. ) ;
#6607 = EDGE_CURVE ( 'NONE', #2999, #6345, #1486, .T. ) ;
#6608 = CARTESIAN_POINT ( 'NONE',  ( -0.6624999999999999778, 2.489731222669117727, 0.1575000000000000011 ) ) ;
#6609 = ORIENTED_EDGE ( 'NONE', *, *, #4923, .T. ) ;
#6610 = VECTOR ( 'NONE', #5341, 1000.000000000000000 ) ;
#6611 = ORIENTED_EDGE ( 'NONE', *, *, #180, .F. ) ;
#6612 = ORIENTED_EDGE ( 'NONE', *, *, #5179, .T. ) ;
#6613 = CARTESIAN_POINT ( 'NONE',  ( -0.4086633323914709570, 2.489731222669117727, 0.6147448925490746063 ) ) ;
#6614 = CARTESIAN_POINT ( 'NONE',  ( 4.364046094434333973E-17, 0.5999999999999999778, -0.3499999999999999778 ) ) ;
#6615 = VECTOR ( 'NONE', #1310, 1000.000000000000000 ) ;
#6616 = VECTOR ( 'NONE', #6218, 1000.000000000000000 ) ;
#6617 = CARTESIAN_POINT ( 'NONE',  ( 0.7499999999999995559, 0.2249999999999999778, 0.7999999999999998224 ) ) ;
#6618 = EDGE_CURVE ( 'NONE', #1645, #2922, #1155, .T. ) ;
#6619 = ADVANCED_FACE ( 'NONE', ( #1346 ), #2500, .F. ) ;
#6620 = DIRECTION ( 'NONE',  ( -0.000000000000000000, -1.000000000000000000, -0.000000000000000000 ) ) ;
#6621 = AXIS2_PLACEMENT_3D ( 'NONE', #6025, #1298, #1238 ) ;
#6622 = VERTEX_POINT ( 'NONE', #4088 ) ;
#6623 = AXIS2_PLACEMENT_3D ( 'NONE', #6720, #2498, #1994 ) ;
#6624 = DIRECTION ( 'NONE',  ( 0.000000000000000000, 1.000000000000000000, 0.000000000000000000 ) ) ;
#6625 = DIRECTION ( 'NONE',  ( 0.7116333239147081269, 0.000000000000000000, -0.7025510745092516940 ) ) ;
#6626 = EDGE_CURVE ( 'NONE', #6482, #2735, #2899, .T. ) ;
#6627 = MECHANICAL_DESIGN_GEOMETRIC_PRESENTATION_REPRESENTATION (  '', ( #1034 ), #3324 ) ;
#6628 = AXIS2_PLACEMENT_3D ( 'NONE', #5235, #5711, #5615 ) ;
#6629 = VERTEX_POINT ( 'NONE', #4047 ) ;
#6630 = DIRECTION ( 'NONE',  ( -4.170008355713474686E-16, 0.000000000000000000, 1.000000000000000000 ) ) ;
#6631 = ORIENTED_EDGE ( 'NONE', *, *, #460, .F. ) ;
#6632 = DIRECTION ( 'NONE',  ( -0.000000000000000000, -0.000000000000000000, 1.000000000000000000 ) ) ;
#6633 = EDGE_CURVE ( 'NONE', #1663, #92, #885, .T. ) ;
#6634 = ORIENTED_EDGE ( 'NONE', *, *, #2156, .T. ) ;
#6635 = CARTESIAN_POINT ( 'NONE',  ( 0.4395198120705041678, 0.5149999999999993472, -0.1730166995796432738 ) ) ;
#6636 = ORIENTED_EDGE ( 'NONE', *, *, #6104, .F. ) ;
#6637 = CIRCLE ( 'NONE', #5757, 0.4550000000000000155 ) ;
#6638 = DIRECTION ( 'NONE',  ( -2.562659680420284750E-15, 0.000000000000000000, 1.000000000000000000 ) ) ;
#6639 = CIRCLE ( 'NONE', #4541, 0.07499999999999991396 ) ;
#6640 = CARTESIAN_POINT ( 'NONE',  ( 1.069999999999999618, 0.3250000000000000111, 0.1913252839170866137 ) ) ;
#6641 = DIRECTION ( 'NONE',  ( 0.000000000000000000, 1.000000000000000000, 0.000000000000000000 ) ) ;
#6642 = ORIENTED_EDGE ( 'NONE', *, *, #3449, .F. ) ;
#6643 = CARTESIAN_POINT ( 'NONE',  ( 1.299999999999999600, 0.2149999999999999967, 0.7349999999999997646 ) ) ;
#6644 = ORIENTED_EDGE ( 'NONE', *, *, #5974, .T. ) ;
#6645 = LINE ( 'NONE', #5052, #1246 ) ;
#6646 = LINE ( 'NONE', #2232, #4332 ) ;
#6647 = EDGE_LOOP ( 'NONE', ( #1772, #1946, #1918, #3873 ) ) ;
#6648 = CIRCLE ( 'NONE', #937, 0.07499999999999996947 ) ;
#6649 = CARTESIAN_POINT ( 'NONE',  ( 1.234999999999999654, 0.02500000000000000139, 0.7349999999999997646 ) ) ;
#6650 = CARTESIAN_POINT ( 'NONE',  ( -0.3250000000000000666, 0.000000000000000000, -0.4299999999999997158 ) ) ;
#6651 = ORIENTED_EDGE ( 'NONE', *, *, #4956, .T. ) ;
#6652 = DIRECTION ( 'NONE',  ( 0.000000000000000000, 0.000000000000000000, 1.000000000000000000 ) ) ;
#6653 = VERTEX_POINT ( 'NONE', #4587 ) ;
#6654 = CIRCLE ( 'NONE', #3668, 0.04999999999999991257 ) ;
#6655 = ORIENTED_EDGE ( 'NONE', *, *, #4970, .T. ) ;
#6656 = EDGE_CURVE ( 'NONE', #1577, #4899, #383, .T. ) ;
#6657 = AXIS2_PLACEMENT_3D ( 'NONE', #4163, #6257, #658 ) ;
#6658 = DIRECTION ( 'NONE',  ( -1.000000000000000000, -0.000000000000000000, 0.000000000000000000 ) ) ;
#6659 = CARTESIAN_POINT ( 'NONE',  ( -1.249999999999999778, 0.3499999999999999778, -0.2592837430570318347 ) ) ;
#6660 = VECTOR ( 'NONE', #4439, 1000.000000000000000 ) ;
#6661 = LINE ( 'NONE', #4016, #703 ) ;
#6662 = ORIENTED_EDGE ( 'NONE', *, *, #291, .F. ) ;
#6663 = LINE ( 'NONE', #1384, #6088 ) ;
#6664 = CIRCLE ( 'NONE', #6115, 0.06499999999999994671 ) ;
#6665 = ADVANCED_FACE ( 'NONE', ( #2465 ), #6690, .F. ) ;
#6666 = ORIENTED_EDGE ( 'NONE', *, *, #1682, .T. ) ;
#6667 = DIRECTION ( 'NONE',  ( -0.000000000000000000, -1.000000000000000000, -0.000000000000000000 ) ) ;
#6668 = VECTOR ( 'NONE', #3388, 1000.000000000000000 ) ;
#6669 = ORIENTED_EDGE ( 'NONE', *, *, #616, .F. ) ;
#6670 = CARTESIAN_POINT ( 'NONE',  ( -0.2125000000000000222, 0.02499999999999984873, 0.08250000000000001776 ) ) ;
#6671 = CARTESIAN_POINT ( 'NONE',  ( 0.9593865445117156776, 0.3499999999999999778, -0.2040443338732235157 ) ) ;
#6672 = CARTESIAN_POINT ( 'NONE',  ( 0.9999999999999995559, 0.2149999999999999967, 0.7999999999999996003 ) ) ;
#6673 = DIRECTION ( 'NONE',  ( -1.000000000000000000, 0.000000000000000000, -6.505213034913017138E-15 ) ) ;
#6674 = CARTESIAN_POINT ( 'NONE',  ( 1.149999999999999467, -0.4699747468305839893, 0.5499999999999999334 ) ) ;
#6675 = EDGE_CURVE ( 'NONE', #3058, #4977, #6663, .T. ) ;
#6676 = ORIENTED_EDGE ( 'NONE', *, *, #3449, .T. ) ;
#6677 = DIRECTION ( 'NONE',  ( 0.000000000000000000, 0.000000000000000000, 1.000000000000000000 ) ) ;
#6678 = ORIENTED_EDGE ( 'NONE', *, *, #1499, .F. ) ;
#6679 = CARTESIAN_POINT ( 'NONE',  ( 0.9999999999999995559, 0.2149999999999999967, -0.7999999999999996003 ) ) ;
#6680 = DIRECTION ( 'NONE',  ( -1.000000000000000000, 0.000000000000000000, 0.000000000000000000 ) ) ;
#6681 = CARTESIAN_POINT ( 'NONE',  ( -0.3375000000000001332, 2.489731222669117727, -0.7849999999999998090 ) ) ;
#6682 = DIRECTION ( 'NONE',  ( 0.000000000000000000, 1.000000000000000000, 0.000000000000000000 ) ) ;
#6683 = ORIENTED_EDGE ( 'NONE', *, *, #3749, .F. ) ;
#6684 = ORIENTED_EDGE ( 'NONE', *, *, #337, .F. ) ;
#6685 = CARTESIAN_POINT ( 'NONE',  ( -0.3374999999999998002, 0.02499999999999984873, 0.6849999999999997202 ) ) ;
#6686 = SURFACE_STYLE_USAGE ( .BOTH. , #1012 ) ;
#6687 = EDGE_CURVE ( 'NONE', #4609, #923, #1794, .T. ) ;
#6688 = PLANE ( 'NONE',  #3538 ) ;
#6689 = ORIENTED_EDGE ( 'NONE', *, *, #5738, .T. ) ;
#6690 = PLANE ( 'NONE',  #4318 ) ;
#6691 = ORIENTED_EDGE ( 'NONE', *, *, #5642, .T. ) ;
#6692 = EDGE_CURVE ( 'NONE', #3719, #5535, #5630, .T. ) ;
#6693 = CARTESIAN_POINT ( 'NONE',  ( 0.7499999999999995559, 0.2250000000000000056, 0.7999999999999997113 ) ) ;
#6694 = EDGE_LOOP ( 'NONE', ( #1735, #4550, #4802, #1038 ) ) ;
#6695 = DIRECTION ( 'NONE',  ( 0.000000000000000000, 1.000000000000000000, 0.000000000000000000 ) ) ;
#6696 = ORIENTED_EDGE ( 'NONE', *, *, #2577, .T. ) ;
#6697 = EDGE_CURVE ( 'NONE', #1742, #6097, #352, .T. ) ;
#6698 = CARTESIAN_POINT ( 'NONE',  ( -1.064999999999999503, 0.2250000000000000056, 0.4999999999999995559 ) ) ;
#6699 = CARTESIAN_POINT ( 'NONE',  ( -0.9593865445117154556, 0.3500000000000004219, 0.06241777867044731587 ) ) ;
#6700 = VERTEX_POINT ( 'NONE', #1998 ) ;
#6701 = EDGE_CURVE ( 'NONE', #2730, #60, #5695, .T. ) ;
#6702 = CARTESIAN_POINT ( 'NONE',  ( 0.8249999999999999556, 0.02499999999999984873, -0.6599999999999998090 ) ) ;
#6703 = CARTESIAN_POINT ( 'NONE',  ( 0.8249999999999999556, 0.000000000000000000, -0.7850000000000000311 ) ) ;
#6704 = ORIENTED_EDGE ( 'NONE', *, *, #3166, .F. ) ;
#6705 = CARTESIAN_POINT ( 'NONE',  ( -1.499999999999999778, 0.02499999999999995628, -0.3499999999999993117 ) ) ;
#6706 = ORIENTED_EDGE ( 'NONE', *, *, #1776, .T. ) ;
#6707 = CARTESIAN_POINT ( 'NONE',  ( -0.3999999999999999667, 0.02499999999999984873, -0.3549999999999997602 ) ) ;
#6708 = EDGE_LOOP ( 'NONE', ( #925, #1968, #756, #3182 ) ) ;
#6709 = ADVANCED_FACE ( 'NONE', ( #5172 ), #2428, .T. ) ;
#6710 = CARTESIAN_POINT ( 'NONE',  ( -0.1375000000000000389, 0.000000000000000000, -0.08250000000000001776 ) ) ;
#6711 = CARTESIAN_POINT ( 'NONE',  ( 0.4086633323914709015, 0.02499999999999984873, 0.6147448925490747174 ) ) ;
#6712 = CARTESIAN_POINT ( 'NONE',  ( 0.6750000000000000444, 0.02499999999999984873, 0.5299999999999999156 ) ) ;
#6713 = ORIENTED_EDGE ( 'NONE', *, *, #4692, .F. ) ;
#6714 = ORIENTED_EDGE ( 'NONE', *, *, #1355, .T. ) ;
#6715 = VECTOR ( 'NONE', #2003, 1000.000000000000000 ) ;
#6716 = ORIENTED_EDGE ( 'NONE', *, *, #1214, .T. ) ;
#6717 = LINE ( 'NONE', #6136, #736 ) ;
#6718 = PLANE ( 'NONE',  #5533 ) ;
#6719 = VECTOR ( 'NONE', #2109, 1000.000000000000000 ) ;
#6720 = CARTESIAN_POINT ( 'NONE',  ( -0.5999999999999994227, 0.02499999999999984873, 0.4299999999999997158 ) ) ;
#6721 = EDGE_LOOP ( 'NONE', ( #192, #5878 ) ) ;
#6722 = DIRECTION ( 'NONE',  ( -0.000000000000000000, -1.000000000000000000, -0.000000000000000000 ) ) ;
#6723 = CIRCLE ( 'NONE', #2773, 0.1250000000000002220 ) ;
#6724 = DIRECTION ( 'NONE',  ( 0.000000000000000000, 0.000000000000000000, 1.000000000000000000 ) ) ;
#6725 = ORIENTED_EDGE ( 'NONE', *, *, #5190, .F. ) ;
#6726 = DIRECTION ( 'NONE',  ( 1.000000000000000000, 0.000000000000000000, -0.000000000000000000 ) ) ;
#6727 = VECTOR ( 'NONE', #504, 1000.000000000000000 ) ;
#6728 = LINE ( 'NONE', #2432, #3404 ) ;
#6729 = AXIS2_PLACEMENT_3D ( 'NONE', #5522, #6103, #1380 ) ;
#6730 = ORIENTED_EDGE ( 'NONE', *, *, #3203, .F. ) ;
#6731 = VECTOR ( 'NONE', #245, 1000.000000000000000 ) ;
#6732 = ORIENTED_EDGE ( 'NONE', *, *, #1162, .F. ) ;
#6733 = LINE ( 'NONE', #6698, #698 ) ;
#6734 = ADVANCED_FACE ( 'NONE', ( #3169 ), #514, .T. ) ;
#6735 = CARTESIAN_POINT ( 'NONE',  ( -0.1720104733052811863, 0.3500000000000000333, -0.7303844438303086495 ) ) ;
#6736 = VERTEX_POINT ( 'NONE', #578 ) ;
#6737 = EDGE_CURVE ( 'NONE', #4325, #236, #4656, .T. ) ;
#6738 = VECTOR ( 'NONE', #2983, 1000.000000000000114 ) ;
#6739 = DIRECTION ( 'NONE',  ( 0.000000000000000000, 0.000000000000000000, 1.000000000000000000 ) ) ;
#6740 = CARTESIAN_POINT ( 'NONE',  ( 0.04250000000000028061, 2.489731222669117727, 0.3549999999999997602 ) ) ;
#6741 = ORIENTED_EDGE ( 'NONE', *, *, #3, .F. ) ;
#6742 = DIRECTION ( 'NONE',  ( -0.7071067811865465735, 0.000000000000000000, 0.7071067811865483499 ) ) ;
#6743 = VERTEX_POINT ( 'NONE', #1015 ) ;
#6744 = AXIS2_PLACEMENT_3D ( 'NONE', #3692, #2120, #1067 ) ;
#6745 = CARTESIAN_POINT ( 'NONE',  ( 0.9999999999999995559, 0.2149999999999999967, -0.7999999999999996003 ) ) ;
#6746 = ORIENTED_EDGE ( 'NONE', *, *, #3700, .T. ) ;
#6747 = EDGE_CURVE ( 'NONE', #5791, #5745, #3202, .T. ) ;
#6748 = PLANE ( 'NONE',  #3353 ) ;
#6749 = FACE_OUTER_BOUND ( 'NONE', #1388, .T. ) ;
#6750 = FILL_AREA_STYLE_COLOUR ( '', #508 ) ;
#6751 = DIRECTION ( 'NONE',  ( 0.000000000000000000, 0.000000000000000000, -1.000000000000000000 ) ) ;
#6752 = ADVANCED_FACE ( 'NONE', ( #3136 ), #3367, .T. ) ;
#6753 = ORIENTED_EDGE ( 'NONE', *, *, #874, .F. ) ;
#6754 = VECTOR ( 'NONE', #1756, 1000.000000000000000 ) ;
#6755 = CARTESIAN_POINT ( 'NONE',  ( -1.157057759178160783, 0.3250000000000000111, 0.5496352209124993893 ) ) ;
#6756 = DIRECTION ( 'NONE',  ( 1.224646799147353207E-16, 0.000000000000000000, -1.000000000000000000 ) ) ;
#6757 = ADVANCED_FACE ( 'NONE', ( #674 ), #3341, .F. ) ;
#6758 = DIRECTION ( 'NONE',  ( 0.000000000000000000, 0.000000000000000000, -1.000000000000000000 ) ) ;
#6759 = ORIENTED_EDGE ( 'NONE', *, *, #1776, .F. ) ;
#6760 = CARTESIAN_POINT ( 'NONE',  ( 0.3250000000000000111, 0.000000000000000000, 0.3549999999999997047 ) ) ;
#6761 = CARTESIAN_POINT ( 'NONE',  ( 0.04250000000000032918, 0.000000000000000000, 0.3549999999999998157 ) ) ;
#6762 = DIRECTION ( 'NONE',  ( -0.7116333239147081269, 0.000000000000000000, 0.7025510745092516940 ) ) ;
#6763 = DIRECTION ( 'NONE',  ( -0.000000000000000000, -1.000000000000000000, -0.000000000000000000 ) ) ;
#6764 = CARTESIAN_POINT ( 'NONE',  ( 1.069999999999999840, 0.2250000000000000056, -0.1913252839170866415 ) ) ;
#6765 = VERTEX_POINT ( 'NONE', #2251 ) ;
#6766 = ORIENTED_EDGE ( 'NONE', *, *, #6539, .F. ) ;
#6767 = DIRECTION ( 'NONE',  ( -0.8141155183563220099, 0.000000000000000000, 0.5807029557109358864 ) ) ;
#6768 = VECTOR ( 'NONE', #2038, 1000.000000000000227 ) ;
#6769 = CLOSED_SHELL ( 'NONE', ( #3239, #163, #2747, #5400, #2962, #390, #5910, #5027 ) ) ;
#6770 = CARTESIAN_POINT ( 'NONE',  ( 0.4588248752848643197, 0.5149999999999999023, -0.09856257781750896174 ) ) ;
#6771 = VERTEX_POINT ( 'NONE', #4333 ) ;
#6772 = EDGE_CURVE ( 'NONE', #2317, #863, #4779, .T. ) ;
#6773 = CIRCLE ( 'NONE', #5576, 0.06499999999999994671 ) ;
#6774 = CARTESIAN_POINT ( 'NONE',  ( 1.249999999999999778, 0.3250000000000000111, 0.2592837430570318347 ) ) ;
#6775 = DIRECTION ( 'NONE',  ( -0.000000000000000000, 1.000000000000000000, -0.000000000000000000 ) ) ;
#6776 = EDGE_LOOP ( 'NONE', ( #4916, #6046, #6444, #808 ) ) ;
#6777 = DIRECTION ( 'NONE',  ( 0.000000000000000000, -1.000000000000000000, 0.000000000000000000 ) ) ;
#6778 = ORIENTED_EDGE ( 'NONE', *, *, #4681, .T. ) ;
#6779 = CARTESIAN_POINT ( 'NONE',  ( -1.499999999999999556, -0.4699747468305839893, -0.2749999999999993006 ) ) ;
#6780 = EDGE_CURVE ( 'NONE', #3744, #5004, #271, .T. ) ;
#6781 = VECTOR ( 'NONE', #2637, 1000.000000000000000 ) ;
#6782 = ORIENTED_EDGE ( 'NONE', *, *, #2107, .T. ) ;
#6783 = CARTESIAN_POINT ( 'NONE',  ( 0.5500000000000029310, 0.2249999999999999500, -0.8499999999999998668 ) ) ;
#6784 = DIRECTION ( 'NONE',  ( 0.000000000000000000, 0.000000000000000000, -1.000000000000000000 ) ) ;
#6785 = CARTESIAN_POINT ( 'NONE',  ( -0.9999999999999995559, 0.2250000000000000056, 0.7999999999999996003 ) ) ;
#6786 = DIRECTION ( 'NONE',  ( 0.000000000000000000, -1.000000000000000000, 0.000000000000000000 ) ) ;
#6787 = ORIENTED_EDGE ( 'NONE', *, *, #4597, .T. ) ;
#6788 = EDGE_CURVE ( 'NONE', #5433, #549, #2356, .T. ) ;
#6789 = CARTESIAN_POINT ( 'NONE',  ( 0.2038647517185510905, 0.5149999999999999023, 0.4209406645153400128 ) ) ;
#6790 = DIRECTION ( 'NONE',  ( 0.000000000000000000, 0.000000000000000000, -1.000000000000000000 ) ) ;
#6791 = CARTESIAN_POINT ( 'NONE',  ( -1.234999999999999654, 0.02500000000000000139, -0.7349999999999997646 ) ) ;
#6792 = ORIENTED_EDGE ( 'NONE', *, *, #4230, .F. ) ;
#6793 = CARTESIAN_POINT ( 'NONE',  ( 0.4588248752848643197, 0.5149999999999999023, -0.09856257781750896174 ) ) ;
#6794 = EDGE_CURVE ( 'NONE', #2763, #1567, #210, .T. ) ;
#6795 = DIRECTION ( 'NONE',  ( 0.000000000000000000, 1.000000000000000000, 0.000000000000000000 ) ) ;
#6796 = ORIENTED_EDGE ( 'NONE', *, *, #1676, .F. ) ;
#6797 = DIRECTION ( 'NONE',  ( -2.950209993157834433E-16, 0.000000000000000000, 1.000000000000000000 ) ) ;
#6798 = CYLINDRICAL_SURFACE ( 'NONE', #1875, 0.5000000000000002220 ) ;
#6799 = VERTEX_POINT ( 'NONE', #5967 ) ;
#6800 = ORIENTED_EDGE ( 'NONE', *, *, #5823, .T. ) ;
#6801 = LINE ( 'NONE', #1169, #3849 ) ;
#6802 = CARTESIAN_POINT ( 'NONE',  ( -0.5844463605362102410, 0.3500000000000000888, 0.7015244245103345877 ) ) ;
#6803 = DIRECTION ( 'NONE',  ( -0.000000000000000000, 0.000000000000000000, -1.000000000000000000 ) ) ;
#6804 = ORIENTED_EDGE ( 'NONE', *, *, #1050, .F. ) ;
ENDSEC;
END-ISO-10303-21;
