ISO-10303-21;
HEADER;
FILE_DESCRIPTION (( 'STEP AP214' ),
    '1' );
FILE_NAME ('BAT42WSH.STEP',
    '2025-03-07T18:48:25',
    ( '' ),
    ( '' ),
    'SwSTEP 2.0',
    'SolidWorks 2021',
    '' );
FILE_SCHEMA (( 'AUTOMOTIVE_DESIGN' ));
ENDSEC;

DATA;
#1 = VERTEX_POINT ( 'NONE', #648 ) ;
#2 = FACE_OUTER_BOUND ( 'NONE', #115, .T. ) ;
#3 = ORIENTED_EDGE ( 'NONE', *, *, #921, .T. ) ;
#4 = CARTESIAN_POINT ( 'NONE',  ( 0.9250000000000000444, 0.2000000000000000111, -0.1749999999999999889 ) ) ;
#5 = VECTOR ( 'NONE', #1148, 1000.000000000000000 ) ;
#6 = PLANE ( 'NONE',  #832 ) ;
#7 = VECTOR ( 'NONE', #13, 1000.000000000000000 ) ;
#8 = EDGE_CURVE ( 'NONE', #1003, #26, #1149, .T. ) ;
#9 = ORIENTED_EDGE ( 'NONE', *, *, #331, .T. ) ;
#10 = PLANE ( 'NONE',  #1187 ) ;
#11 = CARTESIAN_POINT ( 'NONE',  ( -0.9677346421118625530, 0.6910337179523767803, -0.1749999999999999889 ) ) ;
#12 = VERTEX_POINT ( 'NONE', #1174 ) ;
#13 = DIRECTION ( 'NONE',  ( -9.166068039340953870E-17, -0.000000000000000000, -1.000000000000000000 ) ) ;
#14 = ORIENTED_EDGE ( 'NONE', *, *, #1160, .F. ) ;
#15 = LINE ( 'NONE', #1559, #986 ) ;
#16 = ORIENTED_EDGE ( 'NONE', *, *, #853, .F. ) ;
#17 = LINE ( 'NONE', #383, #701 ) ;
#18 = ORIENTED_EDGE ( 'NONE', *, *, #503, .F. ) ;
#19 = PLANE ( 'NONE',  #1013 ) ;
#20 = ORIENTED_EDGE ( 'NONE', *, *, #362, .T. ) ;
#21 = CARTESIAN_POINT ( 'NONE',  ( 0.8500000000000001998, 0.7499999999999914513, 0.1749999999999999889 ) ) ;
#22 = VECTOR ( 'NONE', #34, 1000.000000000000000 ) ;
#23 = CARTESIAN_POINT ( 'NONE',  ( 1.108266234803484407, 0.1839662820476147265, 0.1749999999999999889 ) ) ;
#24 = CARTESIAN_POINT ( 'NONE',  ( -0.8500000000000001998, 0.7500000000000256462, 0.6375000000000003997 ) ) ;
#25 = ADVANCED_FACE ( 'NONE', ( #683 ), #42, .F. ) ;
#26 = VERTEX_POINT ( 'NONE', #913 ) ;
#27 = DIRECTION ( 'NONE',  ( -0.000000000000000000, -0.000000000000000000, -1.000000000000000000 ) ) ;
#28 = ORIENTED_EDGE ( 'NONE', *, *, #1131, .T. ) ;
#29 = LINE ( 'NONE', #548, #533 ) ;
#30 = VECTOR ( 'NONE', #1261, 1000.000000000000000 ) ;
#31 = CARTESIAN_POINT ( 'NONE',  ( -0.8335434378015760259, 0.8749999999999914513, -0.1749999999999999889 ) ) ;
#32 = PRESENTATION_LAYER_ASSIGNMENT (  '', '', ( #1510 ) ) ;
#33 = VECTOR ( 'NONE', #506, 1000.000000000000000 ) ;
#34 = DIRECTION ( 'NONE',  ( -1.000000000000000000, 0.000000000000000000, 0.000000000000000000 ) ) ;
#35 = ORIENTED_EDGE ( 'NONE', *, *, #1287, .F. ) ;
#36 = DIRECTION ( 'NONE',  ( 0.000000000000000000, 0.08715574274765487683, 0.9961946980917458783 ) ) ;
#37 = ADVANCED_FACE ( 'NONE', ( #792 ), #543, .T. ) ;
#38 = VERTEX_POINT ( 'NONE', #31 ) ;
#39 = DIRECTION ( 'NONE',  ( -0.000000000000000000, -0.000000000000000000, -1.000000000000000000 ) ) ;
#40 = ADVANCED_FACE ( 'NONE', ( #675 ), #1052, .F. ) ;
#41 = PLANE ( 'NONE',  #603 ) ;
#42 = CYLINDRICAL_SURFACE ( 'NONE', #955, 0.05896628204761467790 ) ;
#43 = DIRECTION ( 'NONE',  ( -1.000000000000000000, -2.460663623801749493E-17, 0.000000000000000000 ) ) ;
#44 = ORIENTED_EDGE ( 'NONE', *, *, #194, .T. ) ;
#45 = LINE ( 'NONE', #539, #1090 ) ;
#46 = VERTEX_POINT ( 'NONE', #147 ) ;
#47 = CARTESIAN_POINT ( 'NONE',  ( 1.250000000000000000, -3.487591202835241256E-18, -0.1749999999999999889 ) ) ;
#48 = EDGE_CURVE ( 'NONE', #293, #1171, #718, .T. ) ;
#49 = LINE ( 'NONE', #941, #578 ) ;
#50 = PLANE ( 'NONE',  #660 ) ;
#51 = ORIENTED_EDGE ( 'NONE', *, *, #1317, .F. ) ;
#52 = PLANE ( 'NONE',  #937 ) ;
#53 = ORIENTED_EDGE ( 'NONE', *, *, #1209, .T. ) ;
#54 = FACE_OUTER_BOUND ( 'NONE', #632, .T. ) ;
#55 = DIRECTION ( 'NONE',  ( -0.000000000000000000, -0.000000000000000000, -1.000000000000000000 ) ) ;
#56 = DIRECTION ( 'NONE',  ( -1.734723475976807094E-15, -1.000000000000000000, 0.000000000000000000 ) ) ;
#57 = PRODUCT_RELATED_PRODUCT_CATEGORY ( 'part', '', ( #748 ) ) ;
#58 = AXIS2_PLACEMENT_3D ( 'NONE', #418, #1284, #1026 ) ;
#59 = DIRECTION ( 'NONE',  ( -1.000000000000000000, 0.000000000000000000, 0.000000000000000000 ) ) ;
#60 = ADVANCED_FACE ( 'NONE', ( #1303 ), #551, .T. ) ;
#61 = AXIS2_PLACEMENT_3D ( 'NONE', #1458, #951, #311 ) ;
#62 = LINE ( 'NONE', #580, #215 ) ;
#63 = VERTEX_POINT ( 'NONE', #931 ) ;
#64 = DIRECTION ( 'NONE',  ( -0.9961946980917454342, -0.08715574274765951202, 0.000000000000000000 ) ) ;
#65 = CARTESIAN_POINT ( 'NONE',  ( -0.6500000000000001332, 1.000000000000000000, 0.5914216258444118246 ) ) ;
#66 = MANIFOLD_SOLID_BREP ( 'Boss-Extrude3[1]', #1315 ) ;
#67 = CARTESIAN_POINT ( 'NONE',  ( 1.108266234803484407, 0.1839662820476147265, 0.1749999999999999889 ) ) ;
#68 = EDGE_CURVE ( 'NONE', #706, #1171, #396, .T. ) ;
#69 = DIRECTION ( 'NONE',  ( 0.000000000000000000, 0.000000000000000000, 1.000000000000000000 ) ) ;
#70 = ORIENTED_EDGE ( 'NONE', *, *, #1150, .F. ) ;
#71 = ORIENTED_EDGE ( 'NONE', *, *, #932, .F. ) ;
#72 = FILL_AREA_STYLE_COLOUR ( '', #1196 ) ;
#73 = LINE ( 'NONE', #1206, #262 ) ;
#74 = CARTESIAN_POINT ( 'NONE',  ( -0.7940143159361118252, 1.175253489982013289, 0.5815143159361120251 ) ) ;
#75 = AXIS2_PLACEMENT_3D ( 'NONE', #1069, #177, #427 ) ;
#76 = CARTESIAN_POINT ( 'NONE',  ( -1.250000000000000000, -3.487591202835241256E-18, -0.1749999999999999889 ) ) ;
#77 = AXIS2_PLACEMENT_3D ( 'NONE', #185, #715, #1594 ) ;
#78 = ADVANCED_FACE ( 'NONE', ( #664 ), #406, .F. ) ;
#79 = ORIENTED_EDGE ( 'NONE', *, *, #1424, .F. ) ;
#80 = FILL_AREA_STYLE ('',( #72 ) ) ;
#81 = DIRECTION ( 'NONE',  ( -0.000000000000000000, 0.000000000000000000, -1.000000000000000000 ) ) ;
#82 = VERTEX_POINT ( 'NONE', #1182 ) ;
#83 = ORIENTED_EDGE ( 'NONE', *, *, #1001, .T. ) ;
#84 = EDGE_CURVE ( 'NONE', #408, #38, #49, .T. ) ;
#85 = CARTESIAN_POINT ( 'NONE',  ( 0.9087683600642478821, 0.7499999999999914513, 0.1749999999999999889 ) ) ;
#86 = VECTOR ( 'NONE', #244, 1000.000000000000000 ) ;
#87 = CARTESIAN_POINT ( 'NONE',  ( 1.092034594867731911, 0.6749999999999914957, 0.1749999999999999889 ) ) ;
#88 = VECTOR ( 'NONE', #606, 1000.000000000000000 ) ;
#89 = ORIENTED_EDGE ( 'NONE', *, *, #921, .F. ) ;
#90 = SURFACE_STYLE_USAGE ( .BOTH. , #448 ) ;
#91 = EDGE_CURVE ( 'NONE', #1446, #12, #818, .T. ) ;
#92 = CARTESIAN_POINT ( 'NONE',  ( 0.8039216258444111807, 1.100000000000000089, -0.6374999999999995115 ) ) ;
#93 = ORIENTED_EDGE ( 'NONE', *, *, #764, .F. ) ;
#94 = LINE ( 'NONE', #604, #849 ) ;
#95 = LINE ( 'NONE', #238, #510 ) ;
#96 = ORIENTED_EDGE ( 'NONE', *, *, #1541, .T. ) ;
#97 = CARTESIAN_POINT ( 'NONE',  ( -0.8500000000000001998, 0.7499999999999914513, 0.1749999999999999889 ) ) ;
#98 = FACE_OUTER_BOUND ( 'NONE', #1256, .T. ) ;
#99 = EDGE_CURVE ( 'NONE', #595, #862, #691, .T. ) ;
#100 = ORIENTED_EDGE ( 'NONE', *, *, #702, .T. ) ;
#101 = DIRECTION ( 'NONE',  ( 9.166068039340953870E-17, 0.000000000000000000, 1.000000000000000000 ) ) ;
#102 = DIRECTION ( 'NONE',  ( -0.9914448613738107152, 0.1305261922200492697, 0.000000000000000000 ) ) ;
#103 = AXIS2_PLACEMENT_3D ( 'NONE', #1378, #246, #769 ) ;
#104 = ORIENTED_EDGE ( 'NONE', *, *, #1184, .F. ) ;
#105 = DIRECTION ( 'NONE',  ( 0.000000000000000000, 0.000000000000000000, 1.000000000000000000 ) ) ;
#106 = ORIENTED_EDGE ( 'NONE', *, *, #1327, .T. ) ;
#107 = DIRECTION ( 'NONE',  ( 0.000000000000000000, 1.000000000000000000, 0.000000000000000000 ) ) ;
#108 = EDGE_CURVE ( 'NONE', #495, #1412, #1331, .T. ) ;
#109 = CARTESIAN_POINT ( 'NONE',  ( 1.108266234803484407, 0.1250000000000000000, -0.1749999999999999889 ) ) ;
#110 = VECTOR ( 'NONE', #767, 1000.000000000000000 ) ;
#111 = ORIENTED_EDGE ( 'NONE', *, *, #974, .T. ) ;
#112 =( NAMED_UNIT ( * ) SI_UNIT ( $, .STERADIAN. ) SOLID_ANGLE_UNIT ( ) );
#113 = VECTOR ( 'NONE', #117, 1000.000000000000000 ) ;
#114 = DIRECTION ( 'NONE',  ( -0.000000000000000000, -0.000000000000000000, -1.000000000000000000 ) ) ;
#115 = EDGE_LOOP ( 'NONE', ( #999, #1103, #876, #651 ) ) ;
#116 = LINE ( 'NONE', #1232, #1395 ) ;
#117 = DIRECTION ( 'NONE',  ( -0.08715574274765951202, 0.9961946980917454342, -0.000000000000000000 ) ) ;
#118 = EDGE_CURVE ( 'NONE', #495, #511, #947, .T. ) ;
#119 = ORIENTED_EDGE ( 'NONE', *, *, #823, .T. ) ;
#120 = DIRECTION ( 'NONE',  ( -0.000000000000000000, -0.000000000000000000, -1.000000000000000000 ) ) ;
#121 = LINE ( 'NONE', #995, #1218 ) ;
#122 = ORIENTED_EDGE ( 'NONE', *, *, #837, .T. ) ;
#123 = CARTESIAN_POINT ( 'NONE',  ( -0.7931323687081495155, 0.1000000000000000472, 0.5806323687081497154 ) ) ;
#124 = CARTESIAN_POINT ( 'NONE',  ( -0.9087683600642478821, 0.6910337179523767803, 0.1749999999999999889 ) ) ;
#125 = VERTEX_POINT ( 'NONE', #1347 ) ;
#126 = LINE ( 'NONE', #1371, #1403 ) ;
#127 = EDGE_CURVE ( 'NONE', #934, #742, #73, .T. ) ;
#128 = MECHANICAL_DESIGN_GEOMETRIC_PRESENTATION_REPRESENTATION (  '', ( #232 ), #661 ) ;
#129 = VECTOR ( 'NONE', #422, 1000.000000000000000 ) ;
#130 = CARTESIAN_POINT ( 'NONE',  ( 0.000000000000000000, 1.100000000000000089, -0.5914216258444109364 ) ) ;
#131 = ORIENTED_EDGE ( 'NONE', *, *, #321, .F. ) ;
#132 = FACE_OUTER_BOUND ( 'NONE', #1197, .T. ) ;
#133 = EDGE_CURVE ( 'NONE', #862, #1203, #733, .T. ) ;
#134 = CARTESIAN_POINT ( 'NONE',  ( -1.108266234803484407, 0.1250000000000000000, 0.1749999999999999889 ) ) ;
#135 = ORIENTED_EDGE ( 'NONE', *, *, #842, .F. ) ;
#136 = DIRECTION ( 'NONE',  ( 0.000000000000000000, 1.000000000000000000, 0.000000000000000000 ) ) ;
#137 = VECTOR ( 'NONE', #594, 1000.000000000000000 ) ;
#138 = ORIENTED_EDGE ( 'NONE', *, *, #280, .F. ) ;
#139 = CARTESIAN_POINT ( 'NONE',  ( -1.092034594867732133, 0.6749999999999916067, -0.1749999999999999889 ) ) ;
#140 = ADVANCED_FACE ( 'NONE', ( #452 ), #1324, .T. ) ;
#141 = ORIENTED_EDGE ( 'NONE', *, *, #901, .F. ) ;
#142 = FACE_OUTER_BOUND ( 'NONE', #302, .T. ) ;
#143 = ORIENTED_EDGE ( 'NONE', *, *, #148, .T. ) ;
#144 = DIRECTION ( 'NONE',  ( -1.000000000000000000, 0.000000000000000000, 0.000000000000000000 ) ) ;
#145 = VERTEX_POINT ( 'NONE', #847 ) ;
#146 = DIRECTION ( 'NONE',  ( 0.000000000000000000, -1.000000000000000000, 0.000000000000000000 ) ) ;
#147 = CARTESIAN_POINT ( 'NONE',  ( -0.9675102576062640791, 0.6858944678434488740, 0.1749999999999999889 ) ) ;
#148 = EDGE_CURVE ( 'NONE', #82, #1491, #201, .T. ) ;
#149 = ORIENTED_EDGE ( 'NONE', *, *, #440, .F. ) ;
#150 = CARTESIAN_POINT ( 'NONE',  ( 0.9087683600642478821, 0.6910337179523767803, 0.1749999999999999889 ) ) ;
#151 = VERTEX_POINT ( 'NONE', #193 ) ;
#152 = CARTESIAN_POINT ( 'NONE',  ( -0.6500000000000001332, 1.100000000000000089, -0.5914216258444109364 ) ) ;
#153 = AXIS2_PLACEMENT_3D ( 'NONE', #463, #729, #471 ) ;
#154 = CARTESIAN_POINT ( 'NONE',  ( -0.9087683600642478821, 0.6910337179523767803, -0.1749999999999999889 ) ) ;
#155 = VECTOR ( 'NONE', #1098, 1000.000000000000000 ) ;
#156 = EDGE_CURVE ( 'NONE', #1188, #337, #1011, .T. ) ;
#157 = EDGE_LOOP ( 'NONE', ( #235, #70, #1538, #1367, #722, #253, #1575, #1548, #599, #868, #227, #803, #713, #654 ) ) ;
#158 = LINE ( 'NONE', #1275, #377 ) ;
#159 = ORIENTED_EDGE ( 'NONE', *, *, #194, .F. ) ;
#160 = FACE_OUTER_BOUND ( 'NONE', #231, .T. ) ;
#161 = VECTOR ( 'NONE', #336, 1000.000000000000000 ) ;
#162 = DIRECTION ( 'NONE',  ( 0.000000000000000000, -0.000000000000000000, -1.000000000000000000 ) ) ;
#163 = VECTOR ( 'NONE', #1146, 1000.000000000000114 ) ;
#164 = VECTOR ( 'NONE', #397, 1000.000000000000000 ) ;
#165 = LINE ( 'NONE', #811, #550 ) ;
#166 = VERTEX_POINT ( 'NONE', #1318 ) ;
#167 = DIRECTION ( 'NONE',  ( -1.000000000000000000, 1.441280548884671299E-15, 0.000000000000000000 ) ) ;
#168 = ADVANCED_FACE ( 'NONE', ( #219 ), #1230, .T. ) ;
#169 = EDGE_LOOP ( 'NONE', ( #678, #517, #637, #347 ) ) ;
#170 = DIRECTION ( 'NONE',  ( 9.166068039340953870E-17, 0.000000000000000000, 1.000000000000000000 ) ) ;
#171 = CYLINDRICAL_SURFACE ( 'NONE', #527, 0.05896628204761478892 ) ;
#172 = ORIENTED_EDGE ( 'NONE', *, *, #48, .F. ) ;
#173 = CARTESIAN_POINT ( 'NONE',  ( -0.6500000000000001332, 1.000000000000000000, 0.5914216258444118246 ) ) ;
#174 = ORIENTED_EDGE ( 'NONE', *, *, #1170, .F. ) ;
#175 = EDGE_CURVE ( 'NONE', #1203, #1349, #460, .T. ) ;
#176 = LINE ( 'NONE', #1138, #781 ) ;
#177 = DIRECTION ( 'NONE',  ( -0.000000000000000000, -0.000000000000000000, -1.000000000000000000 ) ) ;
#178 = DIRECTION ( 'NONE',  ( -1.000000000000000000, -0.000000000000000000, -0.000000000000000000 ) ) ;
#179 = VECTOR ( 'NONE', #1326, 1000.000000000000000 ) ;
#180 = DIRECTION ( 'NONE',  ( -0.000000000000000000, -0.000000000000000000, -1.000000000000000000 ) ) ;
#181 = ORIENTED_EDGE ( 'NONE', *, *, #793, .T. ) ;
#182 = DIRECTION ( 'NONE',  ( 0.000000000000000000, 1.000000000000000000, 0.000000000000000000 ) ) ;
#183 = ORIENTED_EDGE ( 'NONE', *, *, #690, .F. ) ;
#184 = SURFACE_STYLE_FILL_AREA ( #313 ) ;
#185 = CARTESIAN_POINT ( 'NONE',  ( 0.000000000000000000, 0.000000000000000000, 0.000000000000000000 ) ) ;
#186 = DIRECTION ( 'NONE',  ( -0.000000000000000000, -0.000000000000000000, -1.000000000000000000 ) ) ;
#187 = VECTOR ( 'NONE', #1199, 1000.000000000000000 ) ;
#188 = AXIS2_PLACEMENT_3D ( 'NONE', #1130, #217, #1104 ) ;
#189 = CARTESIAN_POINT ( 'NONE',  ( 0.8039216258444111807, 1.100000000000000089, 0.5914216258444116026 ) ) ;
#190 = PLANE ( 'NONE',  #561 ) ;
#191 = ORIENTED_EDGE ( 'NONE', *, *, #974, .F. ) ;
#192 = PLANE ( 'NONE',  #669 ) ;
#193 = CARTESIAN_POINT ( 'NONE',  ( -0.9250000000000000444, 0.2000000000000000111, -0.1749999999999999889 ) ) ;
#194 = EDGE_CURVE ( 'NONE', #1057, #46, #724, .T. ) ;
#195 = DIRECTION ( 'NONE',  ( 0.000000000000000000, 1.000000000000000000, -0.000000000000000000 ) ) ;
#196 = DIRECTION ( 'NONE',  ( 0.000000000000000000, 0.000000000000000000, 1.000000000000000000 ) ) ;
#197 = ORIENTED_EDGE ( 'NONE', *, *, #1553, .F. ) ;
#198 =( NAMED_UNIT ( * ) PLANE_ANGLE_UNIT ( ) SI_UNIT ( $, .RADIAN. ) );
#199 = SHAPE_DEFINITION_REPRESENTATION ( #917, #292 ) ;
#200 = ADVANCED_FACE ( 'NONE', ( #971 ), #569, .F. ) ;
#201 = LINE ( 'NONE', #1596, #450 ) ;
#202 = DIRECTION ( 'NONE',  ( 1.000000000000000000, 0.000000000000000000, 0.000000000000000000 ) ) ;
#203 = AXIS2_PLACEMENT_3D ( 'NONE', #1183, #957, #829 ) ;
#204 = LINE ( 'NONE', #756, #1376 ) ;
#205 = EDGE_CURVE ( 'NONE', #1495, #798, #349, .T. ) ;
#206 = VECTOR ( 'NONE', #841, 1000.000000000000000 ) ;
#207 = EDGE_LOOP ( 'NONE', ( #1129, #1425, #317, #1451 ) ) ;
#208 = DIRECTION ( 'NONE',  ( 1.000000000000000000, 0.000000000000000000, 0.000000000000000000 ) ) ;
#209 = LINE ( 'NONE', #92, #137 ) ;
#210 = ORIENTED_EDGE ( 'NONE', *, *, #682, .T. ) ;
#211 = DIRECTION ( 'NONE',  ( -0.000000000000000000, -0.000000000000000000, -1.000000000000000000 ) ) ;
#212 = AXIS2_PLACEMENT_3D ( 'NONE', #1050, #929, #395 ) ;
#213 = DIRECTION ( 'NONE',  ( -1.000000000000000000, 0.000000000000000000, 0.000000000000000000 ) ) ;
#214 = VECTOR ( 'NONE', #1073, 1000.000000000000000 ) ;
#215 = VECTOR ( 'NONE', #565, 1000.000000000000000 ) ;
#216 = VERTEX_POINT ( 'NONE', #835 ) ;
#217 = DIRECTION ( 'NONE',  ( -0.000000000000000000, -0.000000000000000000, -1.000000000000000000 ) ) ;
#218 = EDGE_CURVE ( 'NONE', #511, #685, #467, .T. ) ;
#219 = FACE_OUTER_BOUND ( 'NONE', #157, .T. ) ;
#220 = ORIENTED_EDGE ( 'NONE', *, *, #653, .T. ) ;
#221 = CARTESIAN_POINT ( 'NONE',  ( -0.6500000000000001332, 1.000000000000000000, -0.5914216258444109364 ) ) ;
#222 = DIRECTION ( 'NONE',  ( 0.000000000000000000, -0.000000000000000000, 1.000000000000000000 ) ) ;
#223 = ORIENTED_EDGE ( 'NONE', *, *, #1398, .T. ) ;
#224 = DIRECTION ( 'NONE',  ( -1.000000000000000000, 2.460663623801749493E-17, 0.000000000000000000 ) ) ;
#225 = PRODUCT_DEFINITION ( 'UNKNOWN', '', #1478, #949 ) ;
#226 = CARTESIAN_POINT ( 'NONE',  ( 1.250000000000000222, 0.1250000000000000000, -0.1749999999999999889 ) ) ;
#227 = ORIENTED_EDGE ( 'NONE', *, *, #1584, .F. ) ;
#228 = CARTESIAN_POINT ( 'NONE',  ( 0.8335434378015760259, 0.8749999999999914513, -0.1749999999999999889 ) ) ;
#229 = CARTESIAN_POINT ( 'NONE',  ( 1.049524337261468210, 0.1891055321565425773, 0.1749999999999999889 ) ) ;
#230 = VECTOR ( 'NONE', #211, 1000.000000000000000 ) ;
#231 = EDGE_LOOP ( 'NONE', ( #768, #1152, #276, #976 ) ) ;
#232 = STYLED_ITEM ( 'NONE', ( #272 ), #66 ) ;
#233 = SURFACE_STYLE_USAGE ( .BOTH. , #501 ) ;
#234 = DIRECTION ( 'NONE',  ( -1.000000000000000000, 0.000000000000000000, 0.000000000000000000 ) ) ;
#235 = ORIENTED_EDGE ( 'NONE', *, *, #994, .F. ) ;
#236 = CARTESIAN_POINT ( 'NONE',  ( 1.108266234803484407, 0.1839662820476147265, 0.1749999999999999889 ) ) ;
#237 = EDGE_CURVE ( 'NONE', #1300, #840, #1084, .T. ) ;
#238 = CARTESIAN_POINT ( 'NONE',  ( -0.5250000000000001332, 1.000000000000000000, -0.5914216258444109364 ) ) ;
#239 = VECTOR ( 'NONE', #1391, 1000.000000000000000 ) ;
#240 = EDGE_LOOP ( 'NONE', ( #1238, #290, #865, #263 ) ) ;
#241 = AXIS2_PLACEMENT_3D ( 'NONE', #1282, #36, #1407 ) ;
#242 = CARTESIAN_POINT ( 'NONE',  ( -1.108266234803484407, 0.1839662820476147265, 0.1749999999999999889 ) ) ;
#243 = VECTOR ( 'NONE', #1490, 1000.000000000000000 ) ;
#244 = DIRECTION ( 'NONE',  ( -0.000000000000000000, -0.000000000000000000, -1.000000000000000000 ) ) ;
#245 = ORIENTED_EDGE ( 'NONE', *, *, #237, .T. ) ;
#246 = DIRECTION ( 'NONE',  ( 0.000000000000000000, 0.000000000000000000, 1.000000000000000000 ) ) ;
#247 = EDGE_CURVE ( 'NONE', #738, #468, #1464, .T. ) ;
#248 = CARTESIAN_POINT ( 'NONE',  ( -0.5250000000000001332, 1.000000000000000000, -0.5914216258444109364 ) ) ;
#249 = ORIENTED_EDGE ( 'NONE', *, *, #269, .T. ) ;
#250 = CARTESIAN_POINT ( 'NONE',  ( -0.6500000000000001332, 1.100000000000000089, 0.5914216258444118246 ) ) ;
#251 = LINE ( 'NONE', #749, #375 ) ;
#252 = EDGE_CURVE ( 'NONE', #1349, #284, #209, .T. ) ;
#253 = ORIENTED_EDGE ( 'NONE', *, *, #524, .F. ) ;
#254 = DIRECTION ( 'NONE',  ( 1.000000000000000000, -1.441280548884671496E-15, 0.000000000000000000 ) ) ;
#255 = EDGE_LOOP ( 'NONE', ( #540, #1429, #1556, #119 ) ) ;
#256 = DIRECTION ( 'NONE',  ( -1.000000000000000000, 0.000000000000000000, 0.000000000000000000 ) ) ;
#257 = EDGE_CURVE ( 'NONE', #1592, #63, #979, .T. ) ;
#258 = CLOSED_SHELL ( 'NONE', ( #785, #461, #1445, #497, #493, #814, #755, #963, #37, #656, #40, #1229, #1260, #1351, #1453, #168 ) ) ;
#259 = VECTOR ( 'NONE', #1442, 1000.000000000000000 ) ;
#260 = ORIENTED_EDGE ( 'NONE', *, *, #571, .T. ) ;
#261 = CARTESIAN_POINT ( 'NONE',  ( -0.6500000000000001332, 1.000000000000000000, -0.5914216258444109364 ) ) ;
#262 = VECTOR ( 'NONE', #716, 1000.000000000000000 ) ;
#263 = ORIENTED_EDGE ( 'NONE', *, *, #1433, .T. ) ;
#264 =( NAMED_UNIT ( * ) PLANE_ANGLE_UNIT ( ) SI_UNIT ( $, .RADIAN. ) );
#265 = ORIENTED_EDGE ( 'NONE', *, *, #252, .F. ) ;
#266 = CARTESIAN_POINT ( 'NONE',  ( -1.108266234803484407, 0.1250000000000000000, 0.1749999999999999889 ) ) ;
#267 = AXIS2_PLACEMENT_3D ( 'NONE', #903, #146, #1301 ) ;
#268 = ORIENTED_EDGE ( 'NONE', *, *, #175, .F. ) ;
#269 = EDGE_CURVE ( 'NONE', #676, #1047, #121, .T. ) ;
#270 = CARTESIAN_POINT ( 'NONE',  ( 7.543771901122593011E-17, 1.100000000000000089, 0.5914216258444117136 ) ) ;
#271 = VECTOR ( 'NONE', #967, 1000.000000000000000 ) ;
#272 = PRESENTATION_STYLE_ASSIGNMENT (( #809 ) ) ;
#273 = CARTESIAN_POINT ( 'NONE',  ( 1.108266234803484407, 0.000000000000000000, 0.1749999999999999889 ) ) ;
#274 = ORIENTED_EDGE ( 'NONE', *, *, #1563, .T. ) ;
#275 = FACE_OUTER_BOUND ( 'NONE', #434, .T. ) ;
#276 = ORIENTED_EDGE ( 'NONE', *, *, #625, .F. ) ;
#277 = FACE_OUTER_BOUND ( 'NONE', #554, .T. ) ;
#278 = EDGE_CURVE ( 'NONE', #353, #1015, #1383, .T. ) ;
#279 = SURFACE_SIDE_STYLE ('',( #1428 ) ) ;
#280 = EDGE_CURVE ( 'NONE', #591, #538, #636, .T. ) ;
#281 = DIRECTION ( 'NONE',  ( -0.08682659386424432246, 0.9924325091389676334, 0.08682659386424433634 ) ) ;
#282 = ORIENTED_EDGE ( 'NONE', *, *, #541, .F. ) ;
#283 = LINE ( 'NONE', #1290, #7 ) ;
#284 = VERTEX_POINT ( 'NONE', #1237 ) ;
#285 = CARTESIAN_POINT ( 'NONE',  ( -0.9087683600642478821, 0.6910337179523767803, -0.1749999999999999889 ) ) ;
#286 = VECTOR ( 'NONE', #1489, 1000.000000000000000 ) ;
#287 =( NAMED_UNIT ( * ) SI_UNIT ( $, .STERADIAN. ) SOLID_ANGLE_UNIT ( ) );
#288 = EDGE_CURVE ( 'NONE', #750, #12, #512, .T. ) ;
#289 = CARTESIAN_POINT ( 'NONE',  ( 1.049524337261468210, 0.1891055321565425773, -0.1749999999999999889 ) ) ;
#290 = ORIENTED_EDGE ( 'NONE', *, *, #8, .F. ) ;
#291 = PLANE ( 'NONE',  #454 ) ;
#292 = ADVANCED_BREP_SHAPE_REPRESENTATION ( 'BAT42WSH', ( #649, #644, #66, #1191, #77 ), #1609 ) ;
#293 = VERTEX_POINT ( 'NONE', #775 ) ;
#294 = CARTESIAN_POINT ( 'NONE',  ( -1.092034594867731911, 0.6749999999999914957, 0.1749999999999999889 ) ) ;
#295 = CARTESIAN_POINT ( 'NONE',  ( -0.6500000000000002442, 1.100000000000000089, 0.5914216258444118246 ) ) ;
#296 = AXIS2_PLACEMENT_3D ( 'NONE', #1454, #584, #964 ) ;
#297 = VECTOR ( 'NONE', #1299, 1000.000000000000000 ) ;
#298 = ORIENTED_EDGE ( 'NONE', *, *, #301, .F. ) ;
#299 = COLOUR_RGB ( '',0.7921568627450980005, 0.8196078431372548767, 0.9333333333333333481 ) ;
#300 = LINE ( 'NONE', #1587, #259 ) ;
#301 = EDGE_CURVE ( 'NONE', #1461, #408, #987, .T. ) ;
#302 = EDGE_LOOP ( 'NONE', ( #645, #131, #1511, #806 ) ) ;
#303 = FACE_OUTER_BOUND ( 'NONE', #1414, .T. ) ;
#304 = ORIENTED_EDGE ( 'NONE', *, *, #1574, .T. ) ;
#305 = CARTESIAN_POINT ( 'NONE',  ( 0.8335434378015760259, 0.8749999999999914513, 0.1749999999999999889 ) ) ;
#306 = APPLICATION_CONTEXT ( 'automotive_design' ) ;
#307 = DIRECTION ( 'NONE',  ( 0.1305261922200492974, 0.9914448613738107152, 0.000000000000000000 ) ) ;
#308 = ADVANCED_FACE ( 'NONE', ( #98 ), #6, .T. ) ;
#309 = FACE_OUTER_BOUND ( 'NONE', #380, .T. ) ;
#310 = ORIENTED_EDGE ( 'NONE', *, *, #1366, .T. ) ;
#311 = DIRECTION ( 'NONE',  ( 1.000000000000000000, 0.000000000000000000, 0.000000000000000000 ) ) ;
#312 = EDGE_LOOP ( 'NONE', ( #394, #1033, #1274, #122 ) ) ;
#313 = FILL_AREA_STYLE ('',( #1097 ) ) ;
#314 = SURFACE_SIDE_STYLE ('',( #568 ) ) ;
#315 = CARTESIAN_POINT ( 'NONE',  ( -0.6500000000000001332, 1.000000000000000000, 0.5914216258444118246 ) ) ;
#316 = AXIS2_PLACEMENT_3D ( 'NONE', #1225, #744, #1340 ) ;
#317 = ORIENTED_EDGE ( 'NONE', *, *, #622, .F. ) ;
#318 = DIRECTION ( 'NONE',  ( -0.000000000000000000, -0.000000000000000000, -1.000000000000000000 ) ) ;
#319 = CARTESIAN_POINT ( 'NONE',  ( 1.108266234803484407, 0.1839662820476147265, -0.1749999999999999889 ) ) ;
#320 = ORIENTED_EDGE ( 'NONE', *, *, #1317, .T. ) ;
#321 = EDGE_CURVE ( 'NONE', #685, #1015, #1487, .T. ) ;
#322 = CARTESIAN_POINT ( 'NONE',  ( 1.250000000000000000, -3.487591202835241256E-18, 0.1749999999999999889 ) ) ;
#323 = AXIS2_PLACEMENT_3D ( 'NONE', #335, #1219, #557 ) ;
#324 = COLOUR_RGB ( '',0.2509803921568627416, 0.2509803921568627416, 0.2509803921568627416 ) ;
#325 = FACE_OUTER_BOUND ( 'NONE', #1422, .T. ) ;
#326 = VECTOR ( 'NONE', #523, 1000.000000000000000 ) ;
#327 = FACE_OUTER_BOUND ( 'NONE', #1323, .T. ) ;
#328 = ORIENTED_EDGE ( 'NONE', *, *, #1021, .F. ) ;
#329 = PRESENTATION_STYLE_ASSIGNMENT (( #90 ) ) ;
#330 = CARTESIAN_POINT ( 'NONE',  ( 0.9675102576062640791, 0.6858944678434488740, 0.1749999999999999889 ) ) ;
#331 = EDGE_CURVE ( 'NONE', #871, #1067, #482, .T. ) ;
#332 = FACE_OUTER_BOUND ( 'NONE', #312, .T. ) ;
#333 = CARTESIAN_POINT ( 'NONE',  ( 0.9242999527558698469, 0.1839662820476147265, 0.1749999999999999889 ) ) ;
#334 = ORIENTED_EDGE ( 'NONE', *, *, #1287, .T. ) ;
#335 = CARTESIAN_POINT ( 'NONE',  ( -0.8039216258444116248, 1.100000000000000089, -0.000000000000000000 ) ) ;
#336 = DIRECTION ( 'NONE',  ( -1.000000000000000000, -0.000000000000000000, -0.000000000000000000 ) ) ;
#337 = VERTEX_POINT ( 'NONE', #1518 ) ;
#338 = CARTESIAN_POINT ( 'NONE',  ( -0.6500000000000001332, 1.100000000000000089, -0.5914216258444109364 ) ) ;
#339 = VECTOR ( 'NONE', #1293, 1000.000000000000000 ) ;
#340 = CIRCLE ( 'NONE', #203, 0.1839662820476145599 ) ;
#341 = EDGE_CURVE ( 'NONE', #662, #337, #1106, .T. ) ;
#342 = LINE ( 'NONE', #1095, #113 ) ;
#343 = PRESENTATION_LAYER_ASSIGNMENT (  '', '', ( #1083 ) ) ;
#344 = ORIENTED_EDGE ( 'NONE', *, *, #524, .T. ) ;
#345 = FACE_OUTER_BOUND ( 'NONE', #475, .T. ) ;
#346 = DIRECTION ( 'NONE',  ( -0.000000000000000000, -0.000000000000000000, -1.000000000000000000 ) ) ;
#347 = ORIENTED_EDGE ( 'NONE', *, *, #91, .T. ) ;
#348 = CARTESIAN_POINT ( 'NONE',  ( 0.000000000000000000, 1.000000000000000000, 0.000000000000000000 ) ) ;
#349 = CIRCLE ( 'NONE', #559, 0.1839662820476145599 ) ;
#350 = CARTESIAN_POINT ( 'NONE',  ( 0.9675102576062640791, 0.6858944678434488740, -0.1749999999999999889 ) ) ;
#351 = AXIS2_PLACEMENT_3D ( 'NONE', #1086, #446, #1314 ) ;
#352 = ADVANCED_FACE ( 'NONE', ( #363 ), #870, .F. ) ;
#353 = VERTEX_POINT ( 'NONE', #226 ) ;
#354 = DIRECTION ( 'NONE',  ( 1.000000000000000000, 2.460663623801749185E-17, -0.000000000000000000 ) ) ;
#355 = ADVANCED_FACE ( 'NONE', ( #864 ), #1357, .T. ) ;
#356 = CARTESIAN_POINT ( 'NONE',  ( 1.108266234803484407, 0.1250000000000000000, -0.1749999999999999889 ) ) ;
#357 = ORIENTED_EDGE ( 'NONE', *, *, #175, .T. ) ;
#358 = CARTESIAN_POINT ( 'NONE',  ( -1.250000000000000000, -3.487591202835241256E-18, 0.1749999999999999889 ) ) ;
#359 = DIRECTION ( 'NONE',  ( -0.08682659386424432246, 0.9924325091389676334, -0.08682659386424432246 ) ) ;
#360 = EDGE_LOOP ( 'NONE', ( #996, #1119, #1531, #513 ) ) ;
#361 = CARTESIAN_POINT ( 'NONE',  ( -0.6500000000000001332, 1.100000000000000089, 0.5914216258444118246 ) ) ;
#362 = EDGE_CURVE ( 'NONE', #934, #831, #585, .T. ) ;
#363 = FACE_OUTER_BOUND ( 'NONE', #771, .T. ) ;
#364 = ORIENTED_EDGE ( 'NONE', *, *, #341, .T. ) ;
#365 = PLANE ( 'NONE',  #872 ) ;
#366 = DIRECTION ( 'NONE',  ( -0.000000000000000000, 1.000000000000000000, -0.000000000000000000 ) ) ;
#367 = VECTOR ( 'NONE', #101, 1000.000000000000000 ) ;
#368 = VERTEX_POINT ( 'NONE', #618 ) ;
#369 = DIRECTION ( 'NONE',  ( 0.000000000000000000, 0.000000000000000000, 1.000000000000000000 ) ) ;
#370 = LINE ( 'NONE', #878, #1271 ) ;
#371 = EDGE_CURVE ( 'NONE', #1, #368, #251, .T. ) ;
#372 = ORIENTED_EDGE ( 'NONE', *, *, #1530, .T. ) ;
#373 = CARTESIAN_POINT ( 'NONE',  ( -1.108266234803484407, 0.000000000000000000, 0.1749999999999999889 ) ) ;
#374 = CARTESIAN_POINT ( 'NONE',  ( -0.8039216258444116248, 1.100000000000000089, 0.5914216258444118246 ) ) ;
#375 = VECTOR ( 'NONE', #114, 1000.000000000000000 ) ;
#376 = VERTEX_POINT ( 'NONE', #1630 ) ;
#377 = VECTOR ( 'NONE', #439, 1000.000000000000000 ) ;
#378 = VECTOR ( 'NONE', #366, 1000.000000000000000 ) ;
#379 = CARTESIAN_POINT ( 'NONE',  ( 1.250000000000000222, 0.1250000000000000000, 0.1749999999999999889 ) ) ;
#380 = EDGE_LOOP ( 'NONE', ( #1471, #1503, #398, #1042 ) ) ;
#381 = CARTESIAN_POINT ( 'NONE',  ( -0.6500000000000001332, 1.000000000000000000, -0.5914216258444109364 ) ) ;
#382 = EDGE_CURVE ( 'NONE', #511, #353, #1002, .T. ) ;
#383 = CARTESIAN_POINT ( 'NONE',  ( 0.8500000000000001998, 0.7499999999999914513, 0.1749999999999999889 ) ) ;
#384 = ORIENTED_EDGE ( 'NONE', *, *, #1021, .T. ) ;
#385 = FACE_OUTER_BOUND ( 'NONE', #896, .T. ) ;
#386 = VERTEX_POINT ( 'NONE', #1501 ) ;
#387 = CARTESIAN_POINT ( 'NONE',  ( -0.8500000000000001998, 0.7499999999999914513, -0.1749999999999999889 ) ) ;
#388 = ORIENTED_EDGE ( 'NONE', *, *, #269, .F. ) ;
#389 = LINE ( 'NONE', #530, #1134 ) ;
#390 = EDGE_CURVE ( 'NONE', #145, #1634, #370, .T. ) ;
#391 = ORIENTED_EDGE ( 'NONE', *, *, #1250, .F. ) ;
#392 = CARTESIAN_POINT ( 'NONE',  ( -0.5250000000000000222, 1.000000000000000000, 0.5914216258444118246 ) ) ;
#393 = VECTOR ( 'NONE', #564, 1000.000000000000000 ) ;
#394 = ORIENTED_EDGE ( 'NONE', *, *, #280, .T. ) ;
#395 = DIRECTION ( 'NONE',  ( 1.000000000000000000, 0.000000000000000000, 0.000000000000000000 ) ) ;
#396 = LINE ( 'NONE', #1156, #339 ) ;
#397 = DIRECTION ( 'NONE',  ( 0.1305261922200492974, -0.9914448613738107152, -0.000000000000000000 ) ) ;
#398 = ORIENTED_EDGE ( 'NONE', *, *, #901, .T. ) ;
#399 = LINE ( 'NONE', #1032, #726 ) ;
#400 = VECTOR ( 'NONE', #1569, 1000.000000000000000 ) ;
#401 = CIRCLE ( 'NONE', #188, 0.05896628204761478892 ) ;
#402 = ORIENTED_EDGE ( 'NONE', *, *, #881, .F. ) ;
#403 = DIRECTION ( 'NONE',  ( -0.000000000000000000, -0.000000000000000000, -1.000000000000000000 ) ) ;
#404 = ADVANCED_FACE ( 'NONE', ( #760 ), #1254, .T. ) ;
#405 = VECTOR ( 'NONE', #484, 1000.000000000000000 ) ;
#406 = PLANE ( 'NONE',  #1263 ) ;
#407 = DIRECTION ( 'NONE',  ( 0.000000000000000000, -0.000000000000000000, -1.000000000000000000 ) ) ;
#408 = VERTEX_POINT ( 'NONE', #387 ) ;
#409 = CARTESIAN_POINT ( 'NONE',  ( -1.250000000000000222, 0.1250000000000000000, 0.1749999999999999889 ) ) ;
#410 = ORIENTED_EDGE ( 'NONE', *, *, #1017, .T. ) ;
#411 = CARTESIAN_POINT ( 'NONE',  ( -1.108266234803484407, 0.000000000000000000, -0.1749999999999999889 ) ) ;
#412 = CARTESIAN_POINT ( 'NONE',  ( -0.8500000000000001998, 0.7499999999999914513, 0.6375000000000003997 ) ) ;
#413 = CARTESIAN_POINT ( 'NONE',  ( 0.000000000000000000, 0.1000000000000000472, -0.5806323687081488272 ) ) ;
#414 = CARTESIAN_POINT ( 'NONE',  ( -1.049524337261467988, 0.1891055321565426051, 0.1749999999999999889 ) ) ;
#415 = ORIENTED_EDGE ( 'NONE', *, *, #534, .T. ) ;
#416 = CYLINDRICAL_SURFACE ( 'NONE', #1166, 0.05896628204761467790 ) ;
#417 = ORIENTED_EDGE ( 'NONE', *, *, #793, .F. ) ;
#418 = CARTESIAN_POINT ( 'NONE',  ( -0.8500000000000001998, 0.7500000000000256462, 0.6375000000000003997 ) ) ;
#419 = DIRECTION ( 'NONE',  ( -0.000000000000000000, -0.000000000000000000, -1.000000000000000000 ) ) ;
#420 = CIRCLE ( 'NONE', #743, 0.1839662820476146710 ) ;
#421 = CARTESIAN_POINT ( 'NONE',  ( -0.9087683600642478821, 0.6910337179523767803, 0.1749999999999999889 ) ) ;
#422 = DIRECTION ( 'NONE',  ( 0.000000000000000000, 1.000000000000000000, 0.000000000000000000 ) ) ;
#423 = ORIENTED_EDGE ( 'NONE', *, *, #721, .F. ) ;
#424 = CARTESIAN_POINT ( 'NONE',  ( -0.6500000000000001332, 1.000000000000000000, -0.5914216258444109364 ) ) ;
#425 = ORIENTED_EDGE ( 'NONE', *, *, #362, .F. ) ;
#426 = PLANE ( 'NONE',  #611 ) ;
#427 = DIRECTION ( 'NONE',  ( -1.000000000000000000, 0.000000000000000000, 0.000000000000000000 ) ) ;
#428 = AXIS2_PLACEMENT_3D ( 'NONE', #1570, #186, #443 ) ;
#429 = CARTESIAN_POINT ( 'NONE',  ( 0.000000000000000000, 1.100000000000000089, 0.000000000000000000 ) ) ;
#430 = VECTOR ( 'NONE', #813, 1000.000000000000000 ) ;
#431 = AXIS2_PLACEMENT_3D ( 'NONE', #1241, #1128, #1600 ) ;
#432 = CARTESIAN_POINT ( 'NONE',  ( 0.9087683600642478821, 0.7499999999999914513, 0.1749999999999999889 ) ) ;
#433 = ADVANCED_FACE ( 'NONE', ( #799 ), #520, .F. ) ;
#434 = EDGE_LOOP ( 'NONE', ( #774, #89, #1305, #879 ) ) ;
#435 = DIRECTION ( 'NONE',  ( 0.000000000000000000, -0.000000000000000000, 1.000000000000000000 ) ) ;
#436 = ORIENTED_EDGE ( 'NONE', *, *, #1279, .F. ) ;
#437 = DIRECTION ( 'NONE',  ( -1.000000000000000000, 0.000000000000000000, 0.000000000000000000 ) ) ;
#438 = DIRECTION ( 'NONE',  ( -2.460663623801749493E-17, 1.000000000000000000, 0.000000000000000000 ) ) ;
#439 = DIRECTION ( 'NONE',  ( -9.166068039340953870E-17, -0.000000000000000000, -1.000000000000000000 ) ) ;
#440 = EDGE_CURVE ( 'NONE', #990, #595, #15, .T. ) ;
#441 = ORIENTED_EDGE ( 'NONE', *, *, #156, .F. ) ;
#442 = CARTESIAN_POINT ( 'NONE',  ( -0.9675102576062640791, 0.6858944678434488740, 0.1749999999999999889 ) ) ;
#443 = DIRECTION ( 'NONE',  ( -1.000000000000000000, 0.000000000000000000, 0.000000000000000000 ) ) ;
#444 = AXIS2_PLACEMENT_3D ( 'NONE', #236, #1005, #1094 ) ;
#445 = DIRECTION ( 'NONE',  ( 0.000000000000000000, 0.000000000000000000, -1.000000000000000000 ) ) ;
#446 = DIRECTION ( 'NONE',  ( -0.000000000000000000, -0.000000000000000000, -1.000000000000000000 ) ) ;
#447 = ORIENTED_EDGE ( 'NONE', *, *, #1553, .T. ) ;
#448 = SURFACE_SIDE_STYLE ('',( #723 ) ) ;
#449 = SURFACE_STYLE_USAGE ( .BOTH. , #314 ) ;
#450 = VECTOR ( 'NONE', #1603, 1000.000000000000000 ) ;
#451 = EDGE_CURVE ( 'NONE', #1047, #38, #919, .T. ) ;
#452 = FACE_OUTER_BOUND ( 'NONE', #1283, .T. ) ;
#453 = VECTOR ( 'NONE', #961, 1000.000000000000000 ) ;
#454 = AXIS2_PLACEMENT_3D ( 'NONE', #1169, #804, #546 ) ;
#455 = CARTESIAN_POINT ( 'NONE',  ( -0.8500000000000001998, 0.7499999999999914513, 0.1749999999999999889 ) ) ;
#456 = CARTESIAN_POINT ( 'NONE',  ( -1.250000000000000000, -3.487591202835241256E-18, 0.1749999999999999889 ) ) ;
#457 = ORIENTED_EDGE ( 'NONE', *, *, #205, .F. ) ;
#458 = CARTESIAN_POINT ( 'NONE',  ( -0.6500000000000001332, 1.000000000000000000, 0.5914216258444118246 ) ) ;
#459 =( NAMED_UNIT ( * ) PLANE_ANGLE_UNIT ( ) SI_UNIT ( $, .RADIAN. ) );
#460 = LINE ( 'NONE', #700, #187 ) ;
#461 = ADVANCED_FACE ( 'NONE', ( #655 ), #807, .T. ) ;
#462 = ORIENTED_EDGE ( 'NONE', *, *, #598, .F. ) ;
#463 = CARTESIAN_POINT ( 'NONE',  ( 0.9087683600642478821, 0.6910337179523767803, 0.1749999999999999889 ) ) ;
#464 = PLANE ( 'NONE',  #1144 ) ;
#465 = ORIENTED_EDGE ( 'NONE', *, *, #728, .F. ) ;
#466 = DIRECTION ( 'NONE',  ( -0.000000000000000000, -0.000000000000000000, -1.000000000000000000 ) ) ;
#467 = LINE ( 'NONE', #1577, #1457 ) ;
#468 = VERTEX_POINT ( 'NONE', #152 ) ;
#469 = ADVANCED_FACE ( 'NONE', ( #1269 ), #1415, .T. ) ;
#470 = CIRCLE ( 'NONE', #444, 0.1839662820476146710 ) ;
#471 = DIRECTION ( 'NONE',  ( -1.000000000000000000, 0.000000000000000000, 0.000000000000000000 ) ) ;
#472 = VECTOR ( 'NONE', #1534, 1000.000000000000000 ) ;
#473 = VECTOR ( 'NONE', #950, 1000.000000000000000 ) ;
#474 = CARTESIAN_POINT ( 'NONE',  ( -0.6500000000000001332, 1.000000000000000000, -0.5914216258444109364 ) ) ;
#475 = EDGE_LOOP ( 'NONE', ( #640, #462, #183, #304 ) ) ;
#476 =( NAMED_UNIT ( * ) PLANE_ANGLE_UNIT ( ) SI_UNIT ( $, .RADIAN. ) );
#477 = DIRECTION ( 'NONE',  ( 0.000000000000000000, 0.000000000000000000, 1.000000000000000000 ) ) ;
#478 = ORIENTED_EDGE ( 'NONE', *, *, #127, .T. ) ;
#479 = AXIS2_PLACEMENT_3D ( 'NONE', #315, #828, #576 ) ;
#480 = UNCERTAINTY_MEASURE_WITH_UNIT (LENGTH_MEASURE( 1.000000000000000082E-05 ), #816, 'distance_accuracy_value', 'NONE');
#481 = ORIENTED_EDGE ( 'NONE', *, *, #777, .T. ) ;
#482 = CIRCLE ( 'NONE', #507, 0.1839662820476145599 ) ;
#483 = CARTESIAN_POINT ( 'NONE',  ( -0.8039216258444116248, 1.100000000000000089, 0.6375000000000003997 ) ) ;
#484 = DIRECTION ( 'NONE',  ( -0.08715574274765951202, -0.9961946980917454342, 0.000000000000000000 ) ) ;
#485 = ORIENTED_EDGE ( 'NONE', *, *, #541, .T. ) ;
#486 = LINE ( 'NONE', #361, #834 ) ;
#487 = DIRECTION ( 'NONE',  ( 1.000000000000000000, 0.000000000000000000, -9.166068039340953870E-17 ) ) ;
#488 = ORIENTED_EDGE ( 'NONE', *, *, #777, .F. ) ;
#489 = CARTESIAN_POINT ( 'NONE',  ( 1.092034594867731911, 0.6749999999999914957, 0.1749999999999999889 ) ) ;
#490 = DIRECTION ( 'NONE',  ( -0.1305261922200492697, -0.9914448613738107152, 0.000000000000000000 ) ) ;
#491 = VERTEX_POINT ( 'NONE', #139 ) ;
#492 = PLANE ( 'NONE',  #1117 ) ;
#493 = ADVANCED_FACE ( 'NONE', ( #160 ), #1439, .F. ) ;
#494 = DIRECTION ( 'NONE',  ( 1.000000000000000000, 0.000000000000000000, 0.000000000000000000 ) ) ;
#495 = VERTEX_POINT ( 'NONE', #1400 ) ;
#496 = LINE ( 'NONE', #1632, #1211 ) ;
#497 = ADVANCED_FACE ( 'NONE', ( #529 ), #426, .F. ) ;
#498 = CARTESIAN_POINT ( 'NONE',  ( -0.8403879568123655552, 0.6401338436289559786, -0.6278879568123648669 ) ) ;
#499 = CIRCLE ( 'NONE', #103, 0.1839662820476146710 ) ;
#500 = ORIENTED_EDGE ( 'NONE', *, *, #1220, .F. ) ;
#501 = SURFACE_SIDE_STYLE ('',( #184 ) ) ;
#502 = DIRECTION ( 'NONE',  ( 0.000000000000000000, 0.000000000000000000, 1.000000000000000000 ) ) ;
#503 = EDGE_CURVE ( 'NONE', #468, #1598, #939, .T. ) ;
#504 = EDGE_LOOP ( 'NONE', ( #795, #1123, #1018, #812 ) ) ;
#505 = DIRECTION ( 'NONE',  ( 0.000000000000000000, 0.000000000000000000, 1.000000000000000000 ) ) ;
#506 = DIRECTION ( 'NONE',  ( 1.000000000000000000, -2.460663623801749185E-17, 0.000000000000000000 ) ) ;
#507 = AXIS2_PLACEMENT_3D ( 'NONE', #1494, #502, #494 ) ;
#508 = ORIENTED_EDGE ( 'NONE', *, *, #1418, .F. ) ;
#509 =( GEOMETRIC_REPRESENTATION_CONTEXT ( 3 ) GLOBAL_UNCERTAINTY_ASSIGNED_CONTEXT ( ( #1571 ) ) GLOBAL_UNIT_ASSIGNED_CONTEXT ( ( #1228, #476, #112 ) ) REPRESENTATION_CONTEXT ( 'NONE', 'WORKASPACE' ) );
#510 = VECTOR ( 'NONE', #852, 1000.000000000000000 ) ;
#511 = VERTEX_POINT ( 'NONE', #1277 ) ;
#512 = LINE ( 'NONE', #261, #1294 ) ;
#513 = ORIENTED_EDGE ( 'NONE', *, *, #1250, .T. ) ;
#514 = LINE ( 'NONE', #940, #1336 ) ;
#515 = EDGE_CURVE ( 'NONE', #798, #491, #1430, .T. ) ;
#516 = PRESENTATION_STYLE_ASSIGNMENT (( #1036 ) ) ;
#517 = ORIENTED_EDGE ( 'NONE', *, *, #741, .T. ) ;
#518 = DIRECTION ( 'NONE',  ( -0.000000000000000000, -0.000000000000000000, -1.000000000000000000 ) ) ;
#519 = VERTEX_POINT ( 'NONE', #646 ) ;
#520 = PLANE ( 'NONE',  #267 ) ;
#521 = VERTEX_POINT ( 'NONE', #1542 ) ;
#522 = ADVANCED_FACE ( 'NONE', ( #277 ), #791, .F. ) ;
#523 = DIRECTION ( 'NONE',  ( 0.08715574274765931773, 0.9961946980917454342, -0.000000000000000000 ) ) ;
#524 = EDGE_CURVE ( 'NONE', #1412, #353, #1172, .T. ) ;
#525 = ORIENTED_EDGE ( 'NONE', *, *, #583, .F. ) ;
#526 = DIRECTION ( 'NONE',  ( 0.000000000000000000, -0.000000000000000000, 1.000000000000000000 ) ) ;
#527 = AXIS2_PLACEMENT_3D ( 'NONE', #67, #703, #59 ) ;
#528 = EDGE_LOOP ( 'NONE', ( #545, #531, #388, #822 ) ) ;
#529 = FACE_OUTER_BOUND ( 'NONE', #207, .T. ) ;
#530 = CARTESIAN_POINT ( 'NONE',  ( 1.049299952755869736, 0.1839662820476147265, 0.1749999999999999889 ) ) ;
#531 = ORIENTED_EDGE ( 'NONE', *, *, #451, .F. ) ;
#532 = LINE ( 'NONE', #409, #297 ) ;
#533 = VECTOR ( 'NONE', #1426, 1000.000000000000000 ) ;
#534 = EDGE_CURVE ( 'NONE', #284, #738, #29, .T. ) ;
#535 = VERTEX_POINT ( 'NONE', #1043 ) ;
#536 = CARTESIAN_POINT ( 'NONE',  ( -0.9087683600642478821, 0.6910337179523767803, 0.1749999999999999889 ) ) ;
#537 = FILL_AREA_STYLE_COLOUR ( '', #1394 ) ;
#538 = VERTEX_POINT ( 'NONE', #411 ) ;
#539 = CARTESIAN_POINT ( 'NONE',  ( -0.8500000000000001998, 0.7499999999999914513, -0.6374999999999995115 ) ) ;
#540 = ORIENTED_EDGE ( 'NONE', *, *, #954, .T. ) ;
#541 = EDGE_CURVE ( 'NONE', #46, #706, #936, .T. ) ;
#542 = DIRECTION ( 'NONE',  ( 0.9914448613738107152, 0.1305261922200492697, -0.000000000000000000 ) ) ;
#543 = CYLINDRICAL_SURFACE ( 'NONE', #1029, 0.1839662820476146710 ) ;
#544 = LINE ( 'NONE', #1555, #473 ) ;
#545 = ORIENTED_EDGE ( 'NONE', *, *, #84, .T. ) ;
#546 = DIRECTION ( 'NONE',  ( -0.08715574274765931773, 0.9961946980917454342, 0.000000000000000000 ) ) ;
#547 = EDGE_LOOP ( 'NONE', ( #481, #1093, #135, #1276 ) ) ;
#548 = CARTESIAN_POINT ( 'NONE',  ( -0.8500000000000001998, 1.100000000000000089, -0.5914216258444109364 ) ) ;
#549 = CARTESIAN_POINT ( 'NONE',  ( -1.092034594867731911, 0.6749999999999914957, -0.1749999999999999889 ) ) ;
#550 = VECTOR ( 'NONE', #318, 1000.000000000000000 ) ;
#551 = PLANE ( 'NONE',  #848 ) ;
#552 = MECHANICAL_DESIGN_GEOMETRIC_PRESENTATION_REPRESENTATION (  '', ( #1083 ), #633 ) ;
#553 = LINE ( 'NONE', #1071, #1554 ) ;
#554 = EDGE_LOOP ( 'NONE', ( #610, #1406, #16, #447 ) ) ;
#555 = LINE ( 'NONE', #1208, #430 ) ;
#556 = ORIENTED_EDGE ( 'NONE', *, *, #1079, .T. ) ;
#557 = DIRECTION ( 'NONE',  ( 0.000000000000000000, 0.000000000000000000, -1.000000000000000000 ) ) ;
#558 = LINE ( 'NONE', #549, #797 ) ;
#559 = AXIS2_PLACEMENT_3D ( 'NONE', #1214, #1076, #708 ) ;
#560 = CARTESIAN_POINT ( 'NONE',  ( 0.9087683600642478821, 0.6910337179523767803, -0.1749999999999999889 ) ) ;
#561 = AXIS2_PLACEMENT_3D ( 'NONE', #686, #182, #435 ) ;
#562 = UNCERTAINTY_MEASURE_WITH_UNIT (LENGTH_MEASURE( 1.000000000000000082E-05 ), #1045, 'distance_accuracy_value', 'NONE');
#563 = EDGE_CURVE ( 'NONE', #706, #1100, #1618, .T. ) ;
#564 = DIRECTION ( 'NONE',  ( -0.000000000000000000, -0.000000000000000000, -1.000000000000000000 ) ) ;
#565 = DIRECTION ( 'NONE',  ( -0.000000000000000000, -0.000000000000000000, -1.000000000000000000 ) ) ;
#566 = ORIENTED_EDGE ( 'NONE', *, *, #1616, .T. ) ;
#567 = LINE ( 'NONE', #1204, #400 ) ;
#568 = SURFACE_STYLE_FILL_AREA ( #1205 ) ;
#569 = PLANE ( 'NONE',  #296 ) ;
#570 = LINE ( 'NONE', #74, #179 ) ;
#571 = EDGE_CURVE ( 'NONE', #1067, #216, #1549, .T. ) ;
#572 = DIRECTION ( 'NONE',  ( -1.000000000000000000, 0.000000000000000000, 0.000000000000000000 ) ) ;
#573 = EDGE_CURVE ( 'NONE', #1203, #738, #1593, .T. ) ;
#574 = ORIENTED_EDGE ( 'NONE', *, *, #99, .F. ) ;
#575 = CARTESIAN_POINT ( 'NONE',  ( 0.000000000000000000, 0.1000000000000000472, 0.000000000000000000 ) ) ;
#576 = DIRECTION ( 'NONE',  ( 1.000000000000000000, 0.000000000000000000, -0.000000000000000000 ) ) ;
#577 = VECTOR ( 'NONE', #1309, 1000.000000000000000 ) ;
#578 = VECTOR ( 'NONE', #307, 1000.000000000000000 ) ;
#579 = DIRECTION ( 'NONE',  ( 1.000000000000000000, 0.000000000000000000, 0.000000000000000000 ) ) ;
#580 = CARTESIAN_POINT ( 'NONE',  ( 0.8335434378015760259, 0.8749999999999914513, 0.1749999999999999889 ) ) ;
#581 = VERTEX_POINT ( 'NONE', #1576 ) ;
#582 = DIRECTION ( 'NONE',  ( -0.000000000000000000, 0.000000000000000000, 1.000000000000000000 ) ) ;
#583 = EDGE_CURVE ( 'NONE', #1100, #676, #1089, .T. ) ;
#584 = DIRECTION ( 'NONE',  ( 1.000000000000000000, 0.000000000000000000, -9.166068039340953870E-17 ) ) ;
#585 = CIRCLE ( 'NONE', #988, 0.1839662820476145599 ) ;
#586 = VECTOR ( 'NONE', #144, 1000.000000000000000 ) ;
#587 = ORIENTED_EDGE ( 'NONE', *, *, #948, .T. ) ;
#588 = CARTESIAN_POINT ( 'NONE',  ( -0.8500000000000001998, 0.7499999999999914513, 0.1749999999999999889 ) ) ;
#589 = AXIS2_PLACEMENT_3D ( 'NONE', #621, #867, #1226 ) ;
#590 = DIRECTION ( 'NONE',  ( -0.000000000000000000, -0.000000000000000000, -1.000000000000000000 ) ) ;
#591 = VERTEX_POINT ( 'NONE', #846 ) ;
#592 = APPLICATION_PROTOCOL_DEFINITION ( 'draft international standard', 'automotive_design', 1998, #306 ) ;
#593 = ADVANCED_FACE ( 'NONE', ( #1583 ), #192, .T. ) ;
#594 = DIRECTION ( 'NONE',  ( 0.000000000000000000, 0.000000000000000000, -1.000000000000000000 ) ) ;
#595 = VERTEX_POINT ( 'NONE', #458 ) ;
#596 = CARTESIAN_POINT ( 'NONE',  ( 0.8500000000000001998, 0.7499999999999914513, -0.1749999999999999889 ) ) ;
#597 = CARTESIAN_POINT ( 'NONE',  ( 1.092034594867731911, 0.6749999999999914957, -0.1749999999999999889 ) ) ;
#598 = EDGE_CURVE ( 'NONE', #1057, #151, #1469, .T. ) ;
#599 = ORIENTED_EDGE ( 'NONE', *, *, #1366, .F. ) ;
#600 = FACE_OUTER_BOUND ( 'NONE', #360, .T. ) ;
#601 = CARTESIAN_POINT ( 'NONE',  ( 1.108266234803484407, 0.1250000000000000000, 0.1749999999999999889 ) ) ;
#602 = ORIENTED_EDGE ( 'NONE', *, *, #682, .F. ) ;
#603 = AXIS2_PLACEMENT_3D ( 'NONE', #1560, #930, #254 ) ;
#604 = CARTESIAN_POINT ( 'NONE',  ( 0.8499999999999997558, 0.7499999999999914513, -0.6374999999999995115 ) ) ;
#605 = ADVANCED_FACE ( 'NONE', ( #54 ), #1198, .T. ) ;
#606 = DIRECTION ( 'NONE',  ( -0.000000000000000000, 1.000000000000000000, -0.000000000000000000 ) ) ;
#607 = EDGE_LOOP ( 'NONE', ( #1161, #790, #1408, #556 ) ) ;
#608 = CARTESIAN_POINT ( 'NONE',  ( -0.9087683600642478821, 0.8749999999999915623, 0.1749999999999999889 ) ) ;
#609 = CARTESIAN_POINT ( 'NONE',  ( -0.5250000000000001332, 1.000000000000000000, -0.5914216258444109364 ) ) ;
#610 = ORIENTED_EDGE ( 'NONE', *, *, #1209, .F. ) ;
#611 = AXIS2_PLACEMENT_3D ( 'NONE', #305, #1525, #672 ) ;
#612 = LINE ( 'NONE', #489, #927 ) ;
#613 = VECTOR ( 'NONE', #624, 1000.000000000000000 ) ;
#614 = ADVANCED_FACE ( 'NONE', ( #1068 ), #977, .F. ) ;
#615 = FACE_OUTER_BOUND ( 'NONE', #528, .T. ) ;
#616 = ORIENTED_EDGE ( 'NONE', *, *, #1220, .T. ) ;
#617 = DIRECTION ( 'NONE',  ( -0.000000000000000000, -0.000000000000000000, -1.000000000000000000 ) ) ;
#618 = CARTESIAN_POINT ( 'NONE',  ( 0.8500000000000001998, 0.7499999999999914513, -0.1749999999999999889 ) ) ;
#619 = ORIENTED_EDGE ( 'NONE', *, *, #84, .F. ) ;
#620 = CARTESIAN_POINT ( 'NONE',  ( 1.250000000000000000, -3.487591202835241256E-18, -0.1749999999999999889 ) ) ;
#621 = CARTESIAN_POINT ( 'NONE',  ( -1.108266234803484407, 0.1839662820476147265, 0.1749999999999999889 ) ) ;
#622 = EDGE_CURVE ( 'NONE', #831, #386, #1337, .T. ) ;
#623 = ORIENTED_EDGE ( 'NONE', *, *, #257, .T. ) ;
#624 = DIRECTION ( 'NONE',  ( -0.000000000000000000, -0.000000000000000000, -1.000000000000000000 ) ) ;
#625 = EDGE_CURVE ( 'NONE', #386, #1, #567, .T. ) ;
#626 = DIRECTION ( 'NONE',  ( 0.000000000000000000, 1.000000000000000000, 0.000000000000000000 ) ) ;
#627 = EDGE_LOOP ( 'NONE', ( #1329, #1524, #907, #3 ) ) ;
#628 = LINE ( 'NONE', #373, #1476 ) ;
#629 = CARTESIAN_POINT ( 'NONE',  ( -0.6500000000000001332, 1.000000000000000000, 0.5914216258444118246 ) ) ;
#630 = AXIS2_PLACEMENT_3D ( 'NONE', #904, #786, #56 ) ;
#631 = CIRCLE ( 'NONE', #770, 0.1839662820476146710 ) ;
#632 = EDGE_LOOP ( 'NONE', ( #384, #93, #1031, #1248 ) ) ;
#633 =( GEOMETRIC_REPRESENTATION_CONTEXT ( 3 ) GLOBAL_UNCERTAINTY_ASSIGNED_CONTEXT ( ( #1586 ) ) GLOBAL_UNIT_ASSIGNED_CONTEXT ( ( #698, #459, #978 ) ) REPRESENTATION_CONTEXT ( 'NONE', 'WORKASPACE' ) );
#634 = CYLINDRICAL_SURFACE ( 'NONE', #699, 0.05896628204761478892 ) ;
#635 = EDGE_CURVE ( 'NONE', #1171, #1461, #1320, .T. ) ;
#636 = LINE ( 'NONE', #740, #751 ) ;
#637 = ORIENTED_EDGE ( 'NONE', *, *, #1513, .T. ) ;
#638 = DIRECTION ( 'NONE',  ( -0.9961946980917458783, 0.08715574274765487683, 0.000000000000000000 ) ) ;
#639 = DIRECTION ( 'NONE',  ( -0.1294283079955604876, 0.9831056027603609637, 0.1294283079955604876 ) ) ;
#640 = ORIENTED_EDGE ( 'NONE', *, *, #1637, .T. ) ;
#641 = PRESENTATION_LAYER_ASSIGNMENT (  '', '', ( #754 ) ) ;
#642 = CARTESIAN_POINT ( 'NONE',  ( 0.9087683600642478821, 0.8749999999999915623, 0.1749999999999999889 ) ) ;
#643 = STYLED_ITEM ( 'NONE', ( #516 ), #1191 ) ;
#644 = MANIFOLD_SOLID_BREP ( 'Boss-Extrude2', #826 ) ;
#645 = ORIENTED_EDGE ( 'NONE', *, *, #278, .T. ) ;
#646 = CARTESIAN_POINT ( 'NONE',  ( -0.8039216258444116248, 1.100000000000000089, -0.5914216258444109364 ) ) ;
#647 = ADVANCED_FACE ( 'NONE', ( #714 ), #1212, .F. ) ;
#648 = CARTESIAN_POINT ( 'NONE',  ( 0.8500000000000001998, 0.7499999999999914513, 0.1749999999999999889 ) ) ;
#649 = MANIFOLD_SOLID_BREP ( 'Cut-Extrude1', #1421 ) ;
#650 = CYLINDRICAL_SURFACE ( 'NONE', #1591, 0.1839662820476144767 ) ;
#651 = ORIENTED_EDGE ( 'NONE', *, *, #1541, .F. ) ;
#652 = CARTESIAN_POINT ( 'NONE',  ( -1.092734642111862220, 0.6910337179523767803, -0.1749999999999999889 ) ) ;
#653 = EDGE_CURVE ( 'NONE', #750, #1163, #176, .T. ) ;
#654 = ORIENTED_EDGE ( 'NONE', *, *, #827, .F. ) ;
#655 = FACE_OUTER_BOUND ( 'NONE', #1381, .T. ) ;
#656 = ADVANCED_FACE ( 'NONE', ( #985 ), #492, .F. ) ;
#657 = DIRECTION ( 'NONE',  ( 0.000000000000000000, -0.000000000000000000, -1.000000000000000000 ) ) ;
#658 = VERTEX_POINT ( 'NONE', #608 ) ;
#659 = FACE_OUTER_BOUND ( 'NONE', #240, .T. ) ;
#660 = AXIS2_PLACEMENT_3D ( 'NONE', #1062, #445, #1085 ) ;
#661 =( GEOMETRIC_REPRESENTATION_CONTEXT ( 3 ) GLOBAL_UNCERTAINTY_ASSIGNED_CONTEXT ( ( #562 ) ) GLOBAL_UNIT_ASSIGNED_CONTEXT ( ( #1045, #1417, #287 ) ) REPRESENTATION_CONTEXT ( 'NONE', 'WORKASPACE' ) );
#662 = VERTEX_POINT ( 'NONE', #1114 ) ;
#663 = DIRECTION ( 'NONE',  ( 1.264619614824794829E-16, 0.1305261922200483538, 0.9914448613738109373 ) ) ;
#664 = FACE_OUTER_BOUND ( 'NONE', #1384, .T. ) ;
#665 = SURFACE_SIDE_STYLE ('',( #1136 ) ) ;
#666 = EDGE_CURVE ( 'NONE', #658, #1495, #1382, .T. ) ;
#667 = EDGE_LOOP ( 'NONE', ( #1582, #1231, #417, #364 ) ) ;
#668 = LINE ( 'NONE', #266, #586 ) ;
#669 = AXIS2_PLACEMENT_3D ( 'NONE', #575, #970, #707 ) ;
#670 = VECTOR ( 'NONE', #167, 1000.000000000000000 ) ;
#671 = ORIENTED_EDGE ( 'NONE', *, *, #741, .F. ) ;
#672 = DIRECTION ( 'NONE',  ( 1.000000000000000000, 1.441280548884671496E-15, 0.000000000000000000 ) ) ;
#673 = LINE ( 'NONE', #412, #577 ) ;
#674 = CIRCLE ( 'NONE', #431, 0.05896628204761478892 ) ;
#675 = FACE_OUTER_BOUND ( 'NONE', #1087, .T. ) ;
#676 = VERTEX_POINT ( 'NONE', #97 ) ;
#677 = DIRECTION ( 'NONE',  ( 0.000000000000000000, 0.000000000000000000, 1.000000000000000000 ) ) ;
#678 = ORIENTED_EDGE ( 'NONE', *, *, #1379, .T. ) ;
#679 = LINE ( 'NONE', #1040, #989 ) ;
#680 = VERTEX_POINT ( 'NONE', #4 ) ;
#681 = CARTESIAN_POINT ( 'NONE',  ( -0.8335434378015760259, 0.8749999999999914513, 0.1749999999999999889 ) ) ;
#682 = EDGE_CURVE ( 'NONE', #1598, #1203, #877, .T. ) ;
#683 = FACE_OUTER_BOUND ( 'NONE', #1506, .T. ) ;
#684 = CARTESIAN_POINT ( 'NONE',  ( -0.8500000000000001998, 0.7499999999999914513, -0.6374999999999995115 ) ) ;
#685 = VERTEX_POINT ( 'NONE', #1000 ) ;
#686 = CARTESIAN_POINT ( 'NONE',  ( 0.000000000000000000, 1.000000000000000000, 0.000000000000000000 ) ) ;
#687 = ORIENTED_EDGE ( 'NONE', *, *, #118, .F. ) ;
#688 = CARTESIAN_POINT ( 'NONE',  ( -1.108266234803484407, 0.000000000000000000, 0.1749999999999999889 ) ) ;
#689 = VECTOR ( 'NONE', #1070, 1000.000000000000000 ) ;
#690 = EDGE_CURVE ( 'NONE', #1623, #1057, #1459, .T. ) ;
#691 = LINE ( 'NONE', #65, #874 ) ;
#692 = LINE ( 'NONE', #1193, #393 ) ;
#693 = ORIENTED_EDGE ( 'NONE', *, *, #1009, .F. ) ;
#694 = DIRECTION ( 'NONE',  ( 1.000000000000000000, 0.000000000000000000, -0.000000000000000000 ) ) ;
#695 = ORIENTED_EDGE ( 'NONE', *, *, #1433, .F. ) ;
#696 = VECTOR ( 'NONE', #346, 1000.000000000000000 ) ;
#697 = CARTESIAN_POINT ( 'NONE',  ( -0.5250000000000001332, 1.100000000000000089, -0.5914216258444109364 ) ) ;
#698 =( LENGTH_UNIT ( ) NAMED_UNIT ( * ) SI_UNIT ( .MILLI., .METRE. ) );
#699 = AXIS2_PLACEMENT_3D ( 'NONE', #242, #1016, #759 ) ;
#700 = CARTESIAN_POINT ( 'NONE',  ( 0.8499999999999997558, 1.100000000000000089, 0.5914216258444116026 ) ) ;
#701 = VECTOR ( 'NONE', #1151, 1000.000000000000000 ) ;
#702 = EDGE_CURVE ( 'NONE', #46, #293, #126, .T. ) ;
#703 = DIRECTION ( 'NONE',  ( -0.000000000000000000, -0.000000000000000000, -1.000000000000000000 ) ) ;
#704 = ADVANCED_FACE ( 'NONE', ( #600 ), #634, .F. ) ;
#705 = CARTESIAN_POINT ( 'NONE',  ( 0.9087683600642478821, 0.6910337179523767803, -0.1749999999999999889 ) ) ;
#706 = VERTEX_POINT ( 'NONE', #1124 ) ;
#707 = DIRECTION ( 'NONE',  ( 0.000000000000000000, -0.000000000000000000, -1.000000000000000000 ) ) ;
#708 = DIRECTION ( 'NONE',  ( 1.000000000000000000, 0.000000000000000000, 0.000000000000000000 ) ) ;
#709 = ORIENTED_EDGE ( 'NONE', *, *, #108, .F. ) ;
#710 = CARTESIAN_POINT ( 'NONE',  ( 1.108266234803484407, 0.1839662820476147265, -0.1749999999999999889 ) ) ;
#711 = ADVANCED_FACE ( 'NONE', ( #345 ), #1253, .T. ) ;
#712 = LINE ( 'NONE', #173, #1143 ) ;
#713 = ORIENTED_EDGE ( 'NONE', *, *, #1179, .F. ) ;
#714 = FACE_OUTER_BOUND ( 'NONE', #928, .T. ) ;
#715 = DIRECTION ( 'NONE',  ( 0.000000000000000000, 0.000000000000000000, 1.000000000000000000 ) ) ;
#716 = DIRECTION ( 'NONE',  ( -0.000000000000000000, -0.000000000000000000, -1.000000000000000000 ) ) ;
#717 = AXIS2_PLACEMENT_3D ( 'NONE', #819, #438, #43 ) ;
#718 = CIRCLE ( 'NONE', #1639, 0.05896628204761467790 ) ;
#719 = CYLINDRICAL_SURFACE ( 'NONE', #153, 0.1839662820476145599 ) ;
#720 = DIRECTION ( 'NONE',  ( -0.000000000000000000, 1.000000000000000000, -0.000000000000000000 ) ) ;
#721 = EDGE_CURVE ( 'NONE', #685, #1224, #401, .T. ) ;
#722 = ORIENTED_EDGE ( 'NONE', *, *, #278, .F. ) ;
#723 = SURFACE_STYLE_FILL_AREA ( #80 ) ;
#724 = LINE ( 'NONE', #956, #725 ) ;
#725 = VECTOR ( 'NONE', #1222, 1000.000000000000000 ) ;
#726 = VECTOR ( 'NONE', #782, 1000.000000000000000 ) ;
#727 = ORIENTED_EDGE ( 'NONE', *, *, #515, .F. ) ;
#728 = EDGE_CURVE ( 'NONE', #376, #1349, #1492, .T. ) ;
#729 = DIRECTION ( 'NONE',  ( -0.000000000000000000, -0.000000000000000000, -1.000000000000000000 ) ) ;
#730 = LINE ( 'NONE', #597, #326 ) ;
#731 = ORIENTED_EDGE ( 'NONE', *, *, #1418, .T. ) ;
#732 = EDGE_CURVE ( 'NONE', #1491, #1623, #1355, .T. ) ;
#733 = LINE ( 'NONE', #1447, #206 ) ;
#734 = UNCERTAINTY_MEASURE_WITH_UNIT (LENGTH_MEASURE( 1.000000000000000082E-05 ), #1440, 'distance_accuracy_value', 'NONE');
#735 = ORIENTED_EDGE ( 'NONE', *, *, #1530, .F. ) ;
#736 = DIRECTION ( 'NONE',  ( 9.166068039340953870E-17, 0.000000000000000000, 1.000000000000000000 ) ) ;
#737 = DIRECTION ( 'NONE',  ( -1.000000000000000000, -0.000000000000000000, -0.000000000000000000 ) ) ;
#738 = VERTEX_POINT ( 'NONE', #1235 ) ;
#739 = CARTESIAN_POINT ( 'NONE',  ( -1.108266234803484407, 0.000000000000000000, 0.1749999999999999889 ) ) ;
#740 = CARTESIAN_POINT ( 'NONE',  ( -1.108266234803484407, 0.000000000000000000, -0.1749999999999999889 ) ) ;
#741 = EDGE_CURVE ( 'NONE', #984, #1194, #486, .T. ) ;
#742 = VERTEX_POINT ( 'NONE', #1243 ) ;
#743 = AXIS2_PLACEMENT_3D ( 'NONE', #710, #1207, #579 ) ;
#744 = DIRECTION ( 'NONE',  ( -0.000000000000000000, 0.000000000000000000, -1.000000000000000000 ) ) ;
#745 = CARTESIAN_POINT ( 'NONE',  ( -1.092734642111862220, 0.6910337179523767803, 0.1749999999999999889 ) ) ;
#746 = ORIENTED_EDGE ( 'NONE', *, *, #1061, .T. ) ;
#747 = CARTESIAN_POINT ( 'NONE',  ( -1.108266234803484407, 0.1839662820476147265, 0.1749999999999999889 ) ) ;
#748 = PRODUCT ( 'BAT42WSH', 'BAT42WSH', '', ( #1463 ) ) ;
#749 = CARTESIAN_POINT ( 'NONE',  ( 0.8500000000000001998, 0.7499999999999914513, 0.1749999999999999889 ) ) ;
#750 = VERTEX_POINT ( 'NONE', #1547 ) ;
#751 = VECTOR ( 'NONE', #885, 1000.000000000000000 ) ;
#752 = ADVANCED_FACE ( 'NONE', ( #659 ), #909, .F. ) ;
#753 = PLANE ( 'NONE',  #316 ) ;
#754 = STYLED_ITEM ( 'NONE', ( #329 ), #644 ) ;
#755 = ADVANCED_FACE ( 'NONE', ( #275 ), #416, .F. ) ;
#756 = CARTESIAN_POINT ( 'NONE',  ( -1.108266234803484407, 0.1250000000000000000, -0.1749999999999999889 ) ) ;
#757 = VECTOR ( 'NONE', #590, 1000.000000000000000 ) ;
#758 = ORIENTED_EDGE ( 'NONE', *, *, #301, .T. ) ;
#759 = DIRECTION ( 'NONE',  ( -1.000000000000000000, 0.000000000000000000, 0.000000000000000000 ) ) ;
#760 = FACE_OUTER_BOUND ( 'NONE', #1147, .T. ) ;
#761 = ORIENTED_EDGE ( 'NONE', *, *, #773, .T. ) ;
#762 = FACE_OUTER_BOUND ( 'NONE', #1437, .T. ) ;
#763 = DIRECTION ( 'NONE',  ( 0.000000000000000000, 1.000000000000000000, 0.000000000000000000 ) ) ;
#764 = EDGE_CURVE ( 'NONE', #820, #1270, #45, .T. ) ;
#765 = EDGE_LOOP ( 'NONE', ( #892, #709, #14, #623 ) ) ;
#766 = PRESENTATION_STYLE_ASSIGNMENT (( #233 ) ) ;
#767 = DIRECTION ( 'NONE',  ( -0.000000000000000000, -0.000000000000000000, -1.000000000000000000 ) ) ;
#768 = ORIENTED_EDGE ( 'NONE', *, *, #1179, .T. ) ;
#769 = DIRECTION ( 'NONE',  ( 1.000000000000000000, 0.000000000000000000, 0.000000000000000000 ) ) ;
#770 = AXIS2_PLACEMENT_3D ( 'NONE', #1135, #505, #887 ) ;
#771 = EDGE_LOOP ( 'NONE', ( #53, #1289, #1020, #1227 ) ) ;
#772 = LINE ( 'NONE', #789, #882 ) ;
#773 = EDGE_CURVE ( 'NONE', #1113, #1598, #1153, .T. ) ;
#774 = ORIENTED_EDGE ( 'NONE', *, *, #1584, .T. ) ;
#775 = CARTESIAN_POINT ( 'NONE',  ( -0.9675102576062640791, 0.6858944678434488740, -0.1749999999999999889 ) ) ;
#776 = ORIENTED_EDGE ( 'NONE', *, *, #563, .T. ) ;
#777 = EDGE_CURVE ( 'NONE', #38, #1495, #772, .T. ) ;
#778 = DIRECTION ( 'NONE',  ( -0.000000000000000000, -0.000000000000000000, -1.000000000000000000 ) ) ;
#779 = AXIS2_PLACEMENT_3D ( 'NONE', #130, #1139, #1019 ) ;
#780 = ORIENTED_EDGE ( 'NONE', *, *, #728, .T. ) ;
#781 = VECTOR ( 'NONE', #1628, 1000.000000000000000 ) ;
#782 = DIRECTION ( 'NONE',  ( -1.000000000000000000, -1.441280548884671299E-15, -0.000000000000000000 ) ) ;
#783 = EDGE_LOOP ( 'NONE', ( #1210, #1096, #220, #320 ) ) ;
#784 = CARTESIAN_POINT ( 'NONE',  ( -0.6500000000000001332, 1.100000000000000089, -0.5914216258444109364 ) ) ;
#785 = ADVANCED_FACE ( 'NONE', ( #1397 ), #1048, .F. ) ;
#786 = DIRECTION ( 'NONE',  ( -1.000000000000000000, 1.734723475976807094E-15, 0.000000000000000000 ) ) ;
#787 =( LENGTH_UNIT ( ) NAMED_UNIT ( * ) SI_UNIT ( .MILLI., .METRE. ) );
#788 = ORIENTED_EDGE ( 'NONE', *, *, #1051, .T. ) ;
#789 = CARTESIAN_POINT ( 'NONE',  ( -0.8335434378015760259, 0.8749999999999914513, -0.1749999999999999889 ) ) ;
#790 = ORIENTED_EDGE ( 'NONE', *, *, #1372, .F. ) ;
#791 = PLANE ( 'NONE',  #58 ) ;
#792 = FACE_OUTER_BOUND ( 'NONE', #1316, .T. ) ;
#793 = EDGE_CURVE ( 'NONE', #662, #82, #668, .T. ) ;
#794 = CARTESIAN_POINT ( 'NONE',  ( 1.049299952755869736, 0.1839662820476147265, 0.1749999999999999889 ) ) ;
#795 = ORIENTED_EDGE ( 'NONE', *, *, #1150, .T. ) ;
#796 = DIRECTION ( 'NONE',  ( 0.000000000000000000, 0.000000000000000000, -1.000000000000000000 ) ) ;
#797 = VECTOR ( 'NONE', #1302, 1000.000000000000000 ) ;
#798 = VERTEX_POINT ( 'NONE', #652 ) ;
#799 = FACE_OUTER_BOUND ( 'NONE', #1185, .T. ) ;
#800 = DIRECTION ( 'NONE',  ( 0.000000000000000000, -1.000000000000000000, 0.000000000000000000 ) ) ;
#801 = LINE ( 'NONE', #889, #164 ) ;
#802 = ADVANCED_FACE ( 'NONE', ( #1423 ), #291, .F. ) ;
#803 = ORIENTED_EDGE ( 'NONE', *, *, #1398, .F. ) ;
#804 = DIRECTION ( 'NONE',  ( 0.9961946980917454342, 0.08715574274765931773, -0.000000000000000000 ) ) ;
#805 = AXIS2_PLACEMENT_3D ( 'NONE', #285, #912, #1409 ) ;
#806 = ORIENTED_EDGE ( 'NONE', *, *, #382, .T. ) ;
#807 = CYLINDRICAL_SURFACE ( 'NONE', #1402, 0.1839662820476146710 ) ;
#808 = CIRCLE ( 'NONE', #1118, 0.1839662820476145599 ) ;
#809 = SURFACE_STYLE_USAGE ( .BOTH. , #279 ) ;
#810 = ORIENTED_EDGE ( 'NONE', *, *, #331, .F. ) ;
#811 = CARTESIAN_POINT ( 'NONE',  ( 0.9250000000000000444, 0.2000000000000000111, 0.1749999999999999889 ) ) ;
#812 = ORIENTED_EDGE ( 'NONE', *, *, #1502, .T. ) ;
#813 = DIRECTION ( 'NONE',  ( -0.000000000000000000, -0.000000000000000000, -1.000000000000000000 ) ) ;
#814 = ADVANCED_FACE ( 'NONE', ( #385 ), #19, .F. ) ;
#815 = ORIENTED_EDGE ( 'NONE', *, *, #863, .F. ) ;
#816 =( LENGTH_UNIT ( ) NAMED_UNIT ( * ) SI_UNIT ( .MILLI., .METRE. ) );
#817 = FILL_AREA_STYLE_COLOUR ( '', #1365 ) ;
#818 = LINE ( 'NONE', #1310, #1581 ) ;
#819 = CARTESIAN_POINT ( 'NONE',  ( -1.108266234803484407, 0.000000000000000000, 0.1749999999999999889 ) ) ;
#820 = VERTEX_POINT ( 'NONE', #1523 ) ;
#821 = DIRECTION ( 'NONE',  ( 0.9961946980917454342, -0.08715574274765951202, 0.000000000000000000 ) ) ;
#822 = ORIENTED_EDGE ( 'NONE', *, *, #1424, .T. ) ;
#823 = EDGE_CURVE ( 'NONE', #82, #581, #532, .T. ) ;
#824 = VECTOR ( 'NONE', #281, 1000.000000000000114 ) ;
#825 = CARTESIAN_POINT ( 'NONE',  ( -0.6500000000000001332, 1.000000000000000000, 0.5914216258444118246 ) ) ;
#826 = CLOSED_SHELL ( 'NONE', ( #1044, #1296, #355, #140, #943, #1122 ) ) ;
#827 = EDGE_CURVE ( 'NONE', #166, #1519, #399, .T. ) ;
#828 = DIRECTION ( 'NONE',  ( 0.000000000000000000, 0.000000000000000000, 1.000000000000000000 ) ) ;
#829 = DIRECTION ( 'NONE',  ( 1.000000000000000000, 0.000000000000000000, 0.000000000000000000 ) ) ;
#830 = CARTESIAN_POINT ( 'NONE',  ( -0.6500000000000001332, 1.000000000000000000, -0.5914216258444109364 ) ) ;
#831 = VERTEX_POINT ( 'NONE', #642 ) ;
#832 = AXIS2_PLACEMENT_3D ( 'NONE', #1622, #1638, #105 ) ;
#833 =( NAMED_UNIT ( * ) SI_UNIT ( $, .STERADIAN. ) SOLID_ANGLE_UNIT ( ) );
#834 = VECTOR ( 'NONE', #1362, 1000.000000000000000 ) ;
#835 = CARTESIAN_POINT ( 'NONE',  ( -1.049524337261467988, 0.1891055321565426051, 0.1749999999999999889 ) ) ;
#836 = CIRCLE ( 'NONE', #1223, 0.1839662820476146710 ) ;
#837 = EDGE_CURVE ( 'NONE', #1491, #591, #679, .T. ) ;
#838 = PLANE ( 'NONE',  #1449 ) ;
#839 = DIRECTION ( 'NONE',  ( 1.000000000000000000, 0.000000000000000000, 0.000000000000000000 ) ) ;
#840 = VERTEX_POINT ( 'NONE', #1539 ) ;
#841 = DIRECTION ( 'NONE',  ( -0.000000000000000000, 1.000000000000000000, -0.000000000000000000 ) ) ;
#842 = EDGE_CURVE ( 'NONE', #1047, #658, #916, .T. ) ;
#843 = FACE_OUTER_BOUND ( 'NONE', #1145, .T. ) ;
#844 = DIRECTION ( 'NONE',  ( -0.000000000000000000, -0.000000000000000000, -1.000000000000000000 ) ) ;
#845 = ORIENTED_EDGE ( 'NONE', *, *, #247, .F. ) ;
#846 = CARTESIAN_POINT ( 'NONE',  ( -1.250000000000000000, -3.487591202835241256E-18, -0.1749999999999999889 ) ) ;
#847 = CARTESIAN_POINT ( 'NONE',  ( 0.7931323687081490714, 0.1000000000000000472, 0.5806323687081494933 ) ) ;
#848 = AXIS2_PLACEMENT_3D ( 'NONE', #421, #1410, #1561 ) ;
#849 = VECTOR ( 'NONE', #202, 1000.000000000000000 ) ;
#850 = EDGE_LOOP ( 'NONE', ( #788, #1488, #159, #899 ) ) ;
#851 = LINE ( 'NONE', #483, #1636 ) ;
#852 = DIRECTION ( 'NONE',  ( 0.000000000000000000, 1.000000000000000000, 0.000000000000000000 ) ) ;
#853 = EDGE_CURVE ( 'NONE', #376, #145, #1413, .T. ) ;
#854 = ORIENTED_EDGE ( 'NONE', *, *, #1160, .T. ) ;
#855 = DIRECTION ( 'NONE',  ( -1.000000000000000000, 0.000000000000000000, 0.000000000000000000 ) ) ;
#856 = CARTESIAN_POINT ( 'NONE',  ( 1.250000000000000000, -3.487591202835241256E-18, 0.1749999999999999889 ) ) ;
#857 = AXIS2_PLACEMENT_3D ( 'NONE', #21, #542, #1164 ) ;
#858 = VECTOR ( 'NONE', #869, 1000.000000000000000 ) ;
#859 = ORIENTED_EDGE ( 'NONE', *, *, #571, .F. ) ;
#860 = DIRECTION ( 'NONE',  ( -0.08682659386424432246, -0.9924325091389676334, 0.08682659386424432246 ) ) ;
#861 = LINE ( 'NONE', #992, #243 ) ;
#862 = VERTEX_POINT ( 'NONE', #392 ) ;
#863 = EDGE_CURVE ( 'NONE', #1107, #1252, #283, .T. ) ;
#864 = FACE_OUTER_BOUND ( 'NONE', #607, .T. ) ;
#865 = ORIENTED_EDGE ( 'NONE', *, *, #1111, .T. ) ;
#866 = DIRECTION ( 'NONE',  ( -0.000000000000000000, -0.000000000000000000, -1.000000000000000000 ) ) ;
#867 = DIRECTION ( 'NONE',  ( -0.000000000000000000, -0.000000000000000000, -1.000000000000000000 ) ) ;
#868 = ORIENTED_EDGE ( 'NONE', *, *, #1091, .F. ) ;
#869 = DIRECTION ( 'NONE',  ( 1.000000000000000000, 0.000000000000000000, 0.000000000000000000 ) ) ;
#870 = PLANE ( 'NONE',  #1562 ) ;
#871 = VERTEX_POINT ( 'NONE', #900 ) ;
#872 = AXIS2_PLACEMENT_3D ( 'NONE', #221, #1239, #736 ) ;
#873 = CARTESIAN_POINT ( 'NONE',  ( -0.9087683600642478821, 0.8749999999999915623, -0.1749999999999999889 ) ) ;
#874 = VECTOR ( 'NONE', #1092, 1000.000000000000000 ) ;
#875 = LINE ( 'NONE', #350, #405 ) ;
#876 = ORIENTED_EDGE ( 'NONE', *, *, #635, .T. ) ;
#877 = LINE ( 'NONE', #250, #858 ) ;
#878 = CARTESIAN_POINT ( 'NONE',  ( 7.406151477279768115E-17, 0.1000000000000000472, 0.5806323687081496043 ) ) ;
#879 = ORIENTED_EDGE ( 'NONE', *, *, #1465, .T. ) ;
#880 = DIRECTION ( 'NONE',  ( 0.000000000000000000, 0.000000000000000000, -1.000000000000000000 ) ) ;
#881 = EDGE_CURVE ( 'NONE', #862, #1313, #158, .T. ) ;
#882 = VECTOR ( 'NONE', #1516, 1000.000000000000000 ) ;
#883 = FACE_OUTER_BOUND ( 'NONE', #169, .T. ) ;
#884 = ORIENTED_EDGE ( 'NONE', *, *, #1637, .F. ) ;
#885 = DIRECTION ( 'NONE',  ( 1.000000000000000000, 2.460663623801749185E-17, -0.000000000000000000 ) ) ;
#886 = ORIENTED_EDGE ( 'NONE', *, *, #371, .T. ) ;
#887 = DIRECTION ( 'NONE',  ( -1.000000000000000000, 0.000000000000000000, 0.000000000000000000 ) ) ;
#888 = ADVANCED_FACE ( 'NONE', ( #1436 ), #52, .F. ) ;
#889 = CARTESIAN_POINT ( 'NONE',  ( 0.8500000000000001998, 0.7499999999999914513, -0.1749999999999999889 ) ) ;
#890 = ORIENTED_EDGE ( 'NONE', *, *, #1255, .F. ) ;
#891 = CARTESIAN_POINT ( 'NONE',  ( -0.8335434378015760259, 0.8749999999999914513, 0.1749999999999999889 ) ) ;
#892 = ORIENTED_EDGE ( 'NONE', *, *, #1629, .T. ) ;
#893 = CARTESIAN_POINT ( 'NONE',  ( -1.108266234803484407, 0.1249999999999998335, 0.1749999999999999889 ) ) ;
#894 = ADVANCED_FACE ( 'NONE', ( #303 ), #1444, .T. ) ;
#895 = UNCERTAINTY_MEASURE_WITH_UNIT (LENGTH_MEASURE( 1.000000000000000082E-05 ), #787, 'distance_accuracy_value', 'NONE');
#896 = EDGE_LOOP ( 'NONE', ( #223, #1176, #174, #886 ) ) ;
#897 =( GEOMETRIC_REPRESENTATION_CONTEXT ( 3 ) GLOBAL_UNCERTAINTY_ASSIGNED_CONTEXT ( ( #895 ) ) GLOBAL_UNIT_ASSIGNED_CONTEXT ( ( #787, #264, #1159 ) ) REPRESENTATION_CONTEXT ( 'NONE', 'WORKASPACE' ) );
#898 = FILL_AREA_STYLE ('',( #1411 ) ) ;
#899 = ORIENTED_EDGE ( 'NONE', *, *, #598, .T. ) ;
#900 = CARTESIAN_POINT ( 'NONE',  ( -1.092734642111862220, 0.6910337179523767803, 0.1749999999999999889 ) ) ;
#901 = EDGE_CURVE ( 'NONE', #1252, #750, #1306, .T. ) ;
#902 = ORIENTED_EDGE ( 'NONE', *, *, #1051, .F. ) ;
#903 = CARTESIAN_POINT ( 'NONE',  ( 0.000000000000000000, 1.100000000000000089, 0.000000000000000000 ) ) ;
#904 = CARTESIAN_POINT ( 'NONE',  ( 1.250000000000000000, -3.487591202835241256E-18, 0.1749999999999999889 ) ) ;
#905 = VECTOR ( 'NONE', #466, 1000.000000000000000 ) ;
#906 = LINE ( 'NONE', #24, #824 ) ;
#907 = ORIENTED_EDGE ( 'NONE', *, *, #237, .F. ) ;
#908 = AXIS2_PLACEMENT_3D ( 'NONE', #1450, #821, #1557 ) ;
#909 = PLANE ( 'NONE',  #241 ) ;
#910 = ORIENTED_EDGE ( 'NONE', *, *, #653, .F. ) ;
#911 = EDGE_CURVE ( 'NONE', #595, #1598, #712, .T. ) ;
#912 = DIRECTION ( 'NONE',  ( 0.000000000000000000, 0.000000000000000000, 1.000000000000000000 ) ) ;
#913 = CARTESIAN_POINT ( 'NONE',  ( 0.7931323687081490714, 0.1000000000000000472, -0.5806323687081488272 ) ) ;
#914 = LINE ( 'NONE', #273, #33 ) ;
#915 = ORIENTED_EDGE ( 'NONE', *, *, #1170, .T. ) ;
#916 = LINE ( 'NONE', #891, #670 ) ;
#917 = PRODUCT_DEFINITION_SHAPE ( 'NONE', 'NONE',  #225 ) ;
#918 = ORIENTED_EDGE ( 'NONE', *, *, #1563, .F. ) ;
#919 = LINE ( 'NONE', #681, #1508 ) ;
#920 = CARTESIAN_POINT ( 'NONE',  ( 0.8499999999999997558, 0.7500000000000256462, 0.6375000000000001776 ) ) ;
#921 = EDGE_CURVE ( 'NONE', #1300, #1480, #555, .T. ) ;
#922 = ORIENTED_EDGE ( 'NONE', *, *, #48, .T. ) ;
#923 = ADVANCED_FACE ( 'NONE', ( #1321 ), #1216, .F. ) ;
#924 = CARTESIAN_POINT ( 'NONE',  ( -0.5250000000000000222, 1.100000000000000089, 0.5914216258444118246 ) ) ;
#925 = ORIENTED_EDGE ( 'NONE', *, *, #853, .T. ) ;
#926 = DIRECTION ( 'NONE',  ( -1.000000000000000000, 0.000000000000000000, 0.000000000000000000 ) ) ;
#927 = VECTOR ( 'NONE', #1368, 1000.000000000000000 ) ;
#928 = EDGE_LOOP ( 'NONE', ( #210, #1167, #574, #1259 ) ) ;
#929 = DIRECTION ( 'NONE',  ( -0.000000000000000000, -0.000000000000000000, -1.000000000000000000 ) ) ;
#930 = DIRECTION ( 'NONE',  ( -1.441280548884671496E-15, -1.000000000000000000, 0.000000000000000000 ) ) ;
#931 = CARTESIAN_POINT ( 'NONE',  ( 1.108266234803484407, 0.000000000000000000, -0.1749999999999999889 ) ) ;
#932 = EDGE_CURVE ( 'NONE', #1163, #1107, #1589, .T. ) ;
#933 = LINE ( 'NONE', #338, #367 ) ;
#934 = VERTEX_POINT ( 'NONE', #87 ) ;
#935 = DIRECTION ( 'NONE',  ( 1.000000000000000000, 1.734723475976807094E-15, -0.000000000000000000 ) ) ;
#936 = CIRCLE ( 'NONE', #1244, 0.05896628204761467790 ) ;
#937 = AXIS2_PLACEMENT_3D ( 'NONE', #456, #935, #1567 ) ;
#938 = ORIENTED_EDGE ( 'NONE', *, *, #252, .T. ) ;
#939 = LINE ( 'NONE', #784, #1065 ) ;
#940 = CARTESIAN_POINT ( 'NONE',  ( 1.108266234803484407, 0.000000000000000000, -0.1749999999999999889 ) ) ;
#941 = CARTESIAN_POINT ( 'NONE',  ( -0.8500000000000001998, 0.7499999999999914513, -0.1749999999999999889 ) ) ;
#942 = CARTESIAN_POINT ( 'NONE',  ( -0.5250000000000001332, 1.000000000000000000, -0.5914216258444109364 ) ) ;
#943 = ADVANCED_FACE ( 'NONE', ( #327 ), #190, .F. ) ;
#944 = EDGE_LOOP ( 'NONE', ( #500, #423, #1262, #1007 ) ) ;
#945 = CARTESIAN_POINT ( 'NONE',  ( -0.9087683600642478821, 0.6910337179523767803, -0.1749999999999999889 ) ) ;
#946 = ORIENTED_EDGE ( 'NONE', *, *, #247, .T. ) ;
#947 = LINE ( 'NONE', #856, #155 ) ;
#948 = EDGE_CURVE ( 'NONE', #1224, #1054, #1486, .T. ) ;
#949 = PRODUCT_DEFINITION_CONTEXT ( 'detailed design', #306, 'design' ) ;
#950 = DIRECTION ( 'NONE',  ( 0.000000000000000000, 0.000000000000000000, 1.000000000000000000 ) ) ;
#951 = DIRECTION ( 'NONE',  ( -0.000000000000000000, -0.000000000000000000, -1.000000000000000000 ) ) ;
#952 = ORIENTED_EDGE ( 'NONE', *, *, #954, .F. ) ;
#953 = DIRECTION ( 'NONE',  ( 1.000000000000000000, 0.000000000000000000, 0.000000000000000000 ) ) ;
#954 = EDGE_CURVE ( 'NONE', #581, #591, #1202, .T. ) ;
#955 = AXIS2_PLACEMENT_3D ( 'NONE', #1278, #1192, #1060 ) ;
#956 = CARTESIAN_POINT ( 'NONE',  ( -0.9675102576062640791, 0.6858944678434488740, 0.1749999999999999889 ) ) ;
#957 = DIRECTION ( 'NONE',  ( 0.000000000000000000, 0.000000000000000000, 1.000000000000000000 ) ) ;
#958 = DIRECTION ( 'NONE',  ( 0.000000000000000000, 0.000000000000000000, 1.000000000000000000 ) ) ;
#959 = ORIENTED_EDGE ( 'NONE', *, *, #534, .F. ) ;
#960 = AXIS2_PLACEMENT_3D ( 'NONE', #270, #663, #1532 ) ;
#961 = DIRECTION ( 'NONE',  ( 1.000000000000000000, -0.000000000000000000, -0.000000000000000000 ) ) ;
#962 = VECTOR ( 'NONE', #354, 1000.000000000000000 ) ;
#963 = ADVANCED_FACE ( 'NONE', ( #1055 ), #1573, .F. ) ;
#964 = DIRECTION ( 'NONE',  ( -9.166068039340953870E-17, 0.000000000000000000, -1.000000000000000000 ) ) ;
#965 = VECTOR ( 'NONE', #639, 1000.000000000000000 ) ;
#966 = LINE ( 'NONE', #1175, #129 ) ;
#967 = DIRECTION ( 'NONE',  ( 1.734723475976807094E-15, -1.000000000000000000, -0.000000000000000000 ) ) ;
#968 = EDGE_CURVE ( 'NONE', #1343, #1178, #1536, .T. ) ;
#969 = EDGE_LOOP ( 'NONE', ( #274, #391, #859, #731 ) ) ;
#970 = DIRECTION ( 'NONE',  ( 0.000000000000000000, -1.000000000000000000, 0.000000000000000000 ) ) ;
#971 = FACE_OUTER_BOUND ( 'NONE', #1515, .T. ) ;
#972 = ORIENTED_EDGE ( 'NONE', *, *, #1333, .T. ) ;
#973 = DIRECTION ( 'NONE',  ( 0.000000000000000000, 0.000000000000000000, 1.000000000000000000 ) ) ;
#974 = EDGE_CURVE ( 'NONE', #521, #125, #1580, .T. ) ;
#975 = CARTESIAN_POINT ( 'NONE',  ( -0.6500000000000001332, 1.000000000000000000, -0.5914216258444109364 ) ) ;
#976 = ORIENTED_EDGE ( 'NONE', *, *, #982, .T. ) ;
#977 = PLANE ( 'NONE',  #1588 ) ;
#978 =( NAMED_UNIT ( * ) SI_UNIT ( $, .STERADIAN. ) SOLID_ANGLE_UNIT ( ) );
#979 = LINE ( 'NONE', #1479, #696 ) ;
#980 = ORIENTED_EDGE ( 'NONE', *, *, #881, .T. ) ;
#981 = PLANE ( 'NONE',  #1236 ) ;
#982 = EDGE_CURVE ( 'NONE', #386, #1519, #62, .T. ) ;
#983 = LINE ( 'NONE', #975, #1298 ) ;
#984 = VERTEX_POINT ( 'NONE', #1334 ) ;
#985 = FACE_OUTER_BOUND ( 'NONE', #765, .T. ) ;
#986 = VECTOR ( 'NONE', #170, 1000.000000000000000 ) ;
#987 = LINE ( 'NONE', #1125, #1088 ) ;
#988 = AXIS2_PLACEMENT_3D ( 'NONE', #1116, #1364, #234 ) ;
#989 = VECTOR ( 'NONE', #1177, 1000.000000000000000 ) ;
#990 = VERTEX_POINT ( 'NONE', #830 ) ;
#991 = DIRECTION ( 'NONE',  ( -0.000000000000000000, -0.000000000000000000, -1.000000000000000000 ) ) ;
#992 = CARTESIAN_POINT ( 'NONE',  ( -0.7931323687081495155, 0.1000000000000000472, -0.000000000000000000 ) ) ;
#993 = EDGE_LOOP ( 'NONE', ( #1074, #249, #1354, #334, #9, #260, #410, #181, #143, #1614, #1601, #44, #485, #776 ) ) ;
#994 = EDGE_CURVE ( 'NONE', #742, #166, #808, .T. ) ;
#995 = CARTESIAN_POINT ( 'NONE',  ( -0.8500000000000001998, 0.7499999999999914513, 0.1749999999999999889 ) ) ;
#996 = ORIENTED_EDGE ( 'NONE', *, *, #156, .T. ) ;
#997 = LINE ( 'NONE', #85, #230 ) ;
#998 = DIRECTION ( 'NONE',  ( -1.000000000000000000, 0.000000000000000000, 9.166068039340953870E-17 ) ) ;
#999 = ORIENTED_EDGE ( 'NONE', *, *, #563, .F. ) ;
#1000 = CARTESIAN_POINT ( 'NONE',  ( 1.108266234803484407, 0.1250000000000000000, 0.1749999999999999889 ) ) ;
#1001 = EDGE_CURVE ( 'NONE', #125, #63, #836, .T. ) ;
#1002 = LINE ( 'NONE', #379, #30 ) ;
#1003 = VERTEX_POINT ( 'NONE', #1328 ) ;
#1004 = AXIS2_PLACEMENT_3D ( 'NONE', #1264, #1190, #1181 ) ;
#1005 = DIRECTION ( 'NONE',  ( 0.000000000000000000, 0.000000000000000000, 1.000000000000000000 ) ) ;
#1006 = FACE_OUTER_BOUND ( 'NONE', #783, .T. ) ;
#1007 = ORIENTED_EDGE ( 'NONE', *, *, #1099, .T. ) ;
#1008 = DIRECTION ( 'NONE',  ( 0.9961946980917458783, 0.08715574274765487683, -0.000000000000000000 ) ) ;
#1009 = EDGE_CURVE ( 'NONE', #337, #581, #204, .T. ) ;
#1010 = EDGE_LOOP ( 'NONE', ( #1291, #1154, #106, #1468 ) ) ;
#1011 = CIRCLE ( 'NONE', #428, 0.05896628204761478892 ) ;
#1012 = FACE_OUTER_BOUND ( 'NONE', #547, .T. ) ;
#1013 = AXIS2_PLACEMENT_3D ( 'NONE', #1266, #136, #526 ) ;
#1014 = DIRECTION ( 'NONE',  ( -1.000000000000000000, 0.000000000000000000, 0.000000000000000000 ) ) ;
#1015 = VERTEX_POINT ( 'NONE', #109 ) ;
#1016 = DIRECTION ( 'NONE',  ( -0.000000000000000000, -0.000000000000000000, -1.000000000000000000 ) ) ;
#1017 = EDGE_CURVE ( 'NONE', #216, #662, #1460, .T. ) ;
#1018 = ORIENTED_EDGE ( 'NONE', *, *, #1520, .F. ) ;
#1019 = DIRECTION ( 'NONE',  ( 1.000000000000000000, 0.000000000000000000, 0.000000000000000000 ) ) ;
#1020 = ORIENTED_EDGE ( 'NONE', *, *, #1111, .F. ) ;
#1021 = EDGE_CURVE ( 'NONE', #519, #1270, #1251, .T. ) ;
#1022 = DIRECTION ( 'NONE',  ( -0.000000000000000000, -0.000000000000000000, -1.000000000000000000 ) ) ;
#1023 = ORIENTED_EDGE ( 'NONE', *, *, #1240, .F. ) ;
#1024 = CARTESIAN_POINT ( 'NONE',  ( 0.8499999999999997558, 1.100000000000000089, 0.5914216258444116026 ) ) ;
#1025 = EDGE_LOOP ( 'NONE', ( #1546, #436, #425, #478 ) ) ;
#1026 = DIRECTION ( 'NONE',  ( 1.000000000000000000, 0.000000000000000000, -1.275531967630005245E-16 ) ) ;
#1027 = FILL_AREA_STYLE ('',( #537 ) ) ;
#1028 = CARTESIAN_POINT ( 'NONE',  ( 0.7940143159361113812, 1.175253489982013066, -0.5815143159361111369 ) ) ;
#1029 = AXIS2_PLACEMENT_3D ( 'NONE', #23, #1543, #1285 ) ;
#1030 = ADVANCED_FACE ( 'NONE', ( #615 ), #1617, .F. ) ;
#1031 = ORIENTED_EDGE ( 'NONE', *, *, #1342, .F. ) ;
#1032 = CARTESIAN_POINT ( 'NONE',  ( 0.8335434378015760259, 0.8749999999999914513, -0.1749999999999999889 ) ) ;
#1033 = ORIENTED_EDGE ( 'NONE', *, *, #1574, .F. ) ;
#1034 = DIRECTION ( 'NONE',  ( 9.166068039340953870E-17, 0.000000000000000000, 1.000000000000000000 ) ) ;
#1035 = AXIS2_PLACEMENT_3D ( 'NONE', #609, #487, #1509 ) ;
#1036 = SURFACE_STYLE_USAGE ( .BOTH. , #665 ) ;
#1037 = MECHANICAL_DESIGN_GEOMETRIC_PRESENTATION_REPRESENTATION (  '', ( #754 ), #1221 ) ;
#1038 = ORIENTED_EDGE ( 'NONE', *, *, #503, .T. ) ;
#1039 = VECTOR ( 'NONE', #1102, 1000.000000000000000 ) ;
#1040 = CARTESIAN_POINT ( 'NONE',  ( -1.250000000000000000, -3.487591202835241256E-18, 0.1749999999999999889 ) ) ;
#1041 = EDGE_CURVE ( 'NONE', #871, #798, #1121, .T. ) ;
#1042 = ORIENTED_EDGE ( 'NONE', *, *, #288, .T. ) ;
#1043 = CARTESIAN_POINT ( 'NONE',  ( 0.9087683600642478821, 0.7499999999999914513, -0.1749999999999999889 ) ) ;
#1044 = ADVANCED_FACE ( 'NONE', ( #1006 ), #464, .T. ) ;
#1045 =( LENGTH_UNIT ( ) NAMED_UNIT ( * ) SI_UNIT ( .MILLI., .METRE. ) );
#1046 = CARTESIAN_POINT ( 'NONE',  ( -0.8500000000000001998, 1.100000000000000089, -0.5914216258444109364 ) ) ;
#1047 = VERTEX_POINT ( 'NONE', #1360 ) ;
#1048 = CYLINDRICAL_SURFACE ( 'NONE', #1375, 0.05896628204761478892 ) ;
#1049 = ORIENTED_EDGE ( 'NONE', *, *, #1520, .T. ) ;
#1050 = CARTESIAN_POINT ( 'NONE',  ( -0.9087683600642478821, 0.6910337179523767803, 0.1749999999999999889 ) ) ;
#1051 = EDGE_CURVE ( 'NONE', #151, #293, #342, .T. ) ;
#1052 = PLANE ( 'NONE',  #630 ) ;
#1053 = CARTESIAN_POINT ( 'NONE',  ( 0.9675102576062640791, 0.6858944678434488740, 0.1749999999999999889 ) ) ;
#1054 = VERTEX_POINT ( 'NONE', #229 ) ;
#1055 = FACE_OUTER_BOUND ( 'NONE', #627, .T. ) ;
#1056 = CIRCLE ( 'NONE', #75, 0.05896628204761467790 ) ;
#1057 = VERTEX_POINT ( 'NONE', #1233 ) ;
#1058 = DIRECTION ( 'NONE',  ( 1.000000000000000000, 0.000000000000000000, 0.000000000000000000 ) ) ;
#1059 = DIRECTION ( 'NONE',  ( 0.000000000000000000, 0.000000000000000000, -1.000000000000000000 ) ) ;
#1060 = DIRECTION ( 'NONE',  ( -1.000000000000000000, 0.000000000000000000, 0.000000000000000000 ) ) ;
#1061 = EDGE_CURVE ( 'NONE', #990, #468, #1497, .T. ) ;
#1062 = CARTESIAN_POINT ( 'NONE',  ( -0.6500000000000001332, 1.000000000000000000, -0.5914216258444109364 ) ) ;
#1063 = ORIENTED_EDGE ( 'NONE', *, *, #205, .T. ) ;
#1064 = DIRECTION ( 'NONE',  ( 1.000000000000000000, 0.000000000000000000, 0.000000000000000000 ) ) ;
#1065 = VECTOR ( 'NONE', #1034, 1000.000000000000000 ) ;
#1066 = AXIS2_PLACEMENT_3D ( 'NONE', #1635, #369, #1485 ) ;
#1067 = VERTEX_POINT ( 'NONE', #1505 ) ;
#1068 = FACE_OUTER_BOUND ( 'NONE', #850, .T. ) ;
#1069 = CARTESIAN_POINT ( 'NONE',  ( 0.9087683600642478821, 0.6910337179523767803, -0.1749999999999999889 ) ) ;
#1070 = DIRECTION ( 'NONE',  ( -0.000000000000000000, -0.000000000000000000, -1.000000000000000000 ) ) ;
#1071 = CARTESIAN_POINT ( 'NONE',  ( 0.8499999999999997558, 0.7499999999999914513, 0.6375000000000001776 ) ) ;
#1072 = EDGE_CURVE ( 'NONE', #1313, #738, #1112, .T. ) ;
#1073 = DIRECTION ( 'NONE',  ( -1.000000000000000000, -0.000000000000000000, -0.000000000000000000 ) ) ;
#1074 = ORIENTED_EDGE ( 'NONE', *, *, #583, .T. ) ;
#1075 = DIRECTION ( 'NONE',  ( -9.166068039340953870E-17, -0.000000000000000000, -1.000000000000000000 ) ) ;
#1076 = DIRECTION ( 'NONE',  ( 0.000000000000000000, 0.000000000000000000, 1.000000000000000000 ) ) ;
#1077 = CARTESIAN_POINT ( 'NONE',  ( 1.092034594867731911, 0.6749999999999914957, 0.1749999999999999889 ) ) ;
#1078 = CARTESIAN_POINT ( 'NONE',  ( 1.108266234803484407, 0.1839662820476147265, -0.1749999999999999889 ) ) ;
#1079 = EDGE_CURVE ( 'NONE', #1252, #1446, #95, .T. ) ;
#1080 = ORIENTED_EDGE ( 'NONE', *, *, #440, .T. ) ;
#1081 = VECTOR ( 'NONE', #1359, 1000.000000000000000 ) ;
#1082 = DIRECTION ( 'NONE',  ( -1.000000000000000000, -1.441280548884671299E-15, -0.000000000000000000 ) ) ;
#1083 = STYLED_ITEM ( 'NONE', ( #1213 ), #292 ) ;
#1084 = LINE ( 'NONE', #330, #1344 ) ;
#1085 = DIRECTION ( 'NONE',  ( -1.000000000000000000, 0.000000000000000000, -0.000000000000000000 ) ) ;
#1086 = CARTESIAN_POINT ( 'NONE',  ( -0.9087683600642478821, 0.6910337179523767803, 0.1749999999999999889 ) ) ;
#1087 = EDGE_LOOP ( 'NONE', ( #344, #1350, #687, #1388 ) ) ;
#1088 = VECTOR ( 'NONE', #1132, 1000.000000000000000 ) ;
#1089 = LINE ( 'NONE', #1602, #453 ) ;
#1090 = VECTOR ( 'NONE', #796, 1000.000000000000000 ) ;
#1091 = EDGE_CURVE ( 'NONE', #1480, #680, #875, .T. ) ;
#1092 = DIRECTION ( 'NONE',  ( 1.000000000000000000, 0.000000000000000000, 0.000000000000000000 ) ) ;
#1093 = ORIENTED_EDGE ( 'NONE', *, *, #666, .F. ) ;
#1094 = DIRECTION ( 'NONE',  ( 1.000000000000000000, 0.000000000000000000, 0.000000000000000000 ) ) ;
#1095 = CARTESIAN_POINT ( 'NONE',  ( -0.9675102576062640791, 0.6858944678434488740, -0.1749999999999999889 ) ) ;
#1096 = ORIENTED_EDGE ( 'NONE', *, *, #288, .F. ) ;
#1097 = FILL_AREA_STYLE_COLOUR ( '', #324 ) ;
#1098 = DIRECTION ( 'NONE',  ( 1.734723475976807094E-15, 1.000000000000000000, 0.000000000000000000 ) ) ;
#1099 = EDGE_CURVE ( 'NONE', #1015, #1343, #674, .T. ) ;
#1100 = VERTEX_POINT ( 'NONE', #1369 ) ;
#1101 = FACE_OUTER_BOUND ( 'NONE', #1025, .T. ) ;
#1102 = DIRECTION ( 'NONE',  ( -0.1294283079955604876, -0.9831056027603609637, -0.1294283079955604876 ) ) ;
#1103 = ORIENTED_EDGE ( 'NONE', *, *, #68, .T. ) ;
#1104 = DIRECTION ( 'NONE',  ( 1.000000000000000000, 0.000000000000000000, 0.000000000000000000 ) ) ;
#1105 = VECTOR ( 'NONE', #1466, 1000.000000000000000 ) ;
#1106 = LINE ( 'NONE', #893, #86 ) ;
#1107 = VERTEX_POINT ( 'NONE', #1633 ) ;
#1108 = ORIENTED_EDGE ( 'NONE', *, *, #625, .T. ) ;
#1109 = EDGE_CURVE ( 'NONE', #1634, #1003, #861, .T. ) ;
#1110 = CARTESIAN_POINT ( 'NONE',  ( 0.9675102576062640791, 0.6858944678434488740, -0.1749999999999999889 ) ) ;
#1111 = EDGE_CURVE ( 'NONE', #1003, #1270, #1341, .T. ) ;
#1112 = LINE ( 'NONE', #248, #378 ) ;
#1113 = VERTEX_POINT ( 'NONE', #374 ) ;
#1114 = CARTESIAN_POINT ( 'NONE',  ( -1.108266234803484407, 0.1249999999999998335, 0.1749999999999999889 ) ) ;
#1115 = VECTOR ( 'NONE', #1082, 1000.000000000000000 ) ;
#1116 = CARTESIAN_POINT ( 'NONE',  ( 0.9087683600642478821, 0.6910337179523767803, 0.1749999999999999889 ) ) ;
#1117 = AXIS2_PLACEMENT_3D ( 'NONE', #1507, #1499, #224 ) ;
#1118 = AXIS2_PLACEMENT_3D ( 'NONE', #705, #69, #572 ) ;
#1119 = ORIENTED_EDGE ( 'NONE', *, *, #341, .F. ) ;
#1120 = CARTESIAN_POINT ( 'NONE',  ( 0.8403879568123651111, 0.6401338436289559786, -0.6278879568123648669 ) ) ;
#1121 = LINE ( 'NONE', #745, #757 ) ;
#1122 = ADVANCED_FACE ( 'NONE', ( #883 ), #1380, .T. ) ;
#1123 = ORIENTED_EDGE ( 'NONE', *, *, #127, .F. ) ;
#1124 = CARTESIAN_POINT ( 'NONE',  ( -0.9677346421118625530, 0.6910337179523767803, 0.1749999999999999889 ) ) ;
#1125 = CARTESIAN_POINT ( 'NONE',  ( -0.8500000000000001998, 0.7499999999999914513, -0.1749999999999999889 ) ) ;
#1126 = VERTEX_POINT ( 'NONE', #1258 ) ;
#1127 = LINE ( 'NONE', #1120, #1158 ) ;
#1128 = DIRECTION ( 'NONE',  ( -0.000000000000000000, -0.000000000000000000, -1.000000000000000000 ) ) ;
#1129 = ORIENTED_EDGE ( 'NONE', *, *, #827, .T. ) ;
#1130 = CARTESIAN_POINT ( 'NONE',  ( 1.108266234803484407, 0.1839662820476147265, 0.1749999999999999889 ) ) ;
#1131 = EDGE_CURVE ( 'NONE', #1313, #990, #983, .T. ) ;
#1132 = DIRECTION ( 'NONE',  ( 1.000000000000000000, -0.000000000000000000, -0.000000000000000000 ) ) ;
#1133 = ORIENTED_EDGE ( 'NONE', *, *, #1325, .T. ) ;
#1134 = VECTOR ( 'NONE', #778, 1000.000000000000000 ) ;
#1135 = CARTESIAN_POINT ( 'NONE',  ( -1.108266234803484407, 0.1839662820476147265, -0.1749999999999999889 ) ) ;
#1136 = SURFACE_STYLE_FILL_AREA ( #898 ) ;
#1137 = ORIENTED_EDGE ( 'NONE', *, *, #218, .T. ) ;
#1138 = CARTESIAN_POINT ( 'NONE',  ( -0.6500000000000001332, 1.000000000000000000, -0.5914216258444109364 ) ) ;
#1139 = DIRECTION ( 'NONE',  ( 0.000000000000000000, 0.1305261922200483538, -0.9914448613738109373 ) ) ;
#1140 = ORIENTED_EDGE ( 'NONE', *, *, #932, .T. ) ;
#1141 = VECTOR ( 'NONE', #1075, 1000.000000000000000 ) ;
#1142 = CYLINDRICAL_SURFACE ( 'NONE', #1004, 0.05896628204761467790 ) ;
#1143 = VECTOR ( 'NONE', #720, 1000.000000000000000 ) ;
#1144 = AXIS2_PLACEMENT_3D ( 'NONE', #474, #998, #1625 ) ;
#1145 = EDGE_LOOP ( 'NONE', ( #20, #1552, #1108, #915, #1133, #245, #566, #372, #854, #1528, #1137, #1604, #587, #1049 ) ) ;
#1146 = DIRECTION ( 'NONE',  ( -0.08682659386424432246, -0.9924325091389676334, -0.08682659386424430858 ) ) ;
#1147 = EDGE_LOOP ( 'NONE', ( #104, #695, #328, #1023, #845, #959 ) ) ;
#1148 = DIRECTION ( 'NONE',  ( 1.734723475976807094E-15, 1.000000000000000000, 0.000000000000000000 ) ) ;
#1149 = LINE ( 'NONE', #413, #472 ) ;
#1150 = EDGE_CURVE ( 'NONE', #1178, #742, #730, .T. ) ;
#1151 = DIRECTION ( 'NONE',  ( 1.000000000000000000, 0.000000000000000000, 0.000000000000000000 ) ) ;
#1152 = ORIENTED_EDGE ( 'NONE', *, *, #371, .F. ) ;
#1153 = LINE ( 'NONE', #1024, #1590 ) ;
#1154 = ORIENTED_EDGE ( 'NONE', *, *, #8, .T. ) ;
#1155 = DIRECTION ( 'NONE',  ( -0.000000000000000000, -0.000000000000000000, -1.000000000000000000 ) ) ;
#1156 = CARTESIAN_POINT ( 'NONE',  ( -0.9677346421118625530, 0.6910337179523767803, 0.1749999999999999889 ) ) ;
#1157 = ADVANCED_FACE ( 'NONE', ( #1514 ), #650, .T. ) ;
#1158 = VECTOR ( 'NONE', #860, 1000.000000000000114 ) ;
#1159 =( NAMED_UNIT ( * ) SI_UNIT ( $, .STERADIAN. ) SOLID_ANGLE_UNIT ( ) );
#1160 = EDGE_CURVE ( 'NONE', #1592, #495, #914, .T. ) ;
#1161 = ORIENTED_EDGE ( 'NONE', *, *, #1513, .F. ) ;
#1162 = DIRECTION ( 'NONE',  ( 1.000000000000000000, 0.000000000000000000, -1.275531967630005245E-16 ) ) ;
#1163 = VERTEX_POINT ( 'NONE', #629 ) ;
#1164 = DIRECTION ( 'NONE',  ( -0.1305261922200492697, 0.9914448613738107152, 0.000000000000000000 ) ) ;
#1165 = CARTESIAN_POINT ( 'NONE',  ( 1.108266234803484407, 0.1250000000000000000, 0.1749999999999999889 ) ) ;
#1166 = AXIS2_PLACEMENT_3D ( 'NONE', #150, #518, #926 ) ;
#1167 = ORIENTED_EDGE ( 'NONE', *, *, #133, .F. ) ;
#1168 = VECTOR ( 'NONE', #359, 1000.000000000000114 ) ;
#1169 = CARTESIAN_POINT ( 'NONE',  ( -1.092034594867731911, 0.6749999999999914957, 0.1749999999999999889 ) ) ;
#1170 = EDGE_CURVE ( 'NONE', #1, #1281, #17, .T. ) ;
#1171 = VERTEX_POINT ( 'NONE', #11 ) ;
#1172 = LINE ( 'NONE', #47, #5 ) ;
#1173 = APPLICATION_PROTOCOL_DEFINITION ( 'draft international standard', 'automotive_design', 1998, #1455 ) ;
#1174 = CARTESIAN_POINT ( 'NONE',  ( -0.6500000000000001332, 1.100000000000000089, -0.5914216258444109364 ) ) ;
#1175 = CARTESIAN_POINT ( 'NONE',  ( -0.5250000000000000222, 1.000000000000000000, 0.5914216258444118246 ) ) ;
#1176 = ORIENTED_EDGE ( 'NONE', *, *, #1465, .F. ) ;
#1177 = DIRECTION ( 'NONE',  ( -0.000000000000000000, -0.000000000000000000, -1.000000000000000000 ) ) ;
#1178 = VERTEX_POINT ( 'NONE', #289 ) ;
#1179 = EDGE_CURVE ( 'NONE', #1519, #368, #801, .T. ) ;
#1180 = DIRECTION ( 'NONE',  ( -1.000000000000000000, 0.000000000000000000, 0.000000000000000000 ) ) ;
#1181 = DIRECTION ( 'NONE',  ( -1.000000000000000000, 0.000000000000000000, 0.000000000000000000 ) ) ;
#1182 = CARTESIAN_POINT ( 'NONE',  ( -1.250000000000000222, 0.1250000000000000000, 0.1749999999999999889 ) ) ;
#1183 = CARTESIAN_POINT ( 'NONE',  ( -0.9087683600642478821, 0.6910337179523767803, 0.1749999999999999889 ) ) ;
#1184 = EDGE_CURVE ( 'NONE', #1126, #284, #1386, .T. ) ;
#1185 = EDGE_LOOP ( 'NONE', ( #761, #18, #1517, #1540 ) ) ;
#1186 = CARTESIAN_POINT ( 'NONE',  ( -0.6500000000000001332, 1.000000000000000000, 0.5914216258444118246 ) ) ;
#1187 = AXIS2_PLACEMENT_3D ( 'NONE', #381, #1059, #1257 ) ;
#1188 = VERTEX_POINT ( 'NONE', #1420 ) ;
#1189 = CARTESIAN_POINT ( 'NONE',  ( -0.9250000000000000444, 0.2000000000000000111, 0.1749999999999999889 ) ) ;
#1190 = DIRECTION ( 'NONE',  ( -0.000000000000000000, -0.000000000000000000, -1.000000000000000000 ) ) ;
#1191 = MANIFOLD_SOLID_BREP ( 'Boss-Extrude3[2]', #258 ) ;
#1192 = DIRECTION ( 'NONE',  ( -0.000000000000000000, -0.000000000000000000, -1.000000000000000000 ) ) ;
#1193 = CARTESIAN_POINT ( 'NONE',  ( 0.9087683600642478821, 0.8749999999999915623, 0.1749999999999999889 ) ) ;
#1194 = VERTEX_POINT ( 'NONE', #1527 ) ;
#1195 = DIRECTION ( 'NONE',  ( -0.000000000000000000, -0.000000000000000000, -1.000000000000000000 ) ) ;
#1196 = COLOUR_RGB ( '',1.000000000000000000, 1.000000000000000000, 1.000000000000000000 ) ;
#1197 = EDGE_LOOP ( 'NONE', ( #925, #1242, #1234, #1610 ) ) ;
#1198 = PLANE ( 'NONE',  #323 ) ;
#1199 = DIRECTION ( 'NONE',  ( 1.000000000000000000, 0.000000000000000000, -1.275531967630005245E-16 ) ) ;
#1200 = ADVANCED_FACE ( 'NONE', ( #1521 ), #1273, .F. ) ;
#1201 = PLANE ( 'NONE',  #1579 ) ;
#1202 = LINE ( 'NONE', #76, #271 ) ;
#1203 = VERTEX_POINT ( 'NONE', #924 ) ;
#1204 = CARTESIAN_POINT ( 'NONE',  ( 0.8500000000000001998, 0.7499999999999914513, 0.1749999999999999889 ) ) ;
#1205 = FILL_AREA_STYLE ('',( #817 ) ) ;
#1206 = CARTESIAN_POINT ( 'NONE',  ( 1.092034594867731911, 0.6749999999999914957, 0.1749999999999999889 ) ) ;
#1207 = DIRECTION ( 'NONE',  ( 0.000000000000000000, 0.000000000000000000, 1.000000000000000000 ) ) ;
#1208 = CARTESIAN_POINT ( 'NONE',  ( 0.9675102576062640791, 0.6858944678434488740, 0.1749999999999999889 ) ) ;
#1209 = EDGE_CURVE ( 'NONE', #1634, #820, #906, .T. ) ;
#1210 = ORIENTED_EDGE ( 'NONE', *, *, #1379, .F. ) ;
#1211 = VECTOR ( 'NONE', #991, 1000.000000000000000 ) ;
#1212 = PLANE ( 'NONE',  #1432 ) ;
#1213 = PRESENTATION_STYLE_ASSIGNMENT (( #449 ) ) ;
#1214 = CARTESIAN_POINT ( 'NONE',  ( -0.9087683600642478821, 0.6910337179523767803, -0.1749999999999999889 ) ) ;
#1215 = LINE ( 'NONE', #1249, #1081 ) ;
#1216 = PLANE ( 'NONE',  #1346 ) ;
#1217 = ORIENTED_EDGE ( 'NONE', *, *, #773, .F. ) ;
#1218 = VECTOR ( 'NONE', #1245, 1000.000000000000000 ) ;
#1219 = DIRECTION ( 'NONE',  ( -0.9914448613738109373, 0.1305261922200483538, 0.000000000000000000 ) ) ;
#1220 = EDGE_CURVE ( 'NONE', #1224, #1343, #389, .T. ) ;
#1221 =( GEOMETRIC_REPRESENTATION_CONTEXT ( 3 ) GLOBAL_UNCERTAINTY_ASSIGNED_CONTEXT ( ( #480 ) ) GLOBAL_UNIT_ASSIGNED_CONTEXT ( ( #816, #198, #833 ) ) REPRESENTATION_CONTEXT ( 'NONE', 'WORKASPACE' ) );
#1222 = DIRECTION ( 'NONE',  ( -0.08715574274765951202, 0.9961946980917454342, -0.000000000000000000 ) ) ;
#1223 = AXIS2_PLACEMENT_3D ( 'NONE', #1078, #958, #839 ) ;
#1224 = VERTEX_POINT ( 'NONE', #794 ) ;
#1225 = CARTESIAN_POINT ( 'NONE',  ( 0.9087683600642478821, 0.6910337179523767803, 0.1749999999999999889 ) ) ;
#1226 = DIRECTION ( 'NONE',  ( -1.000000000000000000, 0.000000000000000000, 0.000000000000000000 ) ) ;
#1227 = ORIENTED_EDGE ( 'NONE', *, *, #1109, .F. ) ;
#1228 =( LENGTH_UNIT ( ) NAMED_UNIT ( * ) SI_UNIT ( .MILLI., .METRE. ) );
#1229 = ADVANCED_FACE ( 'NONE', ( #142 ), #1405, .F. ) ;
#1230 = PLANE ( 'NONE',  #1373 ) ;
#1231 = ORIENTED_EDGE ( 'NONE', *, *, #823, .F. ) ;
#1232 = CARTESIAN_POINT ( 'NONE',  ( 1.049524337261468210, 0.1891055321565425773, 0.1749999999999999889 ) ) ;
#1233 = CARTESIAN_POINT ( 'NONE',  ( -0.9250000000000000444, 0.2000000000000000111, 0.1749999999999999889 ) ) ;
#1234 = ORIENTED_EDGE ( 'NONE', *, *, #1493, .F. ) ;
#1235 = CARTESIAN_POINT ( 'NONE',  ( -0.5250000000000001332, 1.100000000000000089, -0.5914216258444109364 ) ) ;
#1236 = AXIS2_PLACEMENT_3D ( 'NONE', #348, #107, #1481 ) ;
#1237 = CARTESIAN_POINT ( 'NONE',  ( 0.8039216258444111807, 1.100000000000000089, -0.5914216258444109364 ) ) ;
#1238 = ORIENTED_EDGE ( 'NONE', *, *, #1493, .T. ) ;
#1239 = DIRECTION ( 'NONE',  ( -1.000000000000000000, 0.000000000000000000, 9.166068039340953870E-17 ) ) ;
#1240 = EDGE_CURVE ( 'NONE', #468, #519, #1288, .T. ) ;
#1241 = CARTESIAN_POINT ( 'NONE',  ( 1.108266234803484407, 0.1839662820476147265, -0.1749999999999999889 ) ) ;
#1242 = ORIENTED_EDGE ( 'NONE', *, *, #1327, .F. ) ;
#1243 = CARTESIAN_POINT ( 'NONE',  ( 1.092034594867731911, 0.6749999999999914957, -0.1749999999999999889 ) ) ;
#1244 = AXIS2_PLACEMENT_3D ( 'NONE', #536, #39, #1058 ) ;
#1245 = DIRECTION ( 'NONE',  ( 0.1305261922200492974, 0.9914448613738107152, 0.000000000000000000 ) ) ;
#1246 = MECHANICAL_DESIGN_GEOMETRIC_PRESENTATION_REPRESENTATION (  '', ( #1510 ), #509 ) ;
#1247 = AXIS2_PLACEMENT_3D ( 'NONE', #319, #1195, #1467 ) ;
#1248 = ORIENTED_EDGE ( 'NONE', *, *, #1387, .F. ) ;
#1249 = CARTESIAN_POINT ( 'NONE',  ( -0.5250000000000001332, 1.100000000000000089, -0.5914216258444109364 ) ) ;
#1250 = EDGE_CURVE ( 'NONE', #216, #1188, #1544, .T. ) ;
#1251 = LINE ( 'NONE', #1474, #1039 ) ;
#1252 = VERTEX_POINT ( 'NONE', #942 ) ;
#1253 = CYLINDRICAL_SURFACE ( 'NONE', #1565, 0.1839662820476146710 ) ;
#1254 = PLANE ( 'NONE',  #779 ) ;
#1255 = EDGE_CURVE ( 'NONE', #1126, #376, #553, .T. ) ;
#1256 = EDGE_LOOP ( 'NONE', ( #1568, #265, #465, #890 ) ) ;
#1257 = DIRECTION ( 'NONE',  ( -1.000000000000000000, 0.000000000000000000, -0.000000000000000000 ) ) ;
#1258 = CARTESIAN_POINT ( 'NONE',  ( 0.8499999999999997558, 0.7499999999999914513, -0.6374999999999995115 ) ) ;
#1259 = ORIENTED_EDGE ( 'NONE', *, *, #911, .T. ) ;
#1260 = ADVANCED_FACE ( 'NONE', ( #1564 ), #171, .F. ) ;
#1261 = DIRECTION ( 'NONE',  ( -0.000000000000000000, -0.000000000000000000, -1.000000000000000000 ) ) ;
#1262 = ORIENTED_EDGE ( 'NONE', *, *, #321, .T. ) ;
#1263 = AXIS2_PLACEMENT_3D ( 'NONE', #429, #800, #162 ) ;
#1264 = CARTESIAN_POINT ( 'NONE',  ( -0.9087683600642478821, 0.6910337179523767803, 0.1749999999999999889 ) ) ;
#1265 = ORIENTED_EDGE ( 'NONE', *, *, #1502, .F. ) ;
#1266 = CARTESIAN_POINT ( 'NONE',  ( 0.8500000000000001998, 0.7499999999999914513, 0.1749999999999999889 ) ) ;
#1267 = EDGE_LOOP ( 'NONE', ( #1358, #616, #1619, #1265 ) ) ;
#1268 = ADVANCED_FACE ( 'NONE', ( #332 ), #1431, .F. ) ;
#1269 = FACE_OUTER_BOUND ( 'NONE', #1361, .T. ) ;
#1270 = VERTEX_POINT ( 'NONE', #684 ) ;
#1271 = VECTOR ( 'NONE', #1374, 1000.000000000000000 ) ;
#1272 = VECTOR ( 'NONE', #1064, 1000.000000000000000 ) ;
#1273 = PLANE ( 'NONE',  #1363 ) ;
#1274 = ORIENTED_EDGE ( 'NONE', *, *, #732, .F. ) ;
#1275 = CARTESIAN_POINT ( 'NONE',  ( -0.5250000000000001332, 1.000000000000000000, -0.5914216258444109364 ) ) ;
#1276 = ORIENTED_EDGE ( 'NONE', *, *, #451, .T. ) ;
#1277 = CARTESIAN_POINT ( 'NONE',  ( 1.250000000000000222, 0.1250000000000000000, 0.1749999999999999889 ) ) ;
#1278 = CARTESIAN_POINT ( 'NONE',  ( -0.9087683600642478821, 0.6910337179523767803, 0.1749999999999999889 ) ) ;
#1279 = EDGE_CURVE ( 'NONE', #831, #166, #692, .T. ) ;
#1280 = DIRECTION ( 'NONE',  ( 0.000000000000000000, -1.000000000000000000, 0.000000000000000000 ) ) ;
#1281 = VERTEX_POINT ( 'NONE', #432 ) ;
#1282 = CARTESIAN_POINT ( 'NONE',  ( -0.8500000000000001998, 0.7500000000000256462, -0.6374999999999995115 ) ) ;
#1283 = EDGE_LOOP ( 'NONE', ( #671, #51, #1140, #1498 ) ) ;
#1284 = DIRECTION ( 'NONE',  ( -1.270678183399543763E-16, 0.08715574274765487683, -0.9961946980917458783 ) ) ;
#1285 = DIRECTION ( 'NONE',  ( -1.000000000000000000, 0.000000000000000000, 0.000000000000000000 ) ) ;
#1286 = VECTOR ( 'NONE', #55, 1000.000000000000000 ) ;
#1287 = EDGE_CURVE ( 'NONE', #658, #871, #340, .T. ) ;
#1288 = LINE ( 'NONE', #1046, #22 ) ;
#1289 = ORIENTED_EDGE ( 'NONE', *, *, #764, .T. ) ;
#1290 = CARTESIAN_POINT ( 'NONE',  ( -0.5250000000000001332, 1.000000000000000000, -0.5914216258444109364 ) ) ;
#1291 = ORIENTED_EDGE ( 'NONE', *, *, #1109, .T. ) ;
#1292 = CARTESIAN_POINT ( 'NONE',  ( 1.108266234803484407, 0.1839662820476147265, 0.1749999999999999889 ) ) ;
#1293 = DIRECTION ( 'NONE',  ( -0.000000000000000000, -0.000000000000000000, -1.000000000000000000 ) ) ;
#1294 = VECTOR ( 'NONE', #626, 1000.000000000000000 ) ;
#1295 = DIRECTION ( 'NONE',  ( -0.9961946980917454342, 0.08715574274765931773, 0.000000000000000000 ) ) ;
#1296 = ADVANCED_FACE ( 'NONE', ( #309 ), #50, .T. ) ;
#1297 = ORIENTED_EDGE ( 'NONE', *, *, #1342, .T. ) ;
#1298 = VECTOR ( 'NONE', #737, 1000.000000000000000 ) ;
#1299 = DIRECTION ( 'NONE',  ( -0.000000000000000000, -0.000000000000000000, -1.000000000000000000 ) ) ;
#1300 = VERTEX_POINT ( 'NONE', #1053 ) ;
#1301 = DIRECTION ( 'NONE',  ( 0.000000000000000000, -0.000000000000000000, -1.000000000000000000 ) ) ;
#1302 = DIRECTION ( 'NONE',  ( 0.08715574274765931773, -0.9961946980917454342, 0.000000000000000000 ) ) ;
#1303 = FACE_OUTER_BOUND ( 'NONE', #993, .T. ) ;
#1304 = DIRECTION ( 'NONE',  ( 0.000000000000000000, 0.000000000000000000, 1.000000000000000000 ) ) ;
#1305 = ORIENTED_EDGE ( 'NONE', *, *, #1325, .F. ) ;
#1306 = LINE ( 'NONE', #424, #214 ) ;
#1307 = ORIENTED_EDGE ( 'NONE', *, *, #515, .T. ) ;
#1308 = CARTESIAN_POINT ( 'NONE',  ( -0.9087683600642478821, 0.6910337179523767803, -0.1749999999999999889 ) ) ;
#1309 = DIRECTION ( 'NONE',  ( -1.000000000000000000, 0.000000000000000000, 1.275531967630005245E-16 ) ) ;
#1310 = CARTESIAN_POINT ( 'NONE',  ( -0.6500000000000001332, 1.100000000000000089, -0.5914216258444109364 ) ) ;
#1311 = CARTESIAN_POINT ( 'NONE',  ( 0.9087683600642478821, 0.6910337179523767803, 0.1749999999999999889 ) ) ;
#1312 = VECTOR ( 'NONE', #1332, 1000.000000000000000 ) ;
#1313 = VERTEX_POINT ( 'NONE', #1448 ) ;
#1314 = DIRECTION ( 'NONE',  ( -1.000000000000000000, 0.000000000000000000, 0.000000000000000000 ) ) ;
#1315 = CLOSED_SHELL ( 'NONE', ( #1545, #894, #1356, #1030, #1595, #1157, #802, #704, #1200, #888, #1268, #711, #614, #25, #60, #923 ) ) ;
#1316 = EDGE_LOOP ( 'NONE', ( #191, #1522, #972, #310 ) ) ;
#1317 = EDGE_CURVE ( 'NONE', #1163, #984, #300, .T. ) ;
#1318 = CARTESIAN_POINT ( 'NONE',  ( 0.9087683600642478821, 0.8749999999999915623, -0.1749999999999999889 ) ) ;
#1319 = CARTESIAN_POINT ( 'NONE',  ( 1.049299952755869736, 0.1839662820476147265, -0.1749999999999999889 ) ) ;
#1320 = CIRCLE ( 'NONE', #1533, 0.05896628204761467790 ) ;
#1321 = FACE_OUTER_BOUND ( 'NONE', #1438, .T. ) ;
#1322 = PRESENTATION_LAYER_ASSIGNMENT (  '', '', ( #643 ) ) ;
#1323 = EDGE_LOOP ( 'NONE', ( #910, #141, #815, #71 ) ) ;
#1324 = PLANE ( 'NONE',  #479 ) ;
#1325 = EDGE_CURVE ( 'NONE', #1281, #1300, #1392, .T. ) ;
#1326 = DIRECTION ( 'NONE',  ( -0.1294283079955604876, -0.9831056027603609637, 0.1294283079955605154 ) ) ;
#1327 = EDGE_CURVE ( 'NONE', #26, #145, #544, .T. ) ;
#1328 = CARTESIAN_POINT ( 'NONE',  ( -0.7931323687081495155, 0.1000000000000000472, -0.5806323687081488272 ) ) ;
#1329 = ORIENTED_EDGE ( 'NONE', *, *, #1091, .T. ) ;
#1330 = DIRECTION ( 'NONE',  ( -0.000000000000000000, -0.000000000000000000, -1.000000000000000000 ) ) ;
#1331 = LINE ( 'NONE', #322, #689 ) ;
#1332 = DIRECTION ( 'NONE',  ( 1.000000000000000000, 0.000000000000000000, 0.000000000000000000 ) ) ;
#1333 = EDGE_CURVE ( 'NONE', #840, #680, #165, .T. ) ;
#1334 = CARTESIAN_POINT ( 'NONE',  ( -0.6500000000000001332, 1.100000000000000089, 0.5914216258444118246 ) ) ;
#1335 = ORIENTED_EDGE ( 'NONE', *, *, #1041, .F. ) ;
#1336 = VECTOR ( 'NONE', #1427, 1000.000000000000000 ) ;
#1337 = LINE ( 'NONE', #1462, #1115 ) ;
#1338 = DIRECTION ( 'NONE',  ( -1.000000000000000000, -0.000000000000000000, -0.000000000000000000 ) ) ;
#1339 = ORIENTED_EDGE ( 'NONE', *, *, #1072, .F. ) ;
#1340 = DIRECTION ( 'NONE',  ( -1.000000000000000000, 0.000000000000000000, 0.000000000000000000 ) ) ;
#1341 = LINE ( 'NONE', #498, #1168 ) ;
#1342 = EDGE_CURVE ( 'NONE', #1113, #820, #570, .T. ) ;
#1343 = VERTEX_POINT ( 'NONE', #1319 ) ;
#1344 = VECTOR ( 'NONE', #1585, 1000.000000000000000 ) ;
#1345 = CARTESIAN_POINT ( 'NONE',  ( -0.9087683600642478821, 0.8749999999999915623, 0.1749999999999999889 ) ) ;
#1346 = AXIS2_PLACEMENT_3D ( 'NONE', #945, #196, #694 ) ;
#1347 = CARTESIAN_POINT ( 'NONE',  ( 0.9242999527558698469, 0.1839662820476147265, -0.1749999999999999889 ) ) ;
#1348 = AXIS2_PLACEMENT_3D ( 'NONE', #1353, #763, #222 ) ;
#1349 = VERTEX_POINT ( 'NONE', #189 ) ;
#1350 = ORIENTED_EDGE ( 'NONE', *, *, #382, .F. ) ;
#1351 = ADVANCED_FACE ( 'NONE', ( #1456 ), #1201, .F. ) ;
#1352 = CARTESIAN_POINT ( 'NONE',  ( -0.5250000000000001332, 1.100000000000000089, -0.5914216258444109364 ) ) ;
#1353 = CARTESIAN_POINT ( 'NONE',  ( 0.000000000000000000, 1.100000000000000089, 0.000000000000000000 ) ) ;
#1354 = ORIENTED_EDGE ( 'NONE', *, *, #842, .T. ) ;
#1355 = LINE ( 'NONE', #739, #962 ) ;
#1356 = ADVANCED_FACE ( 'NONE', ( #325 ), #838, .F. ) ;
#1357 = PLANE ( 'NONE',  #1035 ) ;
#1358 = ORIENTED_EDGE ( 'NONE', *, *, #948, .F. ) ;
#1359 = DIRECTION ( 'NONE',  ( -9.166068039340953870E-17, -0.000000000000000000, -1.000000000000000000 ) ) ;
#1360 = CARTESIAN_POINT ( 'NONE',  ( -0.8335434378015760259, 0.8749999999999914513, 0.1749999999999999889 ) ) ;
#1361 = EDGE_LOOP ( 'NONE', ( #1297, #197, #780, #268, #602, #1217 ) ) ;
#1362 = DIRECTION ( 'NONE',  ( 1.000000000000000000, 0.000000000000000000, 0.000000000000000000 ) ) ;
#1363 = AXIS2_PLACEMENT_3D ( 'NONE', #134, #1280, #657 ) ;
#1364 = DIRECTION ( 'NONE',  ( 0.000000000000000000, 0.000000000000000000, 1.000000000000000000 ) ) ;
#1365 = COLOUR_RGB ( '',0.7921568627450980005, 0.8196078431372548767, 0.9333333333333333481 ) ;
#1366 = EDGE_CURVE ( 'NONE', #680, #125, #420, .T. ) ;
#1367 = ORIENTED_EDGE ( 'NONE', *, *, #1099, .F. ) ;
#1368 = DIRECTION ( 'NONE',  ( 0.08715574274765931773, 0.9961946980917454342, -0.000000000000000000 ) ) ;
#1369 = CARTESIAN_POINT ( 'NONE',  ( -0.9087683600642478821, 0.7499999999999914513, 0.1749999999999999889 ) ) ;
#1370 = EDGE_LOOP ( 'NONE', ( #1038, #1434, #149, #746 ) ) ;
#1371 = CARTESIAN_POINT ( 'NONE',  ( -0.9675102576062640791, 0.6858944678434488740, 0.1749999999999999889 ) ) ;
#1372 = EDGE_CURVE ( 'NONE', #1107, #1194, #966, .T. ) ;
#1373 = AXIS2_PLACEMENT_3D ( 'NONE', #560, #81, #437 ) ;
#1374 = DIRECTION ( 'NONE',  ( -1.000000000000000000, 0.000000000000000000, 1.275531967630005245E-16 ) ) ;
#1375 = AXIS2_PLACEMENT_3D ( 'NONE', #1389, #27, #256 ) ;
#1376 = VECTOR ( 'NONE', #213, 1000.000000000000000 ) ;
#1377 = ORIENTED_EDGE ( 'NONE', *, *, #573, .F. ) ;
#1378 = CARTESIAN_POINT ( 'NONE',  ( 1.108266234803484407, 0.1839662820476147265, 0.1749999999999999889 ) ) ;
#1379 = EDGE_CURVE ( 'NONE', #12, #984, #933, .T. ) ;
#1380 = PLANE ( 'NONE',  #1348 ) ;
#1381 = EDGE_LOOP ( 'NONE', ( #735, #111, #83, #1558 ) ) ;
#1382 = LINE ( 'NONE', #1345, #613 ) ;
#1383 = LINE ( 'NONE', #356, #239 ) ;
#1384 = EDGE_LOOP ( 'NONE', ( #415, #1377, #357, #938 ) ) ;
#1385 =( NAMED_UNIT ( * ) PLANE_ANGLE_UNIT ( ) SI_UNIT ( $, .RADIAN. ) );
#1386 = LINE ( 'NONE', #1028, #965 ) ;
#1387 = EDGE_CURVE ( 'NONE', #519, #1113, #851, .T. ) ;
#1388 = ORIENTED_EDGE ( 'NONE', *, *, #108, .T. ) ;
#1389 = CARTESIAN_POINT ( 'NONE',  ( 1.108266234803484407, 0.1839662820476147265, 0.1749999999999999889 ) ) ;
#1390 = ORIENTED_EDGE ( 'NONE', *, *, #133, .T. ) ;
#1391 = DIRECTION ( 'NONE',  ( -1.000000000000000000, -0.000000000000000000, -0.000000000000000000 ) ) ;
#1392 = CIRCLE ( 'NONE', #1500, 0.05896628204761467790 ) ;
#1393 = ORIENTED_EDGE ( 'NONE', *, *, #1061, .F. ) ;
#1394 = COLOUR_RGB ( '',0.7921568627450980005, 0.8196078431372548767, 0.9333333333333333481 ) ;
#1395 = VECTOR ( 'NONE', #866, 1000.000000000000000 ) ;
#1396 = ORIENTED_EDGE ( 'NONE', *, *, #68, .F. ) ;
#1397 = FACE_OUTER_BOUND ( 'NONE', #1267, .T. ) ;
#1398 = EDGE_CURVE ( 'NONE', #368, #535, #1615, .T. ) ;
#1399 = ORIENTED_EDGE ( 'NONE', *, *, #1131, .F. ) ;
#1400 = CARTESIAN_POINT ( 'NONE',  ( 1.250000000000000000, -3.487591202835241256E-18, 0.1749999999999999889 ) ) ;
#1401 = ADVANCED_FACE ( 'NONE', ( #1606 ), #365, .F. ) ;
#1402 = AXIS2_PLACEMENT_3D ( 'NONE', #1292, #1155, #1180 ) ;
#1403 = VECTOR ( 'NONE', #617, 1000.000000000000000 ) ;
#1404 = AXIS2_PLACEMENT_3D ( 'NONE', #1608, #102, #490 ) ;
#1405 = PLANE ( 'NONE',  #1419 ) ;
#1406 = ORIENTED_EDGE ( 'NONE', *, *, #390, .F. ) ;
#1407 = DIRECTION ( 'NONE',  ( -1.000000000000000000, 0.000000000000000000, 0.000000000000000000 ) ) ;
#1408 = ORIENTED_EDGE ( 'NONE', *, *, #863, .T. ) ;
#1409 = DIRECTION ( 'NONE',  ( 1.000000000000000000, 0.000000000000000000, 0.000000000000000000 ) ) ;
#1410 = DIRECTION ( 'NONE',  ( 0.000000000000000000, 0.000000000000000000, 1.000000000000000000 ) ) ;
#1411 = FILL_AREA_STYLE_COLOUR ( '', #299 ) ;
#1412 = VERTEX_POINT ( 'NONE', #620 ) ;
#1413 = LINE ( 'NONE', #1529, #163 ) ;
#1414 = EDGE_LOOP ( 'NONE', ( #810, #1597, #1307, #508 ) ) ;
#1415 = PLANE ( 'NONE',  #960 ) ;
#1416 =( NAMED_UNIT ( * ) SI_UNIT ( $, .STERADIAN. ) SOLID_ANGLE_UNIT ( ) );
#1417 =( NAMED_UNIT ( * ) PLANE_ANGLE_UNIT ( ) SI_UNIT ( $, .RADIAN. ) );
#1418 = EDGE_CURVE ( 'NONE', #1067, #491, #496, .T. ) ;
#1419 = AXIS2_PLACEMENT_3D ( 'NONE', #1165, #1537, #407 ) ;
#1420 = CARTESIAN_POINT ( 'NONE',  ( -1.049524337261467988, 0.1891055321565426051, -0.1749999999999999889 ) ) ;
#1421 = CLOSED_SHELL ( 'NONE', ( #433, #593, #78, #404, #605, #308, #469, #522, #1607, #352, #752, #1401, #1626, #200, #647, #1472 ) ) ;
#1422 = EDGE_LOOP ( 'NONE', ( #758, #79, #525, #96 ) ) ;
#1423 = FACE_OUTER_BOUND ( 'NONE', #969, .T. ) ;
#1424 = EDGE_CURVE ( 'NONE', #676, #408, #1624, .T. ) ;
#1425 = ORIENTED_EDGE ( 'NONE', *, *, #982, .F. ) ;
#1426 = DIRECTION ( 'NONE',  ( -1.000000000000000000, 0.000000000000000000, 0.000000000000000000 ) ) ;
#1427 = DIRECTION ( 'NONE',  ( 1.000000000000000000, -2.460663623801749185E-17, 0.000000000000000000 ) ) ;
#1428 = SURFACE_STYLE_FILL_AREA ( #1027 ) ;
#1429 = ORIENTED_EDGE ( 'NONE', *, *, #837, .F. ) ;
#1430 = CIRCLE ( 'NONE', #805, 0.1839662820476145599 ) ;
#1431 = PLANE ( 'NONE',  #717 ) ;
#1432 = AXIS2_PLACEMENT_3D ( 'NONE', #825, #582, #208 ) ;
#1433 = EDGE_CURVE ( 'NONE', #1270, #1126, #94, .T. ) ;
#1434 = ORIENTED_EDGE ( 'NONE', *, *, #911, .F. ) ;
#1435 = MECHANICAL_DESIGN_GEOMETRIC_PRESENTATION_REPRESENTATION (  '', ( #643 ), #897 ) ;
#1436 = FACE_OUTER_BOUND ( 'NONE', #255, .T. ) ;
#1437 = EDGE_LOOP ( 'NONE', ( #946, #1393, #1399, #1475 ) ) ;
#1438 = EDGE_LOOP ( 'NONE', ( #298, #1631, #172, #902, #884, #138, #952, #693, #441, #918, #727, #457, #488, #619 ) ) ;
#1439 = PLANE ( 'NONE',  #857 ) ;
#1440 =( LENGTH_UNIT ( ) NAMED_UNIT ( * ) SI_UNIT ( .MILLI., .METRE. ) );
#1441 = DIRECTION ( 'NONE',  ( -0.000000000000000000, -0.000000000000000000, -1.000000000000000000 ) ) ;
#1442 = DIRECTION ( 'NONE',  ( 0.000000000000000000, 1.000000000000000000, 0.000000000000000000 ) ) ;
#1443 = EDGE_LOOP ( 'NONE', ( #1080, #1483, #980, #28 ) ) ;
#1444 = CYLINDRICAL_SURFACE ( 'NONE', #351, 0.1839662820476144767 ) ;
#1445 = ADVANCED_FACE ( 'NONE', ( #1101 ), #719, .T. ) ;
#1446 = VERTEX_POINT ( 'NONE', #1352 ) ;
#1447 = CARTESIAN_POINT ( 'NONE',  ( -0.5250000000000000222, 1.000000000000000000, 0.5914216258444118246 ) ) ;
#1448 = CARTESIAN_POINT ( 'NONE',  ( -0.5250000000000001332, 1.000000000000000000, -0.5914216258444109364 ) ) ;
#1449 = AXIS2_PLACEMENT_3D ( 'NONE', #455, #195, #1304 ) ;
#1450 = CARTESIAN_POINT ( 'NONE',  ( 0.9675102576062640791, 0.6858944678434488740, 0.1749999999999999889 ) ) ;
#1451 = ORIENTED_EDGE ( 'NONE', *, *, #1279, .T. ) ;
#1452 = DIRECTION ( 'NONE',  ( 0.08715574274765931773, -0.9961946980917454342, 0.000000000000000000 ) ) ;
#1453 = ADVANCED_FACE ( 'NONE', ( #843 ), #753, .F. ) ;
#1454 = CARTESIAN_POINT ( 'NONE',  ( -0.5250000000000001332, 1.000000000000000000, -0.5914216258444109364 ) ) ;
#1455 = APPLICATION_CONTEXT ( 'automotive_design' ) ;
#1456 = FACE_OUTER_BOUND ( 'NONE', #504, .T. ) ;
#1457 = VECTOR ( 'NONE', #1338, 1000.000000000000000 ) ;
#1458 = CARTESIAN_POINT ( 'NONE',  ( 1.108266234803484407, 0.1839662820476147265, 0.1749999999999999889 ) ) ;
#1459 = CIRCLE ( 'NONE', #1066, 0.1839662820476146710 ) ;
#1460 = CIRCLE ( 'NONE', #589, 0.05896628204761478892 ) ;
#1461 = VERTEX_POINT ( 'NONE', #1504 ) ;
#1462 = CARTESIAN_POINT ( 'NONE',  ( 0.8335434378015760259, 0.8749999999999914513, 0.1749999999999999889 ) ) ;
#1463 = PRODUCT_CONTEXT ( 'NONE', #1455, 'mechanical' ) ;
#1464 = LINE ( 'NONE', #1470, #161 ) ;
#1465 = EDGE_CURVE ( 'NONE', #1281, #535, #997, .T. ) ;
#1466 = DIRECTION ( 'NONE',  ( -0.000000000000000000, -0.000000000000000000, -1.000000000000000000 ) ) ;
#1467 = DIRECTION ( 'NONE',  ( 1.000000000000000000, 0.000000000000000000, 0.000000000000000000 ) ) ;
#1468 = ORIENTED_EDGE ( 'NONE', *, *, #390, .T. ) ;
#1469 = LINE ( 'NONE', #1189, #905 ) ;
#1470 = CARTESIAN_POINT ( 'NONE',  ( -0.6500000000000001332, 1.100000000000000089, -0.5914216258444109364 ) ) ;
#1471 = ORIENTED_EDGE ( 'NONE', *, *, #91, .F. ) ;
#1472 = ADVANCED_FACE ( 'NONE', ( #1496 ), #981, .T. ) ;
#1473 = CARTESIAN_POINT ( 'NONE',  ( -0.9087683600642478821, 0.7499999999999914513, 0.1749999999999999889 ) ) ;
#1474 = CARTESIAN_POINT ( 'NONE',  ( -0.7904545824676105781, 1.202292350115586883, -0.5779545824676098897 ) ) ;
#1475 = ORIENTED_EDGE ( 'NONE', *, *, #1072, .T. ) ;
#1476 = VECTOR ( 'NONE', #419, 1000.000000000000000 ) ;
#1477 = DIRECTION ( 'NONE',  ( 0.08715574274765951202, -0.9961946980917454342, 0.000000000000000000 ) ) ;
#1478 = PRODUCT_DEFINITION_FORMATION_WITH_SPECIFIED_SOURCE ( 'ANY', '', #748, .NOT_KNOWN. ) ;
#1479 = CARTESIAN_POINT ( 'NONE',  ( 1.108266234803484407, 0.000000000000000000, 0.1749999999999999889 ) ) ;
#1480 = VERTEX_POINT ( 'NONE', #1110 ) ;
#1481 = DIRECTION ( 'NONE',  ( 0.000000000000000000, -0.000000000000000000, 1.000000000000000000 ) ) ;
#1482 = CARTESIAN_POINT ( 'NONE',  ( -0.6500000000000001332, 1.000000000000000000, -0.5914216258444109364 ) ) ;
#1483 = ORIENTED_EDGE ( 'NONE', *, *, #99, .T. ) ;
#1484 = VECTOR ( 'NONE', #1452, 1000.000000000000000 ) ;
#1485 = DIRECTION ( 'NONE',  ( -1.000000000000000000, 0.000000000000000000, 0.000000000000000000 ) ) ;
#1486 = CIRCLE ( 'NONE', #61, 0.05896628204761478892 ) ;
#1487 = LINE ( 'NONE', #601, #110 ) ;
#1488 = ORIENTED_EDGE ( 'NONE', *, *, #702, .F. ) ;
#1489 = DIRECTION ( 'NONE',  ( -0.000000000000000000, -0.000000000000000000, -1.000000000000000000 ) ) ;
#1490 = DIRECTION ( 'NONE',  ( 0.000000000000000000, 0.000000000000000000, -1.000000000000000000 ) ) ;
#1491 = VERTEX_POINT ( 'NONE', #358 ) ;
#1492 = LINE ( 'NONE', #1620, #1535 ) ;
#1493 = EDGE_CURVE ( 'NONE', #1126, #26, #1127, .T. ) ;
#1494 = CARTESIAN_POINT ( 'NONE',  ( -0.9087683600642478821, 0.6910337179523767803, 0.1749999999999999889 ) ) ;
#1495 = VERTEX_POINT ( 'NONE', #873 ) ;
#1496 = FACE_OUTER_BOUND ( 'NONE', #1443, .T. ) ;
#1497 = LINE ( 'NONE', #1482, #88 ) ;
#1498 = ORIENTED_EDGE ( 'NONE', *, *, #1372, .T. ) ;
#1499 = DIRECTION ( 'NONE',  ( 2.460663623801749493E-17, 1.000000000000000000, -0.000000000000000000 ) ) ;
#1500 = AXIS2_PLACEMENT_3D ( 'NONE', #1311, #180, #1572 ) ;
#1501 = CARTESIAN_POINT ( 'NONE',  ( 0.8335434378015760259, 0.8749999999999914513, 0.1749999999999999889 ) ) ;
#1502 = EDGE_CURVE ( 'NONE', #1054, #1178, #116, .T. ) ;
#1503 = ORIENTED_EDGE ( 'NONE', *, *, #1079, .F. ) ;
#1504 = CARTESIAN_POINT ( 'NONE',  ( -0.9087683600642478821, 0.7499999999999914513, -0.1749999999999999889 ) ) ;
#1505 = CARTESIAN_POINT ( 'NONE',  ( -1.092034594867732133, 0.6749999999999916067, 0.1749999999999999889 ) ) ;
#1506 = EDGE_LOOP ( 'NONE', ( #1396, #282, #100, #922 ) ) ;
#1507 = CARTESIAN_POINT ( 'NONE',  ( 1.108266234803484407, 0.000000000000000000, 0.1749999999999999889 ) ) ;
#1508 = VECTOR ( 'NONE', #403, 1000.000000000000000 ) ;
#1509 = DIRECTION ( 'NONE',  ( -9.166068039340953870E-17, 0.000000000000000000, -1.000000000000000000 ) ) ;
#1510 = STYLED_ITEM ( 'NONE', ( #766 ), #649 ) ;
#1511 = ORIENTED_EDGE ( 'NONE', *, *, #218, .F. ) ;
#1512 = PLANE ( 'NONE',  #1526 ) ;
#1513 = EDGE_CURVE ( 'NONE', #1194, #1446, #1215, .T. ) ;
#1514 = FACE_OUTER_BOUND ( 'NONE', #1566, .T. ) ;
#1515 = EDGE_LOOP ( 'NONE', ( #1605, #1339, #402, #1390 ) ) ;
#1516 = DIRECTION ( 'NONE',  ( -1.000000000000000000, 1.441280548884671299E-15, 0.000000000000000000 ) ) ;
#1517 = ORIENTED_EDGE ( 'NONE', *, *, #1240, .T. ) ;
#1518 = CARTESIAN_POINT ( 'NONE',  ( -1.108266234803484407, 0.1249999999999998335, -0.1749999999999999889 ) ) ;
#1519 = VERTEX_POINT ( 'NONE', #228 ) ;
#1520 = EDGE_CURVE ( 'NONE', #1054, #934, #612, .T. ) ;
#1521 = FACE_OUTER_BOUND ( 'NONE', #667, .T. ) ;
#1522 = ORIENTED_EDGE ( 'NONE', *, *, #1616, .F. ) ;
#1523 = CARTESIAN_POINT ( 'NONE',  ( -0.8500000000000001998, 0.7499999999999914513, 0.6375000000000003997 ) ) ;
#1524 = ORIENTED_EDGE ( 'NONE', *, *, #1333, .F. ) ;
#1525 = DIRECTION ( 'NONE',  ( 1.441280548884671496E-15, -1.000000000000000000, 0.000000000000000000 ) ) ;
#1526 = AXIS2_PLACEMENT_3D ( 'NONE', #920, #638, #880 ) ;
#1527 = CARTESIAN_POINT ( 'NONE',  ( -0.5250000000000000222, 1.100000000000000089, 0.5914216258444118246 ) ) ;
#1528 = ORIENTED_EDGE ( 'NONE', *, *, #118, .T. ) ;
#1529 = CARTESIAN_POINT ( 'NONE',  ( 0.8499999999999997558, 0.7500000000000256462, 0.6375000000000001776 ) ) ;
#1530 = EDGE_CURVE ( 'NONE', #521, #1592, #470, .T. ) ;
#1531 = ORIENTED_EDGE ( 'NONE', *, *, #1017, .F. ) ;
#1532 = DIRECTION ( 'NONE',  ( -1.000000000000000000, 0.000000000000000000, 1.275531967630005245E-16 ) ) ;
#1533 = AXIS2_PLACEMENT_3D ( 'NONE', #1308, #1330, #953 ) ;
#1534 = DIRECTION ( 'NONE',  ( 1.000000000000000000, 0.000000000000000000, 0.000000000000000000 ) ) ;
#1535 = VECTOR ( 'NONE', #1612, 1000.000000000000000 ) ;
#1536 = CIRCLE ( 'NONE', #1247, 0.05896628204761478892 ) ;
#1537 = DIRECTION ( 'NONE',  ( 0.000000000000000000, -1.000000000000000000, 0.000000000000000000 ) ) ;
#1538 = ORIENTED_EDGE ( 'NONE', *, *, #968, .F. ) ;
#1539 = CARTESIAN_POINT ( 'NONE',  ( 0.9250000000000000444, 0.2000000000000000111, 0.1749999999999999889 ) ) ;
#1540 = ORIENTED_EDGE ( 'NONE', *, *, #1387, .T. ) ;
#1541 = EDGE_CURVE ( 'NONE', #1100, #1461, #1599, .T. ) ;
#1542 = CARTESIAN_POINT ( 'NONE',  ( 0.9242999527558698469, 0.1839662820476147265, 0.1749999999999999889 ) ) ;
#1543 = DIRECTION ( 'NONE',  ( -0.000000000000000000, -0.000000000000000000, -1.000000000000000000 ) ) ;
#1544 = LINE ( 'NONE', #414, #1105 ) ;
#1545 = ADVANCED_FACE ( 'NONE', ( #2 ), #1142, .F. ) ;
#1546 = ORIENTED_EDGE ( 'NONE', *, *, #994, .T. ) ;
#1547 = CARTESIAN_POINT ( 'NONE',  ( -0.6500000000000001332, 1.000000000000000000, -0.5914216258444109364 ) ) ;
#1548 = ORIENTED_EDGE ( 'NONE', *, *, #1001, .F. ) ;
#1549 = LINE ( 'NONE', #294, #1484 ) ;
#1550 = CARTESIAN_POINT ( 'NONE',  ( 1.108266234803484407, 0.000000000000000000, 0.1749999999999999889 ) ) ;
#1551 = DIRECTION ( 'NONE',  ( 1.000000000000000000, 0.000000000000000000, 0.000000000000000000 ) ) ;
#1552 = ORIENTED_EDGE ( 'NONE', *, *, #622, .T. ) ;
#1553 = EDGE_CURVE ( 'NONE', #376, #820, #673, .T. ) ;
#1554 = VECTOR ( 'NONE', #677, 1000.000000000000000 ) ;
#1555 = CARTESIAN_POINT ( 'NONE',  ( 0.7931323687081490714, 0.1000000000000000472, -0.000000000000000000 ) ) ;
#1556 = ORIENTED_EDGE ( 'NONE', *, *, #148, .F. ) ;
#1557 = DIRECTION ( 'NONE',  ( 0.08715574274765951202, 0.9961946980917454342, 0.000000000000000000 ) ) ;
#1558 = ORIENTED_EDGE ( 'NONE', *, *, #257, .F. ) ;
#1559 = CARTESIAN_POINT ( 'NONE',  ( -0.6500000000000001332, 1.000000000000000000, -0.5914216258444109364 ) ) ;
#1560 = CARTESIAN_POINT ( 'NONE',  ( -0.8335434378015760259, 0.8749999999999914513, 0.1749999999999999889 ) ) ;
#1561 = DIRECTION ( 'NONE',  ( 1.000000000000000000, 0.000000000000000000, -0.000000000000000000 ) ) ;
#1562 = AXIS2_PLACEMENT_3D ( 'NONE', #1613, #1008, #477 ) ;
#1563 = EDGE_CURVE ( 'NONE', #491, #1188, #558, .T. ) ;
#1564 = FACE_OUTER_BOUND ( 'NONE', #944, .T. ) ;
#1565 = AXIS2_PLACEMENT_3D ( 'NONE', #747, #120, #855 ) ;
#1566 = EDGE_LOOP ( 'NONE', ( #1335, #35, #1627, #1063 ) ) ;
#1567 = DIRECTION ( 'NONE',  ( -1.734723475976807094E-15, 1.000000000000000000, 0.000000000000000000 ) ) ;
#1568 = ORIENTED_EDGE ( 'NONE', *, *, #1184, .T. ) ;
#1569 = DIRECTION ( 'NONE',  ( 0.1305261922200492974, -0.9914448613738107152, -0.000000000000000000 ) ) ;
#1570 = CARTESIAN_POINT ( 'NONE',  ( -1.108266234803484407, 0.1839662820476147265, -0.1749999999999999889 ) ) ;
#1571 = UNCERTAINTY_MEASURE_WITH_UNIT (LENGTH_MEASURE( 1.000000000000000082E-05 ), #1228, 'distance_accuracy_value', 'NONE');
#1572 = DIRECTION ( 'NONE',  ( -1.000000000000000000, 0.000000000000000000, 0.000000000000000000 ) ) ;
#1573 = PLANE ( 'NONE',  #908 ) ;
#1574 = EDGE_CURVE ( 'NONE', #1623, #538, #628, .T. ) ;
#1575 = ORIENTED_EDGE ( 'NONE', *, *, #1629, .F. ) ;
#1576 = CARTESIAN_POINT ( 'NONE',  ( -1.250000000000000222, 0.1250000000000000000, -0.1749999999999999889 ) ) ;
#1577 = CARTESIAN_POINT ( 'NONE',  ( 1.108266234803484407, 0.1250000000000000000, 0.1749999999999999889 ) ) ;
#1578 = DIRECTION ( 'NONE',  ( -0.08715574274765931773, -0.9961946980917454342, 0.000000000000000000 ) ) ;
#1579 = AXIS2_PLACEMENT_3D ( 'NONE', #1077, #1295, #1578 ) ;
#1580 = LINE ( 'NONE', #333, #1621 ) ;
#1581 = VECTOR ( 'NONE', #178, 1000.000000000000000 ) ;
#1582 = ORIENTED_EDGE ( 'NONE', *, *, #1009, .T. ) ;
#1583 = FACE_OUTER_BOUND ( 'NONE', #1010, .T. ) ;
#1584 = EDGE_CURVE ( 'NONE', #535, #1480, #1056, .T. ) ;
#1585 = DIRECTION ( 'NONE',  ( -0.08715574274765951202, -0.9961946980917454342, 0.000000000000000000 ) ) ;
#1586 = UNCERTAINTY_MEASURE_WITH_UNIT (LENGTH_MEASURE( 1.000000000000000082E-05 ), #698, 'distance_accuracy_value', 'NONE');
#1587 = CARTESIAN_POINT ( 'NONE',  ( -0.6500000000000001332, 1.000000000000000000, 0.5914216258444118246 ) ) ;
#1588 = AXIS2_PLACEMENT_3D ( 'NONE', #442, #64, #1477 ) ;
#1589 = LINE ( 'NONE', #1186, #1272 ) ;
#1590 = VECTOR ( 'NONE', #1162, 1000.000000000000000 ) ;
#1591 = AXIS2_PLACEMENT_3D ( 'NONE', #124, #1022, #1014 ) ;
#1592 = VERTEX_POINT ( 'NONE', #1550 ) ;
#1593 = LINE ( 'NONE', #697, #1141 ) ;
#1594 = DIRECTION ( 'NONE',  ( 1.000000000000000000, 0.000000000000000000, 0.000000000000000000 ) ) ;
#1595 = ADVANCED_FACE ( 'NONE', ( #1012 ), #41, .F. ) ;
#1596 = CARTESIAN_POINT ( 'NONE',  ( -1.250000000000000000, -3.487591202835241256E-18, 0.1749999999999999889 ) ) ;
#1597 = ORIENTED_EDGE ( 'NONE', *, *, #1041, .T. ) ;
#1598 = VERTEX_POINT ( 'NONE', #295 ) ;
#1599 = LINE ( 'NONE', #1473, #1286 ) ;
#1600 = DIRECTION ( 'NONE',  ( 1.000000000000000000, 0.000000000000000000, 0.000000000000000000 ) ) ;
#1601 = ORIENTED_EDGE ( 'NONE', *, *, #690, .T. ) ;
#1602 = CARTESIAN_POINT ( 'NONE',  ( -0.8500000000000001998, 0.7499999999999914513, 0.1749999999999999889 ) ) ;
#1603 = DIRECTION ( 'NONE',  ( 1.734723475976807094E-15, -1.000000000000000000, -0.000000000000000000 ) ) ;
#1604 = ORIENTED_EDGE ( 'NONE', *, *, #721, .T. ) ;
#1605 = ORIENTED_EDGE ( 'NONE', *, *, #573, .T. ) ;
#1606 = FACE_OUTER_BOUND ( 'NONE', #1370, .T. ) ;
#1607 = ADVANCED_FACE ( 'NONE', ( #132 ), #1512, .F. ) ;
#1608 = CARTESIAN_POINT ( 'NONE',  ( -0.8500000000000001998, 0.7499999999999914513, 0.1749999999999999889 ) ) ;
#1609 =( GEOMETRIC_REPRESENTATION_CONTEXT ( 3 ) GLOBAL_UNCERTAINTY_ASSIGNED_CONTEXT ( ( #734 ) ) GLOBAL_UNIT_ASSIGNED_CONTEXT ( ( #1440, #1385, #1416 ) ) REPRESENTATION_CONTEXT ( 'NONE', 'WORKASPACE' ) );
#1610 = ORIENTED_EDGE ( 'NONE', *, *, #1255, .T. ) ;
#1611 = PRESENTATION_LAYER_ASSIGNMENT (  '', '', ( #232 ) ) ;
#1612 = DIRECTION ( 'NONE',  ( -0.1294283079955604876, 0.9831056027603609637, -0.1294283079955604598 ) ) ;
#1613 = CARTESIAN_POINT ( 'NONE',  ( -0.8500000000000001998, 0.7500000000000256462, 0.6375000000000003997 ) ) ;
#1614 = ORIENTED_EDGE ( 'NONE', *, *, #732, .T. ) ;
#1615 = LINE ( 'NONE', #596, #1312 ) ;
#1616 = EDGE_CURVE ( 'NONE', #840, #521, #499, .T. ) ;
#1617 = PLANE ( 'NONE',  #1404 ) ;
#1618 = CIRCLE ( 'NONE', #212, 0.05896628204761467790 ) ;
#1619 = ORIENTED_EDGE ( 'NONE', *, *, #968, .T. ) ;
#1620 = CARTESIAN_POINT ( 'NONE',  ( 0.7940143159361113812, 1.175253489982013289, 0.5815143159361118030 ) ) ;
#1621 = VECTOR ( 'NONE', #844, 1000.000000000000000 ) ;
#1622 = CARTESIAN_POINT ( 'NONE',  ( 0.8039216258444111807, 1.100000000000000089, 0.000000000000000000 ) ) ;
#1623 = VERTEX_POINT ( 'NONE', #688 ) ;
#1624 = LINE ( 'NONE', #588, #286 ) ;
#1625 = DIRECTION ( 'NONE',  ( 9.166068039340953870E-17, 0.000000000000000000, 1.000000000000000000 ) ) ;
#1626 = ADVANCED_FACE ( 'NONE', ( #762 ), #10, .F. ) ;
#1627 = ORIENTED_EDGE ( 'NONE', *, *, #666, .T. ) ;
#1628 = DIRECTION ( 'NONE',  ( 9.166068039340953870E-17, 0.000000000000000000, 1.000000000000000000 ) ) ;
#1629 = EDGE_CURVE ( 'NONE', #63, #1412, #514, .T. ) ;
#1630 = CARTESIAN_POINT ( 'NONE',  ( 0.8499999999999997558, 0.7499999999999914513, 0.6375000000000001776 ) ) ;
#1631 = ORIENTED_EDGE ( 'NONE', *, *, #635, .F. ) ;
#1632 = CARTESIAN_POINT ( 'NONE',  ( -1.092034594867732133, 0.6749999999999916067, 0.1749999999999999889 ) ) ;
#1633 = CARTESIAN_POINT ( 'NONE',  ( -0.5250000000000000222, 1.000000000000000000, 0.5914216258444118246 ) ) ;
#1634 = VERTEX_POINT ( 'NONE', #123 ) ;
#1635 = CARTESIAN_POINT ( 'NONE',  ( -1.108266234803484407, 0.1839662820476147265, 0.1749999999999999889 ) ) ;
#1636 = VECTOR ( 'NONE', #973, 1000.000000000000000 ) ;
#1637 = EDGE_CURVE ( 'NONE', #538, #151, #631, .T. ) ;
#1638 = DIRECTION ( 'NONE',  ( 0.9914448613738109373, 0.1305261922200483538, -0.000000000000000000 ) ) ;
#1639 = AXIS2_PLACEMENT_3D ( 'NONE', #154, #1441, #1551 ) ;
ENDSEC;
END-ISO-10303-21;
